transaction_id,account_id,timestamp,asset,amount,amount_usd,transaction_type,source_wallet,destination_wallet,device_id,ip_country,account_age_days,ground_truth_label,anomaly_type
TX-0000933,ACC-00032,2025-01-01T06:00:00+00:00,ETH,0.11117594,333.53,trade,WALLET-ACC-00032,EXTERNAL-OUT,DEV-00032-A,JP,289,0,normal
TX-0000481,ACC-00017,2025-01-01T06:15:00+00:00,BTC,0.01006037,603.62,withdrawal,WALLET-ACC-00017,CP-ACC-00017-01,DEV-00017-A,JP,666,0,normal
TX-0000542,ACC-00019,2025-01-01T06:28:00+00:00,BTC,0.00549002,329.4,deposit,CP-ACC-00019-04,WALLET-ACC-00019,DEV-00019-A,US,1280,0,normal
TX-0000091,ACC-00004,2025-01-01T07:03:00+00:00,BTC,0.01045525,627.31,transfer_in,CP-ACC-00004-03,WALLET-ACC-00004,DEV-00004-A,US,1214,0,normal
TX-0000781,ACC-00027,2025-01-01T07:20:00+00:00,ETH,0.30475054,914.25,trade,WALLET-ACC-00027,EXTERNAL-OUT,DEV-00027-A,JP,1200,0,normal
TX-0000571,ACC-00020,2025-01-01T08:03:00+00:00,ETH,0.08751068,262.53,transfer_in,CP-ACC-00020-01,WALLET-ACC-00020,DEV-00020-A,DE,504,0,normal
TX-0000452,ACC-00016,2025-01-01T08:30:00+00:00,ETH,0.1884789,565.44,trade,WALLET-ACC-00016,EXTERNAL-OUT,DEV-00016-A,TW,694,0,normal
TX-0000901,ACC-00031,2025-01-01T09:07:00+00:00,USDT,550.64408086,550.64,transfer_out,WALLET-ACC-00031,CP-ACC-00031-02,DEV-00031-A,TW,332,0,normal
TX-0000931,ACC-00032,2025-01-01T09:13:00+00:00,USDT,402.91421731,402.91,deposit,CP-ACC-00032-05,WALLET-ACC-00032,DEV-00032-A,JP,289,0,normal
TX-0000151,ACC-00006,2025-01-01T09:27:00+00:00,USDT,1620.98676778,1620.99,deposit,CP-ACC-00006-05,WALLET-ACC-00006,DEV-00006-B,TW,712,0,normal
TX-0000541,ACC-00019,2025-01-01T10:24:00+00:00,ETH,0.11186593,335.6,transfer_out,WALLET-ACC-00019,CP-ACC-00019-05,DEV-00019-A,US,1280,0,normal
TX-0001261,ACC-00043,2025-01-01T11:01:00+00:00,USDC,977.38903817,977.39,transfer_in,CP-ACC-00043-01,WALLET-ACC-00043,DEV-00043-B,SG,1396,0,normal
TX-0001741,ACC-00059,2025-01-01T11:55:00+00:00,ETH,0.09275662,278.27,trade,WALLET-ACC-00059,EXTERNAL-OUT,DEV-00059-A,US,1088,0,normal
TX-0001471,ACC-00050,2025-01-01T12:45:00+00:00,BTC,0.00514074,308.44,trade,WALLET-ACC-00050,EXTERNAL-OUT,DEV-00050-A,DE,284,0,normal
TX-0000631,ACC-00022,2025-01-01T12:46:00+00:00,ETH,0.15100417,453.01,deposit,CP-ACC-00022-04,WALLET-ACC-00022,DEV-00022-A,JP,468,0,normal
TX-0001051,ACC-00036,2025-01-01T13:50:00+00:00,USDC,459.87795423,459.88,deposit,CP-ACC-00036-01,WALLET-ACC-00036,DEV-00036-A,TW,1534,0,normal
TX-0001201,ACC-00041,2025-01-01T13:57:00+00:00,USDT,257.53378216,257.53,transfer_out,WALLET-ACC-00041,CP-ACC-00041-03,DEV-00041-A,TW,556,0,normal
TX-0001231,ACC-00042,2025-01-01T14:29:00+00:00,USDT,730.83850848,730.84,withdrawal,WALLET-ACC-00042,CP-ACC-00042-01,DEV-00042-B,JP,870,0,normal
TX-0000932,ACC-00032,2025-01-01T14:39:00+00:00,ETH,0.07733892,232.02,withdrawal,WALLET-ACC-00032,CP-ACC-00032-01,DEV-00032-A,JP,289,0,normal
TX-0001442,ACC-00049,2025-01-01T14:58:00+00:00,ETH,0.3008253,902.48,trade,WALLET-ACC-00049,EXTERNAL-OUT,DEV-00049-A,US,385,0,normal
TX-0000451,ACC-00016,2025-01-01T15:17:00+00:00,BTC,0.0072142,432.85,transfer_in,CP-ACC-00016-04,WALLET-ACC-00016,DEV-00016-A,TW,694,0,normal
TX-0001621,ACC-00055,2025-01-01T15:21:00+00:00,USDT,213.39381348,213.39,transfer_out,WALLET-ACC-00055,CP-ACC-00055-02,DEV-00055-B,DE,1372,0,normal
TX-0000602,ACC-00021,2025-01-01T15:48:00+00:00,USDT,395.36466669,395.36,transfer_out,WALLET-ACC-00021,CP-ACC-00021-05,DEV-00021-A,TW,949,0,normal
TX-0000361,ACC-00013,2025-01-01T16:15:00+00:00,USDT,577.91893312,577.92,trade,WALLET-ACC-00013,EXTERNAL-OUT,DEV-00013-A,SG,472,0,normal
TX-0000991,ACC-00034,2025-01-01T17:18:00+00:00,ETH,0.10795793,323.87,deposit,CP-ACC-00034-03,WALLET-ACC-00034,DEV-00034-B,US,1007,0,normal
TX-0001441,ACC-00049,2025-01-01T17:42:00+00:00,USDC,532.94556901,532.95,deposit,CP-ACC-00049-01,WALLET-ACC-00049,DEV-00049-A,US,385,0,normal
TX-0001321,ACC-00045,2025-01-01T18:26:00+00:00,USDT,284.75155567,284.75,trade,WALLET-ACC-00045,EXTERNAL-OUT,DEV-00045-A,DE,348,0,normal
TX-0000601,ACC-00021,2025-01-01T18:27:00+00:00,BTC,0.02147525,1288.51,deposit,CP-ACC-00021-04,WALLET-ACC-00021,DEV-00021-A,TW,949,0,normal
TX-0001591,ACC-00054,2025-01-01T19:08:00+00:00,ETH,0.28433789,853.01,trade,WALLET-ACC-00054,EXTERNAL-OUT,DEV-00054-A,US,234,0,normal
TX-0001381,ACC-00047,2025-01-01T20:12:00+00:00,USDT,671.10130229,671.1,transfer_out,WALLET-ACC-00047,CP-ACC-00047-03,DEV-00047-A,JP,694,0,normal
TX-0000632,ACC-00022,2025-01-01T20:23:00+00:00,USDT,1530.74001037,1530.74,transfer_out,WALLET-ACC-00022,CP-ACC-00022-05,DEV-00022-A,JP,468,0,normal
TX-0000181,ACC-00007,2025-01-01T20:37:00+00:00,USDT,1008.88314826,1008.88,deposit,CP-ACC-00007-02,WALLET-ACC-00007,DEV-00007-A,JP,1304,0,normal
TX-0000032,ACC-00002,2025-01-02T06:16:00+00:00,USDT,899.89982663,899.9,withdrawal,WALLET-ACC-00002,CP-ACC-00002-03,DEV-00002-A,JP,980,0,normal
TX-0001141,ACC-00039,2025-01-02T06:20:00+00:00,ETH,0.17400058,522.0,trade,WALLET-ACC-00039,EXTERNAL-OUT,DEV-00039-A,US,332,0,normal
TX-0000121,ACC-00005,2025-01-02T06:22:00+00:00,BTC,0.01267483,760.49,withdrawal,WALLET-ACC-00005,CP-ACC-00005-04,DEV-00005-A,DE,1075,0,normal
TX-0001622,ACC-00055,2025-01-02T07:03:00+00:00,USDT,88.23877531,88.24,withdrawal,WALLET-ACC-00055,CP-ACC-00055-04,DEV-00055-A,DE,1372,0,normal
TX-0001081,ACC-00037,2025-01-02T09:22:00+00:00,USDT,734.16544189,734.17,transfer_out,WALLET-ACC-00037,CP-ACC-00037-01,DEV-00037-A,JP,817,0,normal
TX-0000271,ACC-00010,2025-01-02T09:30:00+00:00,USDC,929.74253302,929.74,trade,WALLET-ACC-00010,EXTERNAL-OUT,DEV-00010-A,DE,1007,0,normal
TX-0000362,ACC-00013,2025-01-02T10:17:00+00:00,USDC,235.91279396,235.91,transfer_in,CP-ACC-00013-03,WALLET-ACC-00013,DEV-00013-A,SG,472,0,normal
TX-0001021,ACC-00035,2025-01-02T11:50:00+00:00,USDT,691.05343329,691.05,withdrawal,WALLET-ACC-00035,CP-ACC-00035-01,DEV-00035-A,DE,674,0,normal
TX-0000241,ACC-00009,2025-01-02T12:24:00+00:00,BTC,0.04222362,2533.42,withdrawal,WALLET-ACC-00009,CP-ACC-00009-03,DEV-00009-A,US,1004,0,normal
TX-0000363,ACC-00013,2025-01-02T12:24:00+00:00,BTC,0.01249881,749.93,trade,WALLET-ACC-00013,EXTERNAL-OUT,DEV-00013-A,SG,472,0,normal
TX-0000961,ACC-00033,2025-01-02T13:06:00+00:00,USDC,447.21115878,447.21,withdrawal,WALLET-ACC-00033,CP-ACC-00033-06,DEV-00033-A,SG,273,0,normal
TX-0000031,ACC-00002,2025-01-02T13:45:00+00:00,USDT,251.16595965,251.17,transfer_in,CP-ACC-00002-04,WALLET-ACC-00002,DEV-00002-A,JP,980,0,normal
TX-0000902,ACC-00031,2025-01-02T14:04:00+00:00,USDT,509.11054725,509.11,transfer_in,CP-ACC-00031-06,WALLET-ACC-00031,DEV-00031-A,TW,332,0,normal
TX-0000543,ACC-00019,2025-01-02T14:24:00+00:00,USDT,1219.24756257,1219.25,deposit,CP-ACC-00019-04,WALLET-ACC-00019,DEV-00019-A,US,1280,0,normal
TX-0001291,ACC-00044,2025-01-02T15:37:00+00:00,USDT,305.00968631,305.01,trade,WALLET-ACC-00044,EXTERNAL-OUT,DEV-00044-A,US,664,0,normal
TX-0000661,ACC-00023,2025-01-02T15:45:00+00:00,USDT,1252.59514232,1252.6,withdrawal,WALLET-ACC-00023,CP-ACC-00023-03,DEV-00023-A,SG,626,0,normal
TX-0000841,ACC-00029,2025-01-02T16:25:00+00:00,USDT,630.36129614,630.36,trade,WALLET-ACC-00029,EXTERNAL-OUT,DEV-00029-B,US,901,0,normal
TX-0000272,ACC-00010,2025-01-02T16:47:00+00:00,USDT,213.56820441,213.57,transfer_out,WALLET-ACC-00010,CP-ACC-00010-01,DEV-00010-A,DE,1007,0,normal
TX-0000331,ACC-00012,2025-01-02T16:48:00+00:00,USDT,1419.72087487,1419.72,deposit,CP-ACC-00012-06,WALLET-ACC-00012,DEV-00012-A,JP,546,0,normal
TX-0001382,ACC-00047,2025-01-02T17:02:00+00:00,ETH,0.29145951,874.38,trade,WALLET-ACC-00047,EXTERNAL-OUT,DEV-00047-A,JP,694,0,normal
TX-0001711,ACC-00058,2025-01-02T19:48:00+00:00,USDT,617.730059,617.73,transfer_out,WALLET-ACC-00058,CP-ACC-00058-06,DEV-00058-A,SG,1407,0,normal
TX-0001383,ACC-00047,2025-01-02T20:42:00+00:00,USDT,765.18391215,765.18,deposit,CP-ACC-00047-04,WALLET-ACC-00047,DEV-00047-A,JP,694,0,normal
TX-0000752,ACC-00026,2025-01-03T07:19:00+00:00,USDT,1110.79719229,1110.8,trade,WALLET-ACC-00026,EXTERNAL-OUT,DEV-00026-B,TW,722,0,normal
TX-0000633,ACC-00022,2025-01-03T07:35:00+00:00,ETH,0.25992677,779.78,transfer_in,CP-ACC-00022-01,WALLET-ACC-00022,DEV-00022-A,JP,468,0,normal
TX-0000364,ACC-00013,2025-01-03T07:36:00+00:00,USDC,653.20079001,653.2,withdrawal,WALLET-ACC-00013,CP-ACC-00013-04,DEV-00013-A,SG,472,0,normal
TX-0001111,ACC-00038,2025-01-03T08:09:00+00:00,USDC,1123.1882317,1123.19,trade,WALLET-ACC-00038,EXTERNAL-OUT,DEV-00038-A,SG,1556,0,normal
TX-0000962,ACC-00033,2025-01-03T08:22:00+00:00,ETH,0.14898674,446.96,deposit,CP-ACC-00033-02,WALLET-ACC-00033,DEV-00033-A,SG,273,0,normal
TX-0000722,ACC-00025,2025-01-03T09:19:00+00:00,USDC,445.93581875,445.94,transfer_in,CP-ACC-00025-01,WALLET-ACC-00025,DEV-00025-A,DE,1337,0,normal
TX-0000092,ACC-00004,2025-01-03T09:21:00+00:00,USDT,881.99222977,881.99,transfer_in,CP-ACC-00004-02,WALLET-ACC-00004,DEV-00004-A,US,1214,0,normal
TX-0001292,ACC-00044,2025-01-03T09:46:00+00:00,USDT,268.77840697,268.78,trade,WALLET-ACC-00044,EXTERNAL-OUT,DEV-00044-A,US,664,0,normal
TX-0001171,ACC-00040,2025-01-03T10:10:00+00:00,BTC,0.00768917,461.35,trade,WALLET-ACC-00040,EXTERNAL-OUT,DEV-00040-A,DE,701,0,normal
TX-0000572,ACC-00020,2025-01-03T10:28:00+00:00,USDT,215.41434912,215.41,transfer_out,WALLET-ACC-00020,CP-ACC-00020-04,DEV-00020-B,DE,504,0,normal
TX-0000302,ACC-00011,2025-01-03T10:30:00+00:00,BTC,0.01460923,876.55,transfer_out,WALLET-ACC-00011,CP-ACC-00011-04,DEV-00011-A,TW,1007,0,normal
TX-0001501,ACC-00051,2025-01-03T10:41:00+00:00,USDT,823.93676095,823.94,trade,WALLET-ACC-00051,EXTERNAL-OUT,DEV-00051-A,TW,1185,0,normal
TX-0000634,ACC-00022,2025-01-03T10:44:00+00:00,USDC,966.19187501,966.19,trade,WALLET-ACC-00022,EXTERNAL-OUT,DEV-00022-A,JP,468,0,normal
TX-0000721,ACC-00025,2025-01-03T11:17:00+00:00,ETH,0.10299833,308.99,transfer_out,WALLET-ACC-00025,CP-ACC-00025-02,DEV-00025-A,DE,1337,0,normal
TX-0001712,ACC-00058,2025-01-03T12:15:00+00:00,USDT,942.9562718,942.96,withdrawal,WALLET-ACC-00058,CP-ACC-00058-04,DEV-00058-A,SG,1407,0,normal
TX-0001082,ACC-00037,2025-01-03T13:25:00+00:00,ETH,0.26090607,782.72,transfer_in,CP-ACC-00037-01,WALLET-ACC-00037,DEV-00037-A,JP,817,0,normal
TX-0000692,ACC-00024,2025-01-03T13:29:00+00:00,USDT,368.70984989,368.71,transfer_in,CP-ACC-00024-04,WALLET-ACC-00024,DEV-00024-A,US,831,0,normal
TX-0001052,ACC-00036,2025-01-03T14:05:00+00:00,ETH,0.16544374,496.33,trade,WALLET-ACC-00036,EXTERNAL-OUT,DEV-00036-A,TW,1534,0,normal
TX-0001472,ACC-00050,2025-01-03T14:30:00+00:00,USDT,727.0935251,727.09,withdrawal,WALLET-ACC-00050,CP-ACC-00050-06,DEV-00050-A,DE,284,0,normal
TX-0000242,ACC-00009,2025-01-03T14:42:00+00:00,USDT,265.42571897,265.43,transfer_out,WALLET-ACC-00009,CP-ACC-00009-01,DEV-00009-A,US,1004,0,normal
TX-0000301,ACC-00011,2025-01-03T14:59:00+00:00,USDT,893.48743522,893.49,trade,WALLET-ACC-00011,EXTERNAL-OUT,DEV-00011-A,TW,1007,0,normal
TX-0000751,ACC-00026,2025-01-03T15:24:00+00:00,USDC,364.73448357,364.73,trade,WALLET-ACC-00026,EXTERNAL-OUT,DEV-00026-A,TW,722,0,normal
TX-0000365,ACC-00013,2025-01-03T15:29:00+00:00,ETH,0.14273014,428.19,transfer_in,CP-ACC-00013-04,WALLET-ACC-00013,DEV-00013-A,SG,472,0,normal
TX-0000511,ACC-00018,2025-01-03T15:32:00+00:00,BTC,0.00896799,538.08,deposit,CP-ACC-00018-02,WALLET-ACC-00018,DEV-00018-A,SG,1040,0,normal
TX-0001202,ACC-00041,2025-01-03T15:36:00+00:00,USDT,309.2860389,309.29,trade,WALLET-ACC-00041,EXTERNAL-OUT,DEV-00041-A,TW,556,0,normal
TX-0001411,ACC-00048,2025-01-03T15:39:00+00:00,USDT,500.12141043,500.12,trade,WALLET-ACC-00048,EXTERNAL-OUT,DEV-00048-A,SG,1172,0,normal
TX-0000061,ACC-00003,2025-01-03T15:48:00+00:00,USDT,1598.48761122,1598.49,withdrawal,WALLET-ACC-00003,CP-ACC-00003-02,DEV-00003-A,SG,1110,0,normal
TX-0000662,ACC-00023,2025-01-03T16:08:00+00:00,USDT,672.36190298,672.36,withdrawal,WALLET-ACC-00023,CP-ACC-00023-05,DEV-00023-B,SG,626,0,normal
TX-0000603,ACC-00021,2025-01-03T16:28:00+00:00,BTC,0.04004524,2402.71,withdrawal,WALLET-ACC-00021,CP-ACC-00021-03,DEV-00021-A,TW,949,0,normal
TX-0000182,ACC-00007,2025-01-03T17:29:00+00:00,ETH,0.29074211,872.23,trade,WALLET-ACC-00007,EXTERNAL-OUT,DEV-00007-A,JP,1304,0,normal
TX-0000811,ACC-00028,2025-01-03T18:21:00+00:00,USDT,1093.42301839,1093.42,transfer_out,WALLET-ACC-00028,CP-ACC-00028-01,DEV-00028-B,SG,1285,0,normal
TX-0000273,ACC-00010,2025-01-03T18:30:00+00:00,USDT,428.55698287,428.56,deposit,CP-ACC-00010-01,WALLET-ACC-00010,DEV-00010-A,DE,1007,0,normal
TX-0000062,ACC-00003,2025-01-03T18:38:00+00:00,USDT,1019.34611592,1019.35,transfer_out,WALLET-ACC-00003,CP-ACC-00003-01,DEV-00003-A,SG,1110,0,normal
TX-0001384,ACC-00047,2025-01-03T19:57:00+00:00,USDT,2112.01070136,2112.01,withdrawal,WALLET-ACC-00047,CP-ACC-00047-04,DEV-00047-A,JP,694,0,normal
TX-0001172,ACC-00040,2025-01-03T20:28:00+00:00,ETH,0.18716237,561.49,trade,WALLET-ACC-00040,EXTERNAL-OUT,DEV-00040-A,DE,701,0,normal
TX-0000871,ACC-00030,2025-01-03T21:03:00+00:00,USDT,584.40538568,584.41,deposit,CP-ACC-00030-04,WALLET-ACC-00030,DEV-00030-A,DE,801,0,normal
TX-0001531,ACC-00052,2025-01-03T21:08:00+00:00,ETH,0.14804872,444.15,withdrawal,WALLET-ACC-00052,CP-ACC-00052-03,DEV-00052-A,JP,523,0,normal
TX-0000691,ACC-00024,2025-01-03T21:19:00+00:00,USDT,258.07352964,258.07,trade,WALLET-ACC-00024,EXTERNAL-OUT,DEV-00024-A,US,831,0,normal
TX-0001651,ACC-00056,2025-01-04T06:11:00+00:00,USDC,152.80803907,152.81,transfer_in,CP-ACC-00056-05,WALLET-ACC-00056,DEV-00056-A,TW,890,0,normal
TX-0000723,ACC-00025,2025-01-04T06:39:00+00:00,BTC,0.01592916,955.75,withdrawal,WALLET-ACC-00025,CP-ACC-00025-03,DEV-00025-B,DE,1337,0,normal
TX-0001386,ACC-00047,2025-01-04T06:41:00+00:00,BTC,0.01515638,909.38,deposit,CP-ACC-00047-02,WALLET-ACC-00047,DEV-00047-A,JP,694,0,normal
TX-0000332,ACC-00012,2025-01-04T07:26:00+00:00,USDT,689.87887745,689.88,deposit,CP-ACC-00012-01,WALLET-ACC-00012,DEV-00012-A,JP,546,0,normal
TX-0000724,ACC-00025,2025-01-04T08:19:00+00:00,USDC,770.51770345,770.52,withdrawal,WALLET-ACC-00025,CP-ACC-00025-04,DEV-00025-A,DE,1337,0,normal
TX-0001473,ACC-00050,2025-01-04T08:22:00+00:00,ETH,0.28174034,845.22,trade,WALLET-ACC-00050,EXTERNAL-OUT,DEV-00050-B,DE,284,0,normal
TX-0000244,ACC-00009,2025-01-04T09:08:00+00:00,ETH,0.28705316,861.16,trade,WALLET-ACC-00009,EXTERNAL-OUT,DEV-00009-A,US,1004,0,normal
TX-0001388,ACC-00047,2025-01-04T09:55:00+00:00,USDT,1069.76035862,1069.76,deposit,CP-ACC-00047-01,WALLET-ACC-00047,DEV-00047-A,JP,694,0,normal
TX-0000842,ACC-00029,2025-01-04T10:41:00+00:00,ETH,0.18742342,562.27,transfer_out,WALLET-ACC-00029,CP-ACC-00029-06,DEV-00029-A,US,901,0,normal
TX-0000573,ACC-00020,2025-01-04T11:28:00+00:00,ETH,0.10483403,314.5,trade,WALLET-ACC-00020,EXTERNAL-OUT,DEV-00020-A,DE,504,0,normal
TX-0001713,ACC-00058,2025-01-04T11:32:00+00:00,USDC,941.32057453,941.32,trade,WALLET-ACC-00058,EXTERNAL-OUT,DEV-00058-A,SG,1407,0,normal
TX-0001385,ACC-00047,2025-01-04T11:33:00+00:00,BTC,0.01531372,918.82,transfer_in,CP-ACC-00047-03,WALLET-ACC-00047,DEV-00047-A,JP,694,0,normal
TX-0001351,ACC-00046,2025-01-04T11:34:00+00:00,USDC,674.97163473,674.97,transfer_out,WALLET-ACC-00046,CP-ACC-00046-06,DEV-00046-A,TW,738,0,normal
TX-0000001,ACC-00001,2025-01-04T11:46:00+00:00,ETH,0.11187001,335.61,transfer_in,CP-ACC-00001-05,WALLET-ACC-00001,DEV-00001-A,TW,252,0,normal
TX-0001561,ACC-00053,2025-01-04T11:57:00+00:00,BTC,0.0025641,153.85,trade,WALLET-ACC-00053,EXTERNAL-OUT,DEV-00053-A,SG,1239,0,normal
TX-0000663,ACC-00023,2025-01-04T12:20:00+00:00,USDT,744.83630638,744.84,transfer_out,WALLET-ACC-00023,CP-ACC-00023-03,DEV-00023-A,SG,626,0,normal
TX-0000482,ACC-00017,2025-01-04T12:52:00+00:00,ETH,0.20984759,629.54,trade,WALLET-ACC-00017,EXTERNAL-OUT,DEV-00017-A,JP,666,0,normal
TX-0000093,ACC-00004,2025-01-04T12:53:00+00:00,ETH,0.25009196,750.28,transfer_out,WALLET-ACC-00004,CP-ACC-00004-06,DEV-00004-A,US,1214,0,normal
TX-0001023,ACC-00035,2025-01-04T13:09:00+00:00,USDT,720.89011743,720.89,trade,WALLET-ACC-00035,EXTERNAL-OUT,DEV-00035-B,DE,674,0,normal
TX-0001652,ACC-00056,2025-01-04T13:11:00+00:00,ETH,0.07065552,211.97,deposit,CP-ACC-00056-06,WALLET-ACC-00056,DEV-00056-A,TW,890,0,normal
TX-0000512,ACC-00018,2025-01-04T13:32:00+00:00,USDC,152.72773537,152.73,trade,WALLET-ACC-00018,EXTERNAL-OUT,DEV-00018-A,SG,1040,0,normal
TX-0000063,ACC-00003,2025-01-04T14:07:00+00:00,USDT,915.79002528,915.79,withdrawal,WALLET-ACC-00003,CP-ACC-00003-03,DEV-00003-A,SG,1110,0,normal
TX-0001387,ACC-00047,2025-01-04T14:36:00+00:00,USDT,831.26028878,831.26,deposit,CP-ACC-00047-03,WALLET-ACC-00047,DEV-00047-B,JP,694,0,normal
TX-0001262,ACC-00043,2025-01-04T15:17:00+00:00,USDT,609.66459646,609.66,trade,WALLET-ACC-00043,EXTERNAL-OUT,DEV-00043-A,SG,1396,0,normal
TX-0001022,ACC-00035,2025-01-04T15:23:00+00:00,USDT,1068.9453902,1068.95,trade,WALLET-ACC-00035,EXTERNAL-OUT,DEV-00035-B,DE,674,0,normal
TX-0000575,ACC-00020,2025-01-04T15:26:00+00:00,BTC,0.01032337,619.4,trade,WALLET-ACC-00020,EXTERNAL-OUT,DEV-00020-A,DE,504,0,normal
TX-0000693,ACC-00024,2025-01-04T16:23:00+00:00,USDC,270.43090133,270.43,transfer_out,WALLET-ACC-00024,CP-ACC-00024-06,DEV-00024-A,US,831,0,normal
TX-0000694,ACC-00024,2025-01-04T17:02:00+00:00,USDT,272.82747946,272.83,trade,WALLET-ACC-00024,EXTERNAL-OUT,DEV-00024-A,US,831,0,normal
TX-0000574,ACC-00020,2025-01-04T17:12:00+00:00,USDC,1036.46993533,1036.47,trade,WALLET-ACC-00020,EXTERNAL-OUT,DEV-00020-A,DE,504,0,normal
TX-0000333,ACC-00012,2025-01-04T17:20:00+00:00,USDT,1051.25019983,1051.25,transfer_out,WALLET-ACC-00012,CP-ACC-00012-05,DEV-00012-A,JP,546,0,normal
TX-0000183,ACC-00007,2025-01-04T17:22:00+00:00,USDT,919.18116317,919.18,deposit,CP-ACC-00007-02,WALLET-ACC-00007,DEV-00007-A,JP,1304,0,normal
TX-0001742,ACC-00059,2025-01-04T17:22:00+00:00,USDT,239.9512065,239.95,trade,WALLET-ACC-00059,EXTERNAL-OUT,DEV-00059-A,US,1088,0,normal
TX-0001024,ACC-00035,2025-01-04T17:34:00+00:00,USDC,1032.44695002,1032.45,withdrawal,WALLET-ACC-00035,CP-ACC-00035-04,DEV-00035-A,DE,674,0,normal
TX-0001623,ACC-00055,2025-01-04T17:47:00+00:00,USDT,138.33000104,138.33,deposit,CP-ACC-00055-04,WALLET-ACC-00055,DEV-00055-A,DE,1372,0,normal
TX-0001412,ACC-00048,2025-01-04T17:57:00+00:00,ETH,0.04931289,147.94,trade,WALLET-ACC-00048,EXTERNAL-OUT,DEV-00048-A,SG,1172,0,normal
TX-0001562,ACC-00053,2025-01-04T18:27:00+00:00,USDT,835.71644414,835.72,transfer_in,CP-ACC-00053-05,WALLET-ACC-00053,DEV-00053-B,SG,1239,0,normal
TX-0000604,ACC-00021,2025-01-04T18:33:00+00:00,USDT,736.43321684,736.43,transfer_out,WALLET-ACC-00021,CP-ACC-00021-02,DEV-00021-A,TW,949,0,normal
TX-0000243,ACC-00009,2025-01-04T18:38:00+00:00,ETH,0.2496858,749.06,trade,WALLET-ACC-00009,EXTERNAL-OUT,DEV-00009-A,US,1004,0,normal
TX-0001142,ACC-00039,2025-01-04T18:41:00+00:00,USDC,159.54875917,159.55,trade,WALLET-ACC-00039,EXTERNAL-OUT,DEV-00039-A,US,332,0,normal
TX-0000274,ACC-00010,2025-01-04T18:43:00+00:00,USDT,488.74614527,488.75,trade,WALLET-ACC-00010,EXTERNAL-OUT,DEV-00010-A,DE,1007,0,normal
TX-0000872,ACC-00030,2025-01-04T18:55:00+00:00,USDT,282.41363474,282.41,deposit,CP-ACC-00030-01,WALLET-ACC-00030,DEV-00030-A,DE,801,0,normal
TX-0001532,ACC-00052,2025-01-04T19:12:00+00:00,USDT,1157.74428948,1157.74,withdrawal,WALLET-ACC-00052,CP-ACC-00052-05,DEV-00052-B,JP,523,0,normal
TX-0000963,ACC-00033,2025-01-04T19:19:00+00:00,USDC,1297.0870721,1297.09,withdrawal,WALLET-ACC-00033,CP-ACC-00033-01,DEV-00033-B,SG,273,0,normal
TX-0000812,ACC-00028,2025-01-04T20:51:00+00:00,ETH,0.10601266,318.04,trade,WALLET-ACC-00028,EXTERNAL-OUT,DEV-00028-A,SG,1285,0,normal
TX-0000391,ACC-00014,2025-01-04T21:00:00+00:00,BTC,0.00988891,593.33,transfer_out,WALLET-ACC-00014,CP-ACC-00014-03,DEV-00014-A,US,1364,0,normal
TX-0001653,ACC-00056,2025-01-04T21:01:00+00:00,USDT,141.33240582,141.33,transfer_out,WALLET-ACC-00056,CP-ACC-00056-01,DEV-00056-A,TW,890,0,normal
TX-0000696,ACC-00024,2025-01-05T06:04:00+00:00,BTC,0.01005383,603.23,deposit,CP-ACC-00024-03,WALLET-ACC-00024,DEV-00024-A,US,831,0,normal
TX-0000513,ACC-00018,2025-01-05T08:15:00+00:00,ETH,0.33941897,1018.26,deposit,CP-ACC-00018-03,WALLET-ACC-00018,DEV-00018-A,SG,1040,0,normal
TX-0000636,ACC-00022,2025-01-05T08:36:00+00:00,BTC,0.0067691,406.15,transfer_out,WALLET-ACC-00022,CP-ACC-00022-04,DEV-00022-A,JP,468,0,normal
TX-0000695,ACC-00024,2025-01-05T08:37:00+00:00,ETH,0.06705301,201.16,withdrawal,WALLET-ACC-00024,CP-ACC-00024-02,DEV-00024-A,US,831,0,normal
TX-0000002,ACC-00001,2025-01-05T10:28:00+00:00,USDC,677.79528083,677.8,transfer_in,CP-ACC-00001-01,WALLET-ACC-00001,DEV-00001-A,TW,252,0,normal
TX-0000782,ACC-00027,2025-01-05T11:09:00+00:00,BTC,0.0126268,757.61,deposit,CP-ACC-00027-03,WALLET-ACC-00027,DEV-00027-A,JP,1200,0,normal
TX-0001444,ACC-00049,2025-01-05T11:14:00+00:00,ETH,0.24970583,749.12,transfer_in,CP-ACC-00049-04,WALLET-ACC-00049,DEV-00049-A,US,385,0,normal
TX-0000453,ACC-00016,2025-01-05T11:39:00+00:00,ETH,0.12687852,380.64,trade,WALLET-ACC-00016,EXTERNAL-OUT,DEV-00016-B,TW,694,0,normal
TX-0000483,ACC-00017,2025-01-05T11:41:00+00:00,USDC,542.14341088,542.14,deposit,CP-ACC-00017-02,WALLET-ACC-00017,DEV-00017-A,JP,666,0,normal
TX-0001389,ACC-00047,2025-01-05T11:55:00+00:00,ETH,0.35261743,1057.85,trade,WALLET-ACC-00047,EXTERNAL-OUT,DEV-00047-A,JP,694,0,normal
TX-0000422,ACC-00015,2025-01-05T12:14:00+00:00,USDT,184.25733717,184.26,transfer_in,CP-ACC-00015-03,WALLET-ACC-00015,DEV-00015-A,DE,1220,0,normal
TX-0000665,ACC-00023,2025-01-05T13:02:00+00:00,ETH,0.24471288,734.14,withdrawal,WALLET-ACC-00023,CP-ACC-00023-03,DEV-00023-A,SG,626,0,normal
TX-0000605,ACC-00021,2025-01-05T13:15:00+00:00,USDT,1684.18192211,1684.18,trade,WALLET-ACC-00021,EXTERNAL-OUT,DEV-00021-A,TW,949,0,normal
TX-0000334,ACC-00012,2025-01-05T13:18:00+00:00,ETH,0.14672047,440.16,withdrawal,WALLET-ACC-00012,CP-ACC-00012-04,DEV-00012-A,JP,546,0,normal
TX-0001173,ACC-00040,2025-01-05T13:18:00+00:00,BTC,0.00500844,300.51,deposit,CP-ACC-00040-04,WALLET-ACC-00040,DEV-00040-A,DE,701,0,normal
TX-0001443,ACC-00049,2025-01-05T13:24:00+00:00,USDC,449.95842071,449.96,trade,WALLET-ACC-00049,EXTERNAL-OUT,DEV-00049-B,US,385,0,normal
TX-0001112,ACC-00038,2025-01-05T13:32:00+00:00,USDT,1178.25109693,1178.25,transfer_in,CP-ACC-00038-01,WALLET-ACC-00038,DEV-00038-A,SG,1556,0,normal
TX-0000813,ACC-00028,2025-01-05T14:58:00+00:00,USDC,415.64419617,415.64,transfer_in,CP-ACC-00028-05,WALLET-ACC-00028,DEV-00028-A,SG,1285,0,normal
TX-0000421,ACC-00015,2025-01-05T15:05:00+00:00,BTC,0.01455899,873.54,trade,WALLET-ACC-00015,EXTERNAL-OUT,DEV-00015-A,DE,1220,0,normal
TX-0000753,ACC-00026,2025-01-05T15:47:00+00:00,USDT,380.7811573,380.78,trade,WALLET-ACC-00026,EXTERNAL-OUT,DEV-00026-A,TW,722,0,normal
TX-0000544,ACC-00019,2025-01-05T16:54:00+00:00,BTC,0.00425301,255.18,trade,WALLET-ACC-00019,EXTERNAL-OUT,DEV-00019-A,US,1280,0,normal
TX-0000635,ACC-00022,2025-01-05T17:02:00+00:00,USDT,595.83273322,595.83,withdrawal,WALLET-ACC-00022,CP-ACC-00022-05,DEV-00022-A,JP,468,0,normal
TX-0001352,ACC-00046,2025-01-05T17:14:00+00:00,BTC,0.01237235,742.34,withdrawal,WALLET-ACC-00046,CP-ACC-00046-05,DEV-00046-A,TW,738,0,normal
TX-0001263,ACC-00043,2025-01-05T17:31:00+00:00,USDT,448.87455595,448.87,trade,WALLET-ACC-00043,EXTERNAL-OUT,DEV-00043-A,SG,1396,0,normal
TX-0000545,ACC-00019,2025-01-05T17:50:00+00:00,USDT,506.25762625,506.26,deposit,CP-ACC-00019-05,WALLET-ACC-00019,DEV-00019-A,US,1280,0,normal
TX-0000606,ACC-00021,2025-01-05T20:23:00+00:00,BTC,0.01877974,1126.78,transfer_out,WALLET-ACC-00021,CP-ACC-00021-06,DEV-00021-A,TW,949,0,normal
TX-0000934,ACC-00032,2025-01-05T20:37:00+00:00,ETH,0.09568139,287.04,transfer_out,WALLET-ACC-00032,CP-ACC-00032-05,DEV-00032-A,JP,289,0,normal
TX-0000664,ACC-00023,2025-01-05T20:54:00+00:00,USDT,184.26835555,184.27,trade,WALLET-ACC-00023,EXTERNAL-OUT,DEV-00023-A,SG,626,0,normal
TX-0001771,ACC-00060,2025-01-05T21:19:00+00:00,USDT,807.52529988,807.53,transfer_out,WALLET-ACC-00060,CP-ACC-00060-05,DEV-00060-A,DE,498,0,normal
TX-0001714,ACC-00058,2025-01-05T21:59:00+00:00,BTC,0.00881671,529.0,deposit,CP-ACC-00058-03,WALLET-ACC-00058,DEV-00058-B,SG,1407,0,normal
TX-0000697,ACC-00024,2025-01-06T07:12:00+00:00,ETH,0.11069113,332.07,transfer_in,CP-ACC-00024-02,WALLET-ACC-00024,DEV-00024-B,US,831,0,normal
TX-0000094,ACC-00004,2025-01-06T07:33:00+00:00,USDT,953.61802732,953.62,transfer_out,WALLET-ACC-00004,CP-ACC-00004-02,DEV-00004-A,US,1214,0,normal
TX-0000667,ACC-00023,2025-01-06T09:06:00+00:00,USDT,826.06481519,826.06,transfer_in,CP-ACC-00023-02,WALLET-ACC-00023,DEV-00023-A,SG,626,0,normal
TX-0000639,ACC-00022,2025-01-06T09:28:00+00:00,ETH,0.27993315,839.8,trade,WALLET-ACC-00022,EXTERNAL-OUT,DEV-00022-A,JP,468,0,normal
TX-0000638,ACC-00022,2025-01-06T10:31:00+00:00,USDT,295.28060805,295.28,withdrawal,WALLET-ACC-00022,CP-ACC-00022-02,DEV-00022-A,JP,468,0,normal
TX-0000578,ACC-00020,2025-01-06T10:42:00+00:00,ETH,0.15996988,479.91,trade,WALLET-ACC-00020,EXTERNAL-OUT,DEV-00020-A,DE,504,0,normal
TX-0001322,ACC-00045,2025-01-06T10:47:00+00:00,USDT,832.55801078,832.56,trade,WALLET-ACC-00045,EXTERNAL-OUT,DEV-00045-A,DE,348,0,normal
TX-0000608,ACC-00021,2025-01-06T10:56:00+00:00,BTC,0.0284485,1706.91,trade,WALLET-ACC-00021,EXTERNAL-OUT,DEV-00021-B,TW,949,0,normal
TX-0001113,ACC-00038,2025-01-06T10:56:00+00:00,ETH,0.59281418,1778.44,withdrawal,WALLET-ACC-00038,CP-ACC-00038-04,DEV-00038-A,SG,1556,0,normal
TX-0001445,ACC-00049,2025-01-06T11:13:00+00:00,ETH,0.08958999,268.77,transfer_out,WALLET-ACC-00049,CP-ACC-00049-02,DEV-00049-A,US,385,0,normal
TX-0000698,ACC-00024,2025-01-06T11:34:00+00:00,USDC,290.57227156,290.57,withdrawal,WALLET-ACC-00024,CP-ACC-00024-04,DEV-00024-A,US,831,0,normal
TX-0000548,ACC-00019,2025-01-06T11:40:00+00:00,USDC,503.13224251,503.13,transfer_out,WALLET-ACC-00019,CP-ACC-00019-01,DEV-00019-A,US,1280,0,normal
TX-0000484,ACC-00017,2025-01-06T12:56:00+00:00,USDT,606.62913729,606.63,trade,WALLET-ACC-00017,EXTERNAL-OUT,DEV-00017-A,JP,666,0,normal
TX-0000609,ACC-00021,2025-01-06T13:01:00+00:00,BTC,0.01968679,1181.21,deposit,CP-ACC-00021-01,WALLET-ACC-00021,DEV-00021-A,TW,949,0,normal
TX-0000992,ACC-00034,2025-01-06T13:07:00+00:00,USDT,217.81817539,217.82,trade,WALLET-ACC-00034,EXTERNAL-OUT,DEV-00034-A,US,1007,0,normal
TX-0001353,ACC-00046,2025-01-06T13:08:00+00:00,USDT,1065.48089978,1065.48,deposit,CP-ACC-00046-04,WALLET-ACC-00046,DEV-00046-A,TW,738,0,normal
TX-0000814,ACC-00028,2025-01-06T13:10:00+00:00,USDT,704.06123756,704.06,transfer_out,WALLET-ACC-00028,CP-ACC-00028-01,DEV-00028-A,SG,1285,0,normal
TX-0001715,ACC-00058,2025-01-06T13:17:00+00:00,ETH,0.08602083,258.06,transfer_in,CP-ACC-00058-01,WALLET-ACC-00058,DEV-00058-A,SG,1407,0,normal
TX-0000640,ACC-00022,2025-01-06T13:31:00+00:00,USDC,1011.13813157,1011.14,trade,WALLET-ACC-00022,EXTERNAL-OUT,DEV-00022-A,JP,468,0,normal
TX-0001681,ACC-00057,2025-01-06T13:41:00+00:00,USDT,690.49653294,690.5,deposit,CP-ACC-00057-01,WALLET-ACC-00057,DEV-00057-A,JP,1579,0,normal
TX-0001174,ACC-00040,2025-01-06T13:43:00+00:00,USDT,571.98870693,571.99,transfer_out,WALLET-ACC-00040,CP-ACC-00040-05,DEV-00040-A,DE,701,0,normal
TX-0001143,ACC-00039,2025-01-06T13:49:00+00:00,BTC,0.0048733,292.4,transfer_out,WALLET-ACC-00039,CP-ACC-00039-02,DEV-00039-A,US,332,0,normal
TX-0000424,ACC-00015,2025-01-06T14:03:00+00:00,USDT,286.02618589,286.03,trade,WALLET-ACC-00015,EXTERNAL-OUT,DEV-00015-A,DE,1220,0,normal
TX-0000423,ACC-00015,2025-01-06T14:08:00+00:00,ETH,0.52421381,1572.64,transfer_out,WALLET-ACC-00015,CP-ACC-00015-03,DEV-00015-A,DE,1220,0,normal
TX-0000577,ACC-00020,2025-01-06T14:20:00+00:00,USDC,420.9890985,420.99,transfer_out,WALLET-ACC-00020,CP-ACC-00020-05,DEV-00020-A,DE,504,0,normal
TX-0001563,ACC-00053,2025-01-06T14:25:00+00:00,USDT,361.50691763,361.51,transfer_in,CP-ACC-00053-04,WALLET-ACC-00053,DEV-00053-A,SG,1239,0,normal
TX-0001743,ACC-00059,2025-01-06T14:31:00+00:00,ETH,0.15153227,454.6,deposit,CP-ACC-00059-04,WALLET-ACC-00059,DEV-00059-A,US,1088,0,normal
TX-0000637,ACC-00022,2025-01-06T15:06:00+00:00,USDC,1249.95788164,1249.96,deposit,CP-ACC-00022-03,WALLET-ACC-00022,DEV-00022-A,JP,468,0,normal
TX-0000547,ACC-00019,2025-01-06T15:11:00+00:00,USDT,447.94197144,447.94,trade,WALLET-ACC-00019,EXTERNAL-OUT,DEV-00019-A,US,1280,0,normal
TX-0000607,ACC-00021,2025-01-06T15:33:00+00:00,USDC,2214.50108396,2214.5,trade,WALLET-ACC-00021,EXTERNAL-OUT,DEV-00021-B,TW,949,0,normal
TX-0000366,ACC-00013,2025-01-06T15:49:00+00:00,ETH,0.17512183,525.37,trade,WALLET-ACC-00013,EXTERNAL-OUT,DEV-00013-A,SG,472,0,normal
TX-0000666,ACC-00023,2025-01-06T17:17:00+00:00,USDT,508.34401413,508.34,transfer_in,CP-ACC-00023-06,WALLET-ACC-00023,DEV-00023-A,SG,626,0,normal
TX-0001624,ACC-00055,2025-01-06T17:21:00+00:00,ETH,0.07481759,224.45,withdrawal,WALLET-ACC-00055,CP-ACC-00055-03,DEV-00055-A,DE,1372,0,normal
TX-0000546,ACC-00019,2025-01-06T17:31:00+00:00,USDT,147.07311762,147.07,withdrawal,WALLET-ACC-00019,CP-ACC-00019-04,DEV-00019-A,US,1280,0,normal
TX-0001474,ACC-00050,2025-01-06T18:26:00+00:00,USDC,503.93450272,503.93,trade,WALLET-ACC-00050,EXTERNAL-OUT,DEV-00050-B,DE,284,0,normal
TX-0000549,ACC-00019,2025-01-06T18:28:00+00:00,ETH,0.16763449,502.9,transfer_in,CP-ACC-00019-06,WALLET-ACC-00019,DEV-00019-A,US,1280,0,normal
TX-0000392,ACC-00014,2025-01-06T18:34:00+00:00,BTC,0.0246045,1476.27,deposit,CP-ACC-00014-05,WALLET-ACC-00014,DEV-00014-A,US,1364,0,normal
TX-0000843,ACC-00029,2025-01-06T18:48:00+00:00,BTC,0.01907212,1144.33,transfer_in,CP-ACC-00029-04,WALLET-ACC-00029,DEV-00029-A,US,901,0,normal
TX-0000576,ACC-00020,2025-01-06T20:35:00+00:00,USDC,335.18323338,335.18,withdrawal,WALLET-ACC-00020,CP-ACC-00020-06,DEV-00020-A,DE,504,0,normal
TX-0001354,ACC-00046,2025-01-07T06:44:00+00:00,ETH,0.10943584,328.31,withdrawal,WALLET-ACC-00046,CP-ACC-00046-05,DEV-00046-A,TW,738,0,normal
TX-0000700,ACC-00024,2025-01-07T07:39:00+00:00,ETH,0.15560214,466.81,withdrawal,WALLET-ACC-00024,CP-ACC-00024-02,DEV-00024-A,US,831,0,normal
TX-0001654,ACC-00056,2025-01-07T08:18:00+00:00,USDT,280.17566645,280.18,transfer_out,WALLET-ACC-00056,CP-ACC-00056-03,DEV-00056-A,TW,890,0,normal
TX-0000669,ACC-00023,2025-01-07T10:30:00+00:00,ETH,0.23032509,690.98,transfer_in,CP-ACC-00023-01,WALLET-ACC-00023,DEV-00023-A,SG,626,0,normal
TX-0000304,ACC-00011,2025-01-07T10:58:00+00:00,BTC,0.01194651,716.79,transfer_out,WALLET-ACC-00011,CP-ACC-00011-02,DEV-00011-A,TW,1007,0,normal
TX-0000003,ACC-00001,2025-01-07T11:18:00+00:00,ETH,0.18482065,554.46,transfer_in,CP-ACC-00001-04,WALLET-ACC-00001,DEV-00001-A,TW,252,0,normal
TX-0000668,ACC-00023,2025-01-07T11:32:00+00:00,USDC,1473.93585199,1473.94,deposit,CP-ACC-00023-06,WALLET-ACC-00023,DEV-00023-A,SG,626,0,normal
TX-0000122,ACC-00005,2025-01-07T11:52:00+00:00,USDT,822.9565728,822.96,withdrawal,WALLET-ACC-00005,CP-ACC-00005-03,DEV-00005-A,DE,1075,0,normal
TX-0001564,ACC-00053,2025-01-07T11:54:00+00:00,USDC,468.03785632,468.04,deposit,CP-ACC-00053-01,WALLET-ACC-00053,DEV-00053-A,SG,1239,0,normal
TX-0000699,ACC-00024,2025-01-07T13:03:00+00:00,USDC,167.74900183,167.75,trade,WALLET-ACC-00024,EXTERNAL-OUT,DEV-00024-A,US,831,0,normal
TX-0000305,ACC-00011,2025-01-07T13:35:00+00:00,USDT,723.4814969,723.48,deposit,CP-ACC-00011-02,WALLET-ACC-00011,DEV-00011-A,TW,1007,0,normal
TX-0000550,ACC-00019,2025-01-07T14:32:00+00:00,USDC,580.52875258,580.53,withdrawal,WALLET-ACC-00019,CP-ACC-00019-02,DEV-00019-A,US,1280,0,normal
TX-0000367,ACC-00013,2025-01-07T14:34:00+00:00,ETH,0.21152469,634.57,withdrawal,WALLET-ACC-00013,CP-ACC-00013-06,DEV-00013-A,SG,472,0,normal
TX-0000815,ACC-00028,2025-01-07T14:34:00+00:00,USDT,947.40317806,947.4,transfer_out,WALLET-ACC-00028,CP-ACC-00028-03,DEV-00028-A,SG,1285,0,normal
TX-0000485,ACC-00017,2025-01-07T15:00:00+00:00,USDT,538.21703308,538.22,trade,WALLET-ACC-00017,EXTERNAL-OUT,DEV-00017-A,JP,666,0,normal
TX-0000303,ACC-00011,2025-01-07T15:33:00+00:00,USDC,1417.11395721,1417.11,withdrawal,WALLET-ACC-00011,CP-ACC-00011-03,DEV-00011-A,TW,1007,0,normal
TX-0000064,ACC-00003,2025-01-07T15:38:00+00:00,USDT,568.43023996,568.43,withdrawal,WALLET-ACC-00003,CP-ACC-00003-06,DEV-00003-A,SG,1110,0,normal
TX-0001655,ACC-00056,2025-01-07T15:54:00+00:00,USDT,186.52557946,186.53,deposit,CP-ACC-00056-01,WALLET-ACC-00056,DEV-00056-A,TW,890,0,normal
TX-0000335,ACC-00012,2025-01-07T16:36:00+00:00,USDC,944.83879319,944.84,trade,WALLET-ACC-00012,EXTERNAL-OUT,DEV-00012-A,JP,546,0,normal
TX-0000754,ACC-00026,2025-01-07T17:01:00+00:00,BTC,0.00742189,445.31,trade,WALLET-ACC-00026,EXTERNAL-OUT,DEV-00026-A,TW,722,0,normal
TX-0000455,ACC-00016,2025-01-07T17:24:00+00:00,USDC,783.18077667,783.18,deposit,CP-ACC-00016-02,WALLET-ACC-00016,DEV-00016-B,TW,694,0,normal
TX-0000184,ACC-00007,2025-01-07T17:32:00+00:00,ETH,0.13257049,397.71,trade,WALLET-ACC-00007,EXTERNAL-OUT,DEV-00007-A,JP,1304,0,normal
TX-0000670,ACC-00023,2025-01-07T17:34:00+00:00,ETH,0.29078694,872.36,trade,WALLET-ACC-00023,EXTERNAL-OUT,DEV-00023-B,SG,626,0,normal
TX-0000425,ACC-00015,2025-01-07T18:00:00+00:00,USDC,600.92712379,600.93,transfer_in,CP-ACC-00015-03,WALLET-ACC-00015,DEV-00015-A,DE,1220,0,normal
TX-0000454,ACC-00016,2025-01-07T18:17:00+00:00,USDT,926.25568647,926.26,trade,WALLET-ACC-00016,EXTERNAL-OUT,DEV-00016-A,TW,694,0,normal
TX-0000936,ACC-00032,2025-01-08T06:56:00+00:00,USDT,569.75751603,569.76,trade,WALLET-ACC-00032,EXTERNAL-OUT,DEV-00032-A,JP,289,0,normal
TX-0000486,ACC-00017,2025-01-08T07:18:00+00:00,USDT,371.51121883,371.51,transfer_in,CP-ACC-00017-03,WALLET-ACC-00017,DEV-00017-A,JP,666,0,normal
TX-0000702,ACC-00024,2025-01-08T08:39:00+00:00,USDT,205.68742002,205.69,deposit,CP-ACC-00024-04,WALLET-ACC-00024,DEV-00024-A,US,831,0,normal
TX-0001203,ACC-00041,2025-01-08T08:40:00+00:00,ETH,0.10745971,322.38,trade,WALLET-ACC-00041,EXTERNAL-OUT,DEV-00041-A,TW,556,0,normal
TX-0000581,ACC-00020,2025-01-08T08:45:00+00:00,USDT,329.3943983,329.39,transfer_in,CP-ACC-00020-05,WALLET-ACC-00020,DEV-00020-B,DE,504,0,normal
TX-0000211,ACC-00008,2025-01-08T08:48:00+00:00,BTC,0.01446395,867.84,withdrawal,WALLET-ACC-00008,CP-ACC-00008-01,DEV-00008-A,SG,1064,0,normal
TX-0000610,ACC-00021,2025-01-08T09:14:00+00:00,USDC,605.30853224,605.31,trade,WALLET-ACC-00021,EXTERNAL-OUT,DEV-00021-A,TW,949,0,normal
TX-0000393,ACC-00014,2025-01-08T09:25:00+00:00,ETH,0.2465613,739.68,transfer_out,WALLET-ACC-00014,CP-ACC-00014-01,DEV-00014-A,US,1364,0,normal
TX-0001592,ACC-00054,2025-01-08T09:53:00+00:00,ETH,1.14343345,3430.3,deposit,CP-ACC-00054-04,WALLET-ACC-00054,DEV-00054-A,US,234,0,normal
TX-0000701,ACC-00024,2025-01-08T10:12:00+00:00,USDC,953.13957182,953.14,deposit,CP-ACC-00024-06,WALLET-ACC-00024,DEV-00024-A,US,831,0,normal
TX-0000426,ACC-00015,2025-01-08T10:26:00+00:00,ETH,0.19352863,580.59,trade,WALLET-ACC-00015,EXTERNAL-OUT,DEV-00015-A,DE,1220,0,normal
TX-0000935,ACC-00032,2025-01-08T10:32:00+00:00,USDC,307.07253503,307.07,withdrawal,WALLET-ACC-00032,CP-ACC-00032-05,DEV-00032-A,JP,289,0,normal
TX-0000551,ACC-00019,2025-01-08T10:55:00+00:00,USDC,1030.6323962,1030.63,transfer_out,WALLET-ACC-00019,CP-ACC-00019-01,DEV-00019-A,US,1280,0,normal
TX-0000456,ACC-00016,2025-01-08T11:16:00+00:00,USDT,807.21884712,807.22,deposit,CP-ACC-00016-04,WALLET-ACC-00016,DEV-00016-B,TW,694,0,normal
TX-0000672,ACC-00023,2025-01-08T11:39:00+00:00,USDT,2383.34413288,2383.34,trade,WALLET-ACC-00023,EXTERNAL-OUT,DEV-00023-A,SG,626,0,normal
TX-0000579,ACC-00020,2025-01-08T12:02:00+00:00,USDC,470.83791513,470.84,trade,WALLET-ACC-00020,EXTERNAL-OUT,DEV-00020-A,DE,504,0,normal
TX-0000641,ACC-00022,2025-01-08T12:52:00+00:00,USDT,921.22152379,921.22,trade,WALLET-ACC-00022,EXTERNAL-OUT,DEV-00022-B,JP,468,0,normal
TX-0000580,ACC-00020,2025-01-08T13:03:00+00:00,BTC,0.00542591,325.55,transfer_out,WALLET-ACC-00020,CP-ACC-00020-03,DEV-00020-A,DE,504,0,normal
TX-0001114,ACC-00038,2025-01-08T13:12:00+00:00,BTC,0.0107897,647.38,transfer_out,WALLET-ACC-00038,CP-ACC-00038-05,DEV-00038-A,SG,1556,0,normal
TX-0000993,ACC-00034,2025-01-08T13:46:00+00:00,USDT,377.10082788,377.1,trade,WALLET-ACC-00034,EXTERNAL-OUT,DEV-00034-A,US,1007,0,normal
TX-0000034,ACC-00002,2025-01-08T13:54:00+00:00,BTC,0.00664981,398.99,withdrawal,WALLET-ACC-00002,CP-ACC-00002-06,DEV-00002-B,JP,980,0,normal
TX-0000552,ACC-00019,2025-01-08T13:54:00+00:00,BTC,0.00445017,267.01,transfer_out,WALLET-ACC-00019,CP-ACC-00019-01,DEV-00019-A,US,1280,0,normal
TX-0001413,ACC-00048,2025-01-08T14:19:00+00:00,BTC,0.00671176,402.71,trade,WALLET-ACC-00048,EXTERNAL-OUT,DEV-00048-B,SG,1172,0,normal
TX-0000671,ACC-00023,2025-01-08T14:26:00+00:00,BTC,0.00879242,527.54,transfer_in,CP-ACC-00023-05,WALLET-ACC-00023,DEV-00023-A,SG,626,0,normal
TX-0001053,ACC-00036,2025-01-08T14:28:00+00:00,ETH,0.18780847,563.43,trade,WALLET-ACC-00036,EXTERNAL-OUT,DEV-00036-A,TW,1534,0,normal
TX-0001716,ACC-00058,2025-01-08T14:40:00+00:00,USDC,454.95604361,454.96,trade,WALLET-ACC-00058,EXTERNAL-OUT,DEV-00058-A,SG,1407,0,normal
TX-0001205,ACC-00041,2025-01-08T14:41:00+00:00,USDC,460.87020097,460.87,trade,WALLET-ACC-00041,EXTERNAL-OUT,DEV-00041-A,TW,556,0,normal
TX-0000123,ACC-00005,2025-01-08T15:15:00+00:00,USDT,340.43340446,340.43,trade,WALLET-ACC-00005,EXTERNAL-OUT,DEV-00005-A,DE,1075,0,normal
TX-0001083,ACC-00037,2025-01-08T15:26:00+00:00,ETH,0.16462735,493.88,withdrawal,WALLET-ACC-00037,CP-ACC-00037-01,DEV-00037-B,JP,817,0,normal
TX-0001293,ACC-00044,2025-01-08T15:38:00+00:00,USDT,92.90008221,92.9,deposit,CP-ACC-00044-02,WALLET-ACC-00044,DEV-00044-A,US,664,0,normal
TX-0000275,ACC-00010,2025-01-08T16:22:00+00:00,USDT,713.70432511,713.7,trade,WALLET-ACC-00010,EXTERNAL-OUT,DEV-00010-A,DE,1007,0,normal
TX-0001502,ACC-00051,2025-01-08T18:45:00+00:00,USDC,565.24089711,565.24,transfer_in,CP-ACC-00051-06,WALLET-ACC-00051,DEV-00051-A,TW,1185,0,normal
TX-0000937,ACC-00032,2025-01-08T19:00:00+00:00,USDT,540.50046479,540.5,transfer_out,WALLET-ACC-00032,CP-ACC-00032-03,DEV-00032-A,JP,289,0,normal
TX-0001533,ACC-00052,2025-01-08T19:55:00+00:00,USDT,469.68109538,469.68,transfer_in,CP-ACC-00052-01,WALLET-ACC-00052,DEV-00052-A,JP,523,0,normal
TX-0000514,ACC-00018,2025-01-08T21:50:00+00:00,USDT,418.72115856,418.72,withdrawal,WALLET-ACC-00018,CP-ACC-00018-04,DEV-00018-A,SG,1040,0,normal
TX-0000033,ACC-00002,2025-01-08T21:52:00+00:00,USDC,271.37057992,271.37,deposit,CP-ACC-00002-01,WALLET-ACC-00002,DEV-00002-A,JP,980,0,normal
TX-0001204,ACC-00041,2025-01-08T21:52:00+00:00,USDC,484.80557117,484.81,transfer_in,CP-ACC-00041-05,WALLET-ACC-00041,DEV-00041-A,TW,556,0,normal
TX-0000553,ACC-00019,2025-01-09T06:15:00+00:00,BTC,0.00826098,495.66,transfer_in,CP-ACC-00019-06,WALLET-ACC-00019,DEV-00019-B,US,1280,0,normal
TX-0001175,ACC-00040,2025-01-09T07:24:00+00:00,USDC,430.90247456,430.9,deposit,CP-ACC-00040-06,WALLET-ACC-00040,DEV-00040-A,DE,701,0,normal
TX-0000394,ACC-00014,2025-01-09T09:06:00+00:00,BTC,0.0174609,1047.65,trade,WALLET-ACC-00014,EXTERNAL-OUT,DEV-00014-A,US,1364,0,normal
TX-0001264,ACC-00043,2025-01-09T09:16:00+00:00,USDC,571.49290925,571.49,transfer_in,CP-ACC-00043-05,WALLET-ACC-00043,DEV-00043-A,SG,1396,0,normal
TX-0000994,ACC-00034,2025-01-09T09:23:00+00:00,USDC,253.74461605,253.74,trade,WALLET-ACC-00034,EXTERNAL-OUT,DEV-00034-A,US,1007,0,normal
TX-0000995,ACC-00034,2025-01-09T09:56:00+00:00,ETH,0.12334452,370.03,trade,WALLET-ACC-00034,EXTERNAL-OUT,DEV-00034-A,US,1007,0,normal
TX-0000725,ACC-00025,2025-01-09T10:07:00+00:00,ETH,0.21848182,655.45,trade,WALLET-ACC-00025,EXTERNAL-OUT,DEV-00025-A,DE,1337,0,normal
TX-0001625,ACC-00055,2025-01-09T10:08:00+00:00,USDT,176.05057798,176.05,deposit,CP-ACC-00055-05,WALLET-ACC-00055,DEV-00055-A,DE,1372,0,normal
TX-0000612,ACC-00021,2025-01-09T10:41:00+00:00,USDT,1390.79477572,1390.79,transfer_in,CP-ACC-00021-05,WALLET-ACC-00021,DEV-00021-A,TW,949,0,normal
TX-0000673,ACC-00023,2025-01-09T10:52:00+00:00,USDT,207.92257211,207.92,trade,WALLET-ACC-00023,EXTERNAL-OUT,DEV-00023-B,SG,626,0,normal
TX-0000554,ACC-00019,2025-01-09T11:11:00+00:00,USDC,270.74371189,270.74,deposit,CP-ACC-00019-05,WALLET-ACC-00019,DEV-00019-A,US,1280,0,normal
TX-0001294,ACC-00044,2025-01-09T11:44:00+00:00,USDT,161.90486086,161.9,trade,WALLET-ACC-00044,EXTERNAL-OUT,DEV-00044-A,US,664,0,normal
TX-0000611,ACC-00021,2025-01-09T11:49:00+00:00,BTC,0.02925025,1755.01,trade,WALLET-ACC-00021,EXTERNAL-OUT,DEV-00021-A,TW,949,0,normal
TX-0000065,ACC-00003,2025-01-09T12:02:00+00:00,USDT,2149.0186639,2149.02,withdrawal,WALLET-ACC-00003,CP-ACC-00003-04,DEV-00003-A,SG,1110,0,normal
TX-0001232,ACC-00042,2025-01-09T12:09:00+00:00,USDT,795.2406686,795.24,transfer_in,CP-ACC-00042-04,WALLET-ACC-00042,DEV-00042-A,JP,870,0,normal
TX-0000964,ACC-00033,2025-01-09T12:19:00+00:00,BTC,0.00535352,321.21,transfer_out,WALLET-ACC-00033,CP-ACC-00033-05,DEV-00033-A,SG,273,0,normal
TX-0000584,ACC-00020,2025-01-09T13:24:00+00:00,ETH,0.19652875,589.59,transfer_in,CP-ACC-00020-06,WALLET-ACC-00020,DEV-00020-A,DE,504,0,normal
TX-0001656,ACC-00056,2025-01-09T13:37:00+00:00,ETH,0.07840804,235.22,transfer_out,WALLET-ACC-00056,CP-ACC-00056-02,DEV-00056-A,TW,890,0,normal
TX-0000035,ACC-00002,2025-01-09T13:42:00+00:00,USDT,362.0152676,362.02,deposit,CP-ACC-00002-01,WALLET-ACC-00002,DEV-00002-A,JP,980,0,normal
TX-0000555,ACC-00019,2025-01-09T14:05:00+00:00,USDC,426.27178924,426.27,transfer_in,CP-ACC-00019-05,WALLET-ACC-00019,DEV-00019-A,US,1280,0,normal
TX-0000938,ACC-00032,2025-01-09T14:20:00+00:00,USDT,454.68873183,454.69,deposit,CP-ACC-00032-03,WALLET-ACC-00032,DEV-00032-A,JP,289,0,normal
TX-0001717,ACC-00058,2025-01-09T14:29:00+00:00,USDT,630.18269541,630.18,transfer_out,WALLET-ACC-00058,CP-ACC-00058-06,DEV-00058-A,SG,1407,0,normal
TX-0000582,ACC-00020,2025-01-09T14:30:00+00:00,USDT,337.41549464,337.42,deposit,CP-ACC-00020-03,WALLET-ACC-00020,DEV-00020-A,DE,504,0,normal
TX-0000675,ACC-00023,2025-01-09T14:50:00+00:00,BTC,0.00878306,526.98,withdrawal,WALLET-ACC-00023,CP-ACC-00023-03,DEV-00023-A,SG,626,0,normal
TX-0001355,ACC-00046,2025-01-09T15:58:00+00:00,ETH,0.11210052,336.3,withdrawal,WALLET-ACC-00046,CP-ACC-00046-05,DEV-00046-A,TW,738,0,normal
TX-0000583,ACC-00020,2025-01-09T15:59:00+00:00,USDT,293.82753472,293.83,transfer_in,CP-ACC-00020-02,WALLET-ACC-00020,DEV-00020-A,DE,504,0,normal
TX-0000004,ACC-00001,2025-01-09T16:08:00+00:00,USDT,512.3452488,512.35,trade,WALLET-ACC-00001,EXTERNAL-OUT,DEV-00001-A,TW,252,0,normal
TX-0001144,ACC-00039,2025-01-09T16:19:00+00:00,ETH,0.07716994,231.51,withdrawal,WALLET-ACC-00039,CP-ACC-00039-04,DEV-00039-A,US,332,0,normal
TX-0000703,ACC-00024,2025-01-09T16:20:00+00:00,BTC,0.0043576,261.46,trade,WALLET-ACC-00024,EXTERNAL-OUT,DEV-00024-B,US,831,0,normal
TX-0001390,ACC-00047,2025-01-09T17:21:00+00:00,ETH,0.14300687,429.02,deposit,CP-ACC-00047-05,WALLET-ACC-00047,DEV-00047-A,JP,694,0,normal
TX-0000368,ACC-00013,2025-01-09T19:04:00+00:00,USDT,561.03615505,561.04,transfer_out,WALLET-ACC-00013,CP-ACC-00013-02,DEV-00013-A,SG,472,0,normal
TX-0000674,ACC-00023,2025-01-09T19:16:00+00:00,ETH,0.28460295,853.81,withdrawal,WALLET-ACC-00023,CP-ACC-00023-05,DEV-00023-A,SG,626,0,normal
TX-0001265,ACC-00043,2025-01-10T06:08:00+00:00,USDC,423.63438677,423.63,trade,WALLET-ACC-00043,EXTERNAL-OUT,DEV-00043-A,SG,1396,0,normal
TX-0000676,ACC-00023,2025-01-10T07:48:00+00:00,USDT,647.24028236,647.24,transfer_out,WALLET-ACC-00023,CP-ACC-00023-02,DEV-00023-A,SG,626,0,normal
TX-0000395,ACC-00014,2025-01-10T07:55:00+00:00,USDC,1369.15635593,1369.16,withdrawal,WALLET-ACC-00014,CP-ACC-00014-05,DEV-00014-A,US,1364,0,normal
TX-0000212,ACC-00008,2025-01-10T09:08:00+00:00,USDT,468.85502456,468.86,trade,WALLET-ACC-00008,EXTERNAL-OUT,DEV-00008-A,SG,1064,0,normal
TX-0001414,ACC-00048,2025-01-10T09:48:00+00:00,BTC,0.00288096,172.86,deposit,CP-ACC-00048-03,WALLET-ACC-00048,DEV-00048-A,SG,1172,0,normal
TX-0000643,ACC-00022,2025-01-10T10:50:00+00:00,USDT,580.43672966,580.44,deposit,CP-ACC-00022-02,WALLET-ACC-00022,DEV-00022-B,JP,468,0,normal
TX-0001503,ACC-00051,2025-01-10T10:50:00+00:00,USDC,625.15475327,625.15,trade,WALLET-ACC-00051,EXTERNAL-OUT,DEV-00051-A,TW,1185,0,normal
TX-0000677,ACC-00023,2025-01-10T11:31:00+00:00,USDT,670.63569863,670.64,trade,WALLET-ACC-00023,EXTERNAL-OUT,DEV-00023-B,SG,626,0,normal
TX-0001683,ACC-00057,2025-01-10T11:43:00+00:00,USDT,811.54145176,811.54,withdrawal,WALLET-ACC-00057,CP-ACC-00057-04,DEV-00057-A,JP,1579,0,normal
TX-0000642,ACC-00022,2025-01-10T11:55:00+00:00,BTC,0.01795772,1077.46,trade,WALLET-ACC-00022,EXTERNAL-OUT,DEV-00022-A,JP,468,0,normal
TX-0000487,ACC-00017,2025-01-10T12:33:00+00:00,USDC,223.08401037,223.08,trade,WALLET-ACC-00017,EXTERNAL-OUT,DEV-00017-A,JP,666,0,normal
TX-0001233,ACC-00042,2025-01-10T12:37:00+00:00,USDT,473.788131,473.79,trade,WALLET-ACC-00042,EXTERNAL-OUT,DEV-00042-A,JP,870,0,normal
TX-0000457,ACC-00016,2025-01-10T12:50:00+00:00,USDT,292.88091428,292.88,withdrawal,WALLET-ACC-00016,CP-ACC-00016-03,DEV-00016-A,TW,694,0,normal
TX-0000124,ACC-00005,2025-01-10T13:06:00+00:00,USDC,496.67894335,496.68,trade,WALLET-ACC-00005,EXTERNAL-OUT,DEV-00005-A,DE,1075,0,normal
TX-0000037,ACC-00002,2025-01-10T13:13:00+00:00,BTC,0.01148579,689.15,transfer_in,CP-ACC-00002-02,WALLET-ACC-00002,DEV-00002-A,JP,980,0,normal
TX-0000645,ACC-00022,2025-01-10T13:25:00+00:00,ETH,0.30963053,928.89,trade,WALLET-ACC-00022,EXTERNAL-OUT,DEV-00022-A,JP,468,0,normal
TX-0001356,ACC-00046,2025-01-10T13:59:00+00:00,ETH,0.38662748,1159.88,transfer_out,WALLET-ACC-00046,CP-ACC-00046-04,DEV-00046-A,TW,738,0,normal
TX-0000678,ACC-00023,2025-01-10T14:14:00+00:00,USDT,1039.90674822,1039.91,transfer_out,WALLET-ACC-00023,CP-ACC-00023-03,DEV-00023-A,SG,626,0,normal
TX-0001682,ACC-00057,2025-01-10T14:29:00+00:00,ETH,0.2306807,692.04,withdrawal,WALLET-ACC-00057,CP-ACC-00057-06,DEV-00057-B,JP,1579,0,normal
TX-0000036,ACC-00002,2025-01-10T14:49:00+00:00,USDC,332.207378,332.21,trade,WALLET-ACC-00002,EXTERNAL-OUT,DEV-00002-B,JP,980,0,normal
TX-0000095,ACC-00004,2025-01-10T15:01:00+00:00,BTC,0.00670228,402.14,withdrawal,WALLET-ACC-00004,CP-ACC-00004-02,DEV-00004-A,US,1214,0,normal
TX-0000903,ACC-00031,2025-01-10T15:24:00+00:00,USDT,333.46635198,333.47,trade,WALLET-ACC-00031,EXTERNAL-OUT,DEV-00031-A,TW,332,0,normal
TX-0000613,ACC-00021,2025-01-10T15:32:00+00:00,BTC,0.02476752,1486.05,trade,WALLET-ACC-00021,EXTERNAL-OUT,DEV-00021-A,TW,949,0,normal
TX-0000704,ACC-00024,2025-01-10T15:39:00+00:00,USDT,377.89083056,377.89,trade,WALLET-ACC-00024,EXTERNAL-OUT,DEV-00024-A,US,831,0,normal
TX-0000873,ACC-00030,2025-01-10T15:54:00+00:00,USDT,508.27790884,508.28,transfer_out,WALLET-ACC-00030,CP-ACC-00030-02,DEV-00030-A,DE,801,0,normal
TX-0001206,ACC-00041,2025-01-10T15:57:00+00:00,USDT,369.77009485,369.77,withdrawal,WALLET-ACC-00041,CP-ACC-00041-03,DEV-00041-A,TW,556,0,normal
TX-0000705,ACC-00024,2025-01-10T16:04:00+00:00,ETH,0.06658363,199.75,withdrawal,WALLET-ACC-00024,CP-ACC-00024-02,DEV-00024-A,US,831,0,normal
TX-0000996,ACC-00034,2025-01-10T16:23:00+00:00,USDT,165.0089621,165.01,trade,WALLET-ACC-00034,EXTERNAL-OUT,DEV-00034-A,US,1007,0,normal
TX-0000706,ACC-00024,2025-01-10T16:29:00+00:00,USDC,393.08300007,393.08,trade,WALLET-ACC-00024,EXTERNAL-OUT,DEV-00024-A,US,831,0,normal
TX-0000904,ACC-00031,2025-01-10T16:30:00+00:00,USDT,1944.90219305,1944.9,transfer_out,WALLET-ACC-00031,CP-ACC-00031-04,DEV-00031-A,TW,332,0,normal
TX-0000644,ACC-00022,2025-01-10T16:39:00+00:00,USDT,649.30727923,649.31,trade,WALLET-ACC-00022,EXTERNAL-OUT,DEV-00022-A,JP,468,0,normal
TX-0000556,ACC-00019,2025-01-10T20:42:00+00:00,USDC,227.5650869,227.57,trade,WALLET-ACC-00019,EXTERNAL-OUT,DEV-00019-B,US,1280,0,normal
TX-0001115,ACC-00038,2025-01-11T06:03:00+00:00,ETH,0.4334033,1300.21,withdrawal,WALLET-ACC-00038,CP-ACC-00038-02,DEV-00038-A,SG,1556,0,normal
TX-0000336,ACC-00012,2025-01-11T06:31:00+00:00,USDC,819.06301021,819.06,withdrawal,WALLET-ACC-00012,CP-ACC-00012-04,DEV-00012-A,JP,546,0,normal
TX-0000646,ACC-00022,2025-01-11T09:02:00+00:00,USDT,713.49141155,713.49,trade,WALLET-ACC-00022,EXTERNAL-OUT,DEV-00022-A,JP,468,0,normal
TX-0000213,ACC-00008,2025-01-11T09:26:00+00:00,BTC,0.00983605,590.16,transfer_in,CP-ACC-00008-05,WALLET-ACC-00008,DEV-00008-A,SG,1064,0,normal
TX-0000647,ACC-00022,2025-01-11T10:00:00+00:00,USDC,430.44589628,430.45,trade,WALLET-ACC-00022,EXTERNAL-OUT,DEV-00022-A,JP,468,0,normal
TX-0000874,ACC-00030,2025-01-11T10:24:00+00:00,BTC,0.00377143,226.29,transfer_out,WALLET-ACC-00030,CP-ACC-00030-03,DEV-00030-A,DE,801,0,normal
TX-0001504,ACC-00051,2025-01-11T10:59:00+00:00,BTC,0.01877532,1126.52,trade,WALLET-ACC-00051,EXTERNAL-OUT,DEV-00051-A,TW,1185,0,normal
TX-0000844,ACC-00029,2025-01-11T11:09:00+00:00,USDC,290.72004394,290.72,trade,WALLET-ACC-00029,EXTERNAL-OUT,DEV-00029-A,US,901,0,normal
TX-0000459,ACC-00016,2025-01-11T11:10:00+00:00,BTC,0.00833972,500.38,withdrawal,WALLET-ACC-00016,CP-ACC-00016-03,DEV-00016-A,TW,694,0,normal
TX-0000648,ACC-00022,2025-01-11T11:44:00+00:00,BTC,0.02335086,1401.05,withdrawal,WALLET-ACC-00022,CP-ACC-00022-02,DEV-00022-A,JP,468,0,normal
TX-0000614,ACC-00021,2025-01-11T12:35:00+00:00,BTC,0.00986201,591.72,withdrawal,WALLET-ACC-00021,CP-ACC-00021-01,DEV-00021-A,TW,949,0,normal
TX-0000066,ACC-00003,2025-01-11T12:42:00+00:00,USDT,926.90579351,926.91,withdrawal,WALLET-ACC-00003,CP-ACC-00003-02,DEV-00003-A,SG,1110,0,normal
TX-0000005,ACC-00001,2025-01-11T12:46:00+00:00,BTC,0.00608335,365.0,deposit,CP-ACC-00001-04,WALLET-ACC-00001,DEV-00001-A,TW,252,0,normal
TX-0001357,ACC-00046,2025-01-11T12:52:00+00:00,USDT,998.58076509,998.58,trade,WALLET-ACC-00046,EXTERNAL-OUT,DEV-00046-A,TW,738,0,normal
TX-0000816,ACC-00028,2025-01-11T13:20:00+00:00,BTC,0.01768981,1061.39,trade,WALLET-ACC-00028,EXTERNAL-OUT,DEV-00028-A,SG,1285,0,normal
TX-0001718,ACC-00058,2025-01-11T13:42:00+00:00,USDC,452.48990858,452.49,trade,WALLET-ACC-00058,EXTERNAL-OUT,DEV-00058-A,SG,1407,0,normal
TX-0000458,ACC-00016,2025-01-11T13:56:00+00:00,USDT,310.28668619,310.29,trade,WALLET-ACC-00016,EXTERNAL-OUT,DEV-00016-A,TW,694,0,normal
TX-0000707,ACC-00024,2025-01-11T14:19:00+00:00,ETH,0.31059189,931.78,transfer_in,CP-ACC-00024-04,WALLET-ACC-00024,DEV-00024-A,US,831,0,normal
TX-0001744,ACC-00059,2025-01-11T15:22:00+00:00,USDT,643.82857632,643.83,trade,WALLET-ACC-00059,EXTERNAL-OUT,DEV-00059-A,US,1088,0,normal
TX-0000585,ACC-00020,2025-01-11T15:31:00+00:00,ETH,0.11379953,341.4,transfer_out,WALLET-ACC-00020,CP-ACC-00020-06,DEV-00020-B,DE,504,0,normal
TX-0000755,ACC-00026,2025-01-11T15:31:00+00:00,ETH,0.13243837,397.32,trade,WALLET-ACC-00026,EXTERNAL-OUT,DEV-00026-A,TW,722,0,normal
TX-0001565,ACC-00053,2025-01-11T16:21:00+00:00,ETH,0.03592333,107.77,trade,WALLET-ACC-00053,EXTERNAL-OUT,DEV-00053-A,SG,1239,0,normal
TX-0000557,ACC-00019,2025-01-11T16:23:00+00:00,ETH,0.17430484,522.91,trade,WALLET-ACC-00019,EXTERNAL-OUT,DEV-00019-A,US,1280,0,normal
TX-0000679,ACC-00023,2025-01-11T16:39:00+00:00,BTC,0.0145069,870.41,transfer_in,CP-ACC-00023-06,WALLET-ACC-00023,DEV-00023-A,SG,626,0,normal
TX-0000905,ACC-00031,2025-01-11T16:50:00+00:00,USDT,507.24715465,507.25,deposit,CP-ACC-00031-01,WALLET-ACC-00031,DEV-00031-A,TW,332,0,normal
TX-0000783,ACC-00027,2025-01-11T16:51:00+00:00,USDT,766.10674403,766.11,trade,WALLET-ACC-00027,EXTERNAL-OUT,DEV-00027-A,JP,1200,0,normal
TX-0001534,ACC-00052,2025-01-11T17:44:00+00:00,USDC,559.37454546,559.37,trade,WALLET-ACC-00052,EXTERNAL-OUT,DEV-00052-A,JP,523,0,normal
TX-0000756,ACC-00026,2025-01-11T17:48:00+00:00,ETH,0.17530783,525.92,withdrawal,WALLET-ACC-00026,CP-ACC-00026-05,DEV-00026-A,TW,722,0,normal
TX-0000488,ACC-00017,2025-01-11T18:26:00+00:00,USDT,262.95233608,262.95,transfer_out,WALLET-ACC-00017,CP-ACC-00017-02,DEV-00017-A,JP,666,0,normal
TX-0001415,ACC-00048,2025-01-11T21:28:00+00:00,USDC,306.94458464,306.94,transfer_in,CP-ACC-00048-06,WALLET-ACC-00048,DEV-00048-B,SG,1172,0,normal
TX-0001207,ACC-00041,2025-01-12T06:35:00+00:00,USDC,369.98597567,369.99,deposit,CP-ACC-00041-03,WALLET-ACC-00041,DEV-00041-A,TW,556,0,normal
TX-0000185,ACC-00007,2025-01-12T06:52:00+00:00,USDT,1137.8250889,1137.83,transfer_in,CP-ACC-00007-05,WALLET-ACC-00007,DEV-00007-A,JP,1304,0,normal
TX-0000907,ACC-00031,2025-01-12T09:40:00+00:00,USDT,359.5274658,359.53,trade,WALLET-ACC-00031,EXTERNAL-OUT,DEV-00031-A,TW,332,0,normal
TX-0000125,ACC-00005,2025-01-12T09:59:00+00:00,BTC,0.00524417,314.65,deposit,CP-ACC-00005-02,WALLET-ACC-00005,DEV-00005-A,DE,1075,0,normal
TX-0001234,ACC-00042,2025-01-12T10:03:00+00:00,USDC,507.55589623,507.56,trade,WALLET-ACC-00042,EXTERNAL-OUT,DEV-00042-A,JP,870,0,normal
TX-0000965,ACC-00033,2025-01-12T10:33:00+00:00,ETH,0.41495556,1244.87,transfer_in,CP-ACC-00033-03,WALLET-ACC-00033,DEV-00033-A,SG,273,0,normal
TX-0000708,ACC-00024,2025-01-12T11:06:00+00:00,USDT,233.66800446,233.67,deposit,CP-ACC-00024-01,WALLET-ACC-00024,DEV-00024-A,US,831,0,normal
TX-0001593,ACC-00054,2025-01-12T11:24:00+00:00,USDC,2198.62545495,2198.63,transfer_out,WALLET-ACC-00054,CP-ACC-00054-05,DEV-00054-A,US,234,0,normal
TX-0001417,ACC-00048,2025-01-12T12:33:00+00:00,BTC,0.00710405,426.24,trade,WALLET-ACC-00048,EXTERNAL-OUT,DEV-00048-A,SG,1172,0,normal
TX-0000997,ACC-00034,2025-01-12T12:37:00+00:00,BTC,0.01179622,707.77,withdrawal,WALLET-ACC-00034,CP-ACC-00034-03,DEV-00034-A,US,1007,0,normal
TX-0001295,ACC-00044,2025-01-12T12:46:00+00:00,ETH,0.08738368,262.15,transfer_in,CP-ACC-00044-06,WALLET-ACC-00044,DEV-00044-A,US,664,0,normal
TX-0001266,ACC-00043,2025-01-12T12:58:00+00:00,USDT,233.33514087,233.34,withdrawal,WALLET-ACC-00043,CP-ACC-00043-04,DEV-00043-B,SG,1396,0,normal
TX-0000427,ACC-00015,2025-01-12T13:05:00+00:00,USDT,698.20804283,698.21,transfer_out,WALLET-ACC-00015,CP-ACC-00015-02,DEV-00015-A,DE,1220,0,normal
TX-0000586,ACC-00020,2025-01-12T13:23:00+00:00,USDT,698.24886367,698.25,trade,WALLET-ACC-00020,EXTERNAL-OUT,DEV-00020-A,DE,504,0,normal
TX-0000152,ACC-00006,2025-01-12T13:27:00+00:00,USDT,522.66904664,522.67,deposit,CP-ACC-00006-06,WALLET-ACC-00006,DEV-00006-A,TW,712,0,normal
TX-0000939,ACC-00032,2025-01-12T13:29:00+00:00,ETH,0.06225886,186.78,withdrawal,WALLET-ACC-00032,CP-ACC-00032-04,DEV-00032-A,JP,289,0,normal
TX-0001772,ACC-00060,2025-01-12T14:33:00+00:00,USDC,399.54415562,399.54,trade,WALLET-ACC-00060,EXTERNAL-OUT,DEV-00060-A,DE,498,0,normal
TX-0000906,ACC-00031,2025-01-12T14:41:00+00:00,USDT,584.91871376,584.92,withdrawal,WALLET-ACC-00031,CP-ACC-00031-02,DEV-00031-A,TW,332,0,normal
TX-0000845,ACC-00029,2025-01-12T14:51:00+00:00,USDT,2077.36993144,2077.37,deposit,CP-ACC-00029-05,WALLET-ACC-00029,DEV-00029-A,US,901,0,normal
TX-0000757,ACC-00026,2025-01-12T16:11:00+00:00,USDT,528.44750067,528.45,trade,WALLET-ACC-00026,EXTERNAL-OUT,DEV-00026-A,TW,722,0,normal
TX-0001418,ACC-00048,2025-01-12T16:33:00+00:00,USDT,466.53533652,466.54,trade,WALLET-ACC-00048,EXTERNAL-OUT,DEV-00048-A,SG,1172,0,normal
TX-0001416,ACC-00048,2025-01-12T17:38:00+00:00,ETH,0.09911382,297.34,trade,WALLET-ACC-00048,EXTERNAL-OUT,DEV-00048-B,SG,1172,0,normal
TX-0001297,ACC-00044,2025-01-12T18:57:00+00:00,USDC,329.55740284,329.56,deposit,CP-ACC-00044-06,WALLET-ACC-00044,DEV-00044-A,US,664,0,normal
TX-0001267,ACC-00043,2025-01-12T19:00:00+00:00,USDT,885.05252805,885.05,transfer_out,WALLET-ACC-00043,CP-ACC-00043-05,DEV-00043-B,SG,1396,0,normal
TX-0000369,ACC-00013,2025-01-12T19:27:00+00:00,USDT,992.98008163,992.98,withdrawal,WALLET-ACC-00013,CP-ACC-00013-06,DEV-00013-A,SG,472,0,normal
TX-0001296,ACC-00044,2025-01-12T19:46:00+00:00,BTC,0.00457536,274.52,deposit,CP-ACC-00044-03,WALLET-ACC-00044,DEV-00044-A,US,664,0,normal
TX-0000396,ACC-00014,2025-01-12T21:51:00+00:00,USDT,1292.99820321,1293.0,trade,WALLET-ACC-00014,EXTERNAL-OUT,DEV-00014-A,US,1364,0,normal
TX-0001323,ACC-00045,2025-01-13T06:42:00+00:00,USDT,339.54554337,339.55,deposit,CP-ACC-00045-04,WALLET-ACC-00045,DEV-00045-A,DE,348,0,normal
TX-0000726,ACC-00025,2025-01-13T09:07:00+00:00,USDC,330.67542942,330.68,transfer_out,WALLET-ACC-00025,CP-ACC-00025-05,DEV-00025-B,DE,1337,0,normal
TX-0000615,ACC-00021,2025-01-13T09:09:00+00:00,ETH,0.34985232,1049.56,trade,WALLET-ACC-00021,EXTERNAL-OUT,DEV-00021-A,TW,949,0,normal
TX-0001745,ACC-00059,2025-01-13T10:23:00+00:00,ETH,0.05100333,153.01,transfer_out,WALLET-ACC-00059,CP-ACC-00059-04,DEV-00059-A,US,1088,0,normal
TX-0001657,ACC-00056,2025-01-13T10:34:00+00:00,ETH,0.07772108,233.16,withdrawal,WALLET-ACC-00056,CP-ACC-00056-01,DEV-00056-A,TW,890,0,normal
TX-0001773,ACC-00060,2025-01-13T11:00:00+00:00,USDC,376.57152408,376.57,transfer_out,WALLET-ACC-00060,CP-ACC-00060-02,DEV-00060-A,DE,498,0,normal
TX-0001719,ACC-00058,2025-01-13T11:45:00+00:00,USDT,345.41316016,345.41,trade,WALLET-ACC-00058,EXTERNAL-OUT,DEV-00058-A,SG,1407,0,normal
TX-0000680,ACC-00023,2025-01-13T11:47:00+00:00,USDT,1210.56602306,1210.57,withdrawal,WALLET-ACC-00023,CP-ACC-00023-02,DEV-00023-A,SG,626,0,normal
TX-0001594,ACC-00054,2025-01-13T12:09:00+00:00,USDT,928.19133633,928.19,withdrawal,WALLET-ACC-00054,CP-ACC-00054-01,DEV-00054-A,US,234,0,normal
TX-0000588,ACC-00020,2025-01-13T12:11:00+00:00,USDT,350.53233387,350.53,trade,WALLET-ACC-00020,EXTERNAL-OUT,DEV-00020-A,DE,504,0,normal
TX-0000560,ACC-00019,2025-01-13T12:29:00+00:00,USDT,457.23169026,457.23,transfer_in,CP-ACC-00019-01,WALLET-ACC-00019,DEV-00019-A,US,1280,0,normal
TX-0001054,ACC-00036,2025-01-13T12:38:00+00:00,USDT,330.35481721,330.35,trade,WALLET-ACC-00036,EXTERNAL-OUT,DEV-00036-A,TW,1534,0,normal
TX-0000587,ACC-00020,2025-01-13T12:42:00+00:00,USDC,277.03606077,277.04,transfer_out,WALLET-ACC-00020,CP-ACC-00020-05,DEV-00020-A,DE,504,0,normal
TX-0000817,ACC-00028,2025-01-13T12:46:00+00:00,USDT,647.0691044,647.07,trade,WALLET-ACC-00028,EXTERNAL-OUT,DEV-00028-A,SG,1285,0,normal
TX-0001419,ACC-00048,2025-01-13T13:03:00+00:00,USDT,280.13314574,280.13,trade,WALLET-ACC-00048,EXTERNAL-OUT,DEV-00048-A,SG,1172,0,normal
TX-0001358,ACC-00046,2025-01-13T13:14:00+00:00,USDC,373.79897439,373.8,trade,WALLET-ACC-00046,EXTERNAL-OUT,DEV-00046-A,TW,738,0,normal
TX-0000650,ACC-00022,2025-01-13T13:28:00+00:00,ETH,0.19362107,580.86,transfer_out,WALLET-ACC-00022,CP-ACC-00022-04,DEV-00022-A,JP,468,0,normal
TX-0001145,ACC-00039,2025-01-13T13:35:00+00:00,BTC,0.00440369,264.22,trade,WALLET-ACC-00039,EXTERNAL-OUT,DEV-00039-A,US,332,0,normal
TX-0001505,ACC-00051,2025-01-13T13:36:00+00:00,USDT,527.18239687,527.18,trade,WALLET-ACC-00051,EXTERNAL-OUT,DEV-00051-A,TW,1185,0,normal
TX-0000068,ACC-00003,2025-01-13T13:55:00+00:00,ETH,0.26047,781.41,trade,WALLET-ACC-00003,EXTERNAL-OUT,DEV-00003-A,SG,1110,0,normal
TX-0001391,ACC-00047,2025-01-13T14:07:00+00:00,USDC,1182.92773564,1182.93,withdrawal,WALLET-ACC-00047,CP-ACC-00047-04,DEV-00047-A,JP,694,0,normal
TX-0000067,ACC-00003,2025-01-13T14:25:00+00:00,USDT,2950.6448313,2950.64,transfer_out,WALLET-ACC-00003,CP-ACC-00003-01,DEV-00003-A,SG,1110,0,normal
TX-0001746,ACC-00059,2025-01-13T14:35:00+00:00,USDC,422.90334057,422.9,trade,WALLET-ACC-00059,EXTERNAL-OUT,DEV-00059-A,US,1088,0,normal
TX-0000558,ACC-00019,2025-01-13T15:05:00+00:00,USDC,302.43755875,302.44,deposit,CP-ACC-00019-06,WALLET-ACC-00019,DEV-00019-A,US,1280,0,normal
TX-0000214,ACC-00008,2025-01-13T15:43:00+00:00,ETH,0.26005463,780.16,withdrawal,WALLET-ACC-00008,CP-ACC-00008-02,DEV-00008-A,SG,1064,0,normal
TX-0001475,ACC-00050,2025-01-13T16:50:00+00:00,BTC,0.01126756,676.05,transfer_out,WALLET-ACC-00050,CP-ACC-00050-04,DEV-00050-B,DE,284,0,normal
TX-0000727,ACC-00025,2025-01-13T18:10:00+00:00,USDT,385.31370153,385.31,deposit,CP-ACC-00025-03,WALLET-ACC-00025,DEV-00025-A,DE,1337,0,normal
TX-0001684,ACC-00057,2025-01-13T18:56:00+00:00,BTC,0.02873898,1724.34,withdrawal,WALLET-ACC-00057,CP-ACC-00057-05,DEV-00057-A,JP,1579,0,normal
TX-0001208,ACC-00041,2025-01-13T19:08:00+00:00,USDT,318.12028098,318.12,transfer_out,WALLET-ACC-00041,CP-ACC-00041-03,DEV-00041-B,TW,556,0,normal
TX-0001446,ACC-00049,2025-01-13T19:08:00+00:00,USDC,1224.4115685,1224.41,deposit,CP-ACC-00049-02,WALLET-ACC-00049,DEV-00049-A,US,385,0,normal
TX-0000559,ACC-00019,2025-01-13T19:31:00+00:00,BTC,0.01009501,605.7,withdrawal,WALLET-ACC-00019,CP-ACC-00019-05,DEV-00019-A,US,1280,0,normal
TX-0001055,ACC-00036,2025-01-13T19:42:00+00:00,USDT,456.79369311,456.79,trade,WALLET-ACC-00036,EXTERNAL-OUT,DEV-00036-A,TW,1534,0,normal
TX-0000784,ACC-00027,2025-01-13T19:45:00+00:00,USDT,848.94457091,848.94,withdrawal,WALLET-ACC-00027,CP-ACC-00027-03,DEV-00027-A,JP,1200,0,normal
TX-0000515,ACC-00018,2025-01-13T19:55:00+00:00,USDT,470.96044381,470.96,deposit,CP-ACC-00018-04,WALLET-ACC-00018,DEV-00018-A,SG,1040,0,normal
TX-0001324,ACC-00045,2025-01-13T20:20:00+00:00,USDC,1792.55465143,1792.55,trade,WALLET-ACC-00045,EXTERNAL-OUT,DEV-00045-A,DE,348,0,normal
TX-0000649,ACC-00022,2025-01-13T20:25:00+00:00,ETH,0.17095677,512.87,transfer_in,CP-ACC-00022-02,WALLET-ACC-00022,DEV-00022-A,JP,468,0,normal
TX-0001084,ACC-00037,2025-01-13T20:32:00+00:00,ETH,0.18190378,545.71,transfer_in,CP-ACC-00037-02,WALLET-ACC-00037,DEV-00037-A,JP,817,0,normal
TX-0000276,ACC-00010,2025-01-13T20:39:00+00:00,USDT,495.94471951,495.94,withdrawal,WALLET-ACC-00010,CP-ACC-00010-03,DEV-00010-A,DE,1007,0,normal
TX-0001566,ACC-00053,2025-01-14T06:10:00+00:00,USDC,222.54361391,222.54,trade,WALLET-ACC-00053,EXTERNAL-OUT,DEV-00053-A,SG,1239,0,normal
TX-0001476,ACC-00050,2025-01-14T06:14:00+00:00,USDC,717.1205507,717.12,transfer_in,CP-ACC-00050-04,WALLET-ACC-00050,DEV-00050-A,DE,284,0,normal
TX-0000126,ACC-00005,2025-01-14T06:33:00+00:00,USDT,243.73743665,243.74,transfer_out,WALLET-ACC-00005,CP-ACC-00005-01,DEV-00005-A,DE,1075,0,normal
TX-0000875,ACC-00030,2025-01-14T06:51:00+00:00,USDT,279.21373701,279.21,transfer_in,CP-ACC-00030-03,WALLET-ACC-00030,DEV-00030-A,DE,801,0,normal
TX-0000876,ACC-00030,2025-01-14T06:57:00+00:00,BTC,0.00421344,252.81,withdrawal,WALLET-ACC-00030,CP-ACC-00030-05,DEV-00030-A,DE,801,0,normal
TX-0000590,ACC-00020,2025-01-14T06:59:00+00:00,USDT,523.9720256,523.97,withdrawal,WALLET-ACC-00020,CP-ACC-00020-04,DEV-00020-B,DE,504,0,normal
TX-0000006,ACC-00001,2025-01-14T07:28:00+00:00,USDT,422.34222458,422.34,transfer_out,WALLET-ACC-00001,CP-ACC-00001-05,DEV-00001-A,TW,252,0,normal
TX-0000561,ACC-00019,2025-01-14T09:22:00+00:00,USDC,700.78234077,700.78,transfer_in,CP-ACC-00019-06,WALLET-ACC-00019,DEV-00019-A,US,1280,0,normal
TX-0001176,ACC-00040,2025-01-14T09:22:00+00:00,USDT,964.96308788,964.96,deposit,CP-ACC-00040-04,WALLET-ACC-00040,DEV-00040-A,DE,701,0,normal
TX-0001025,ACC-00035,2025-01-14T09:38:00+00:00,USDC,496.09366768,496.09,deposit,CP-ACC-00035-02,WALLET-ACC-00035,DEV-00035-A,DE,674,0,normal
TX-0001359,ACC-00046,2025-01-14T10:04:00+00:00,ETH,0.1595552,478.67,trade,WALLET-ACC-00046,EXTERNAL-OUT,DEV-00046-A,TW,738,0,normal
TX-0001748,ACC-00059,2025-01-14T11:17:00+00:00,BTC,0.00541287,324.77,withdrawal,WALLET-ACC-00059,CP-ACC-00059-02,DEV-00059-A,US,1088,0,normal
TX-0000516,ACC-00018,2025-01-14T11:43:00+00:00,ETH,0.24744233,742.33,deposit,CP-ACC-00018-03,WALLET-ACC-00018,DEV-00018-A,SG,1040,0,normal
TX-0001116,ACC-00038,2025-01-14T11:43:00+00:00,USDT,1612.57824616,1612.58,transfer_out,WALLET-ACC-00038,CP-ACC-00038-03,DEV-00038-A,SG,1556,0,normal
TX-0000710,ACC-00024,2025-01-14T12:10:00+00:00,USDC,370.89718572,370.9,withdrawal,WALLET-ACC-00024,CP-ACC-00024-02,DEV-00024-A,US,831,0,normal
TX-0000681,ACC-00023,2025-01-14T12:19:00+00:00,BTC,0.01359793,815.88,deposit,CP-ACC-00023-01,WALLET-ACC-00023,DEV-00023-A,SG,626,0,normal
TX-0000966,ACC-00033,2025-01-14T12:30:00+00:00,BTC,0.00764949,458.97,trade,WALLET-ACC-00033,EXTERNAL-OUT,DEV-00033-B,SG,273,0,normal
TX-0000616,ACC-00021,2025-01-14T13:01:00+00:00,USDT,724.25156399,724.25,withdrawal,WALLET-ACC-00021,CP-ACC-00021-04,DEV-00021-A,TW,949,0,normal
TX-0000998,ACC-00034,2025-01-14T13:49:00+00:00,BTC,0.00314721,188.83,withdrawal,WALLET-ACC-00034,CP-ACC-00034-04,DEV-00034-A,US,1007,0,normal
TX-0000651,ACC-00022,2025-01-14T13:55:00+00:00,USDC,361.13596944,361.14,transfer_out,WALLET-ACC-00022,CP-ACC-00022-06,DEV-00022-A,JP,468,0,normal
TX-0001720,ACC-00058,2025-01-14T14:08:00+00:00,ETH,0.26490225,794.71,deposit,CP-ACC-00058-05,WALLET-ACC-00058,DEV-00058-B,SG,1407,0,normal
TX-0001685,ACC-00057,2025-01-14T14:15:00+00:00,USDT,627.54643306,627.55,withdrawal,WALLET-ACC-00057,CP-ACC-00057-03,DEV-00057-A,JP,1579,0,normal
TX-0000967,ACC-00033,2025-01-14T14:39:00+00:00,USDC,371.88151278,371.88,trade,WALLET-ACC-00033,EXTERNAL-OUT,DEV-00033-A,SG,273,0,normal
TX-0001747,ACC-00059,2025-01-14T14:57:00+00:00,BTC,0.00592426,355.46,transfer_out,WALLET-ACC-00059,CP-ACC-00059-03,DEV-00059-A,US,1088,0,normal
TX-0000096,ACC-00004,2025-01-14T15:03:00+00:00,USDT,911.3879227,911.39,trade,WALLET-ACC-00004,EXTERNAL-OUT,DEV-00004-A,US,1214,0,normal
TX-0000370,ACC-00013,2025-01-14T15:34:00+00:00,USDT,828.21642674,828.22,trade,WALLET-ACC-00013,EXTERNAL-OUT,DEV-00013-A,SG,472,0,normal
TX-0001209,ACC-00041,2025-01-14T15:52:00+00:00,USDT,877.05555562,877.06,trade,WALLET-ACC-00041,EXTERNAL-OUT,DEV-00041-A,TW,556,0,normal
TX-0000562,ACC-00019,2025-01-14T15:58:00+00:00,ETH,0.2352621,705.79,withdrawal,WALLET-ACC-00019,CP-ACC-00019-05,DEV-00019-B,US,1280,0,normal
TX-0000069,ACC-00003,2025-01-14T16:29:00+00:00,BTC,0.0194536,1167.22,trade,WALLET-ACC-00003,EXTERNAL-OUT,DEV-00003-A,SG,1110,0,normal
TX-0001146,ACC-00039,2025-01-14T16:31:00+00:00,USDC,206.29824665,206.3,transfer_out,WALLET-ACC-00039,CP-ACC-00039-04,DEV-00039-A,US,332,0,normal
TX-0000215,ACC-00008,2025-01-14T16:42:00+00:00,USDT,305.33945867,305.34,withdrawal,WALLET-ACC-00008,CP-ACC-00008-02,DEV-00008-A,SG,1064,0,normal
TX-0000589,ACC-00020,2025-01-14T17:39:00+00:00,USDT,364.49385471,364.49,deposit,CP-ACC-00020-01,WALLET-ACC-00020,DEV-00020-B,DE,504,0,normal
TX-0001506,ACC-00051,2025-01-14T17:40:00+00:00,USDT,879.43031647,879.43,trade,WALLET-ACC-00051,EXTERNAL-OUT,DEV-00051-A,TW,1185,0,normal
TX-0001392,ACC-00047,2025-01-14T17:46:00+00:00,USDT,706.03948886,706.04,transfer_out,WALLET-ACC-00047,CP-ACC-00047-05,DEV-00047-B,JP,694,0,normal
TX-0000709,ACC-00024,2025-01-14T18:22:00+00:00,USDT,147.84177184,147.84,trade,WALLET-ACC-00024,EXTERNAL-OUT,DEV-00024-A,US,831,0,normal
TX-0001774,ACC-00060,2025-01-14T18:32:00+00:00,USDT,740.92178302,740.92,deposit,CP-ACC-00060-05,WALLET-ACC-00060,DEV-00060-A,DE,498,0,normal
TX-0000216,ACC-00008,2025-01-14T19:37:00+00:00,USDT,314.70427754,314.7,trade,WALLET-ACC-00008,EXTERNAL-OUT,DEV-00008-A,SG,1064,0,normal
TX-0000908,ACC-00031,2025-01-14T20:13:00+00:00,USDT,625.65999529,625.66,withdrawal,WALLET-ACC-00031,CP-ACC-00031-03,DEV-00031-A,TW,332,0,normal
TX-0000563,ACC-00019,2025-01-14T21:05:00+00:00,USDT,241.15988663,241.16,withdrawal,WALLET-ACC-00019,CP-ACC-00019-06,DEV-00019-A,US,1280,0,normal
TX-0000564,ACC-00019,2025-01-14T21:51:00+00:00,USDT,412.66688471,412.67,withdrawal,WALLET-ACC-00019,CP-ACC-00019-03,DEV-00019-A,US,1280,0,normal
TX-0001749,ACC-00059,2025-01-15T06:53:00+00:00,USDC,462.36230646,462.36,withdrawal,WALLET-ACC-00059,CP-ACC-00059-01,DEV-00059-B,US,1088,0,normal
TX-0000758,ACC-00026,2025-01-15T07:00:00+00:00,ETH,0.19798956,593.97,transfer_in,CP-ACC-00026-03,WALLET-ACC-00026,DEV-00026-A,TW,722,0,normal
TX-0000909,ACC-00031,2025-01-15T07:14:00+00:00,USDT,2416.34750229,2416.35,trade,WALLET-ACC-00031,EXTERNAL-OUT,DEV-00031-A,TW,332,0,normal
TX-0000999,ACC-00034,2025-01-15T08:09:00+00:00,USDT,381.33905316,381.34,trade,WALLET-ACC-00034,EXTERNAL-OUT,DEV-00034-A,US,1007,0,normal
TX-0001177,ACC-00040,2025-01-15T08:19:00+00:00,USDT,242.91451229,242.91,withdrawal,WALLET-ACC-00040,CP-ACC-00040-03,DEV-00040-A,DE,701,0,normal
TX-0000567,ACC-00019,2025-01-15T10:13:00+00:00,USDT,312.30893502,312.31,trade,WALLET-ACC-00019,EXTERNAL-OUT,DEV-00019-A,US,1280,0,normal
TX-0000565,ACC-00019,2025-01-15T11:09:00+00:00,USDC,576.66435615,576.66,deposit,CP-ACC-00019-03,WALLET-ACC-00019,DEV-00019-B,US,1280,0,normal
TX-0000683,ACC-00023,2025-01-15T12:08:00+00:00,ETH,0.21981734,659.45,trade,WALLET-ACC-00023,EXTERNAL-OUT,DEV-00023-A,SG,626,0,normal
TX-0000127,ACC-00005,2025-01-15T12:15:00+00:00,USDT,913.87258107,913.87,transfer_out,WALLET-ACC-00005,CP-ACC-00005-06,DEV-00005-A,DE,1075,0,normal
TX-0000913,ACC-00031,2025-01-15T12:15:00+00:00,USDC,1437.36458056,1437.36,deposit,CP-ACC-00031-04,WALLET-ACC-00031,DEV-00031-B,TW,332,0,normal
TX-0000070,ACC-00003,2025-01-15T12:20:00+00:00,BTC,0.02214504,1328.7,trade,WALLET-ACC-00003,EXTERNAL-OUT,DEV-00003-A,SG,1110,0,normal
TX-0000682,ACC-00023,2025-01-15T12:52:00+00:00,ETH,0.26675127,800.25,transfer_in,CP-ACC-00023-04,WALLET-ACC-00023,DEV-00023-A,SG,626,0,normal
TX-0000617,ACC-00021,2025-01-15T12:54:00+00:00,USDT,713.19305586,713.19,trade,WALLET-ACC-00021,EXTERNAL-OUT,DEV-00021-A,TW,949,0,normal
TX-0000912,ACC-00031,2025-01-15T12:58:00+00:00,BTC,0.01545842,927.51,trade,WALLET-ACC-00031,EXTERNAL-OUT,DEV-00031-A,TW,332,0,normal
TX-0000277,ACC-00010,2025-01-15T14:05:00+00:00,BTC,0.00506965,304.18,deposit,CP-ACC-00010-05,WALLET-ACC-00010,DEV-00010-A,DE,1007,0,normal
TX-0000940,ACC-00032,2025-01-15T14:21:00+00:00,BTC,0.00898522,539.11,transfer_in,CP-ACC-00032-04,WALLET-ACC-00032,DEV-00032-A,JP,289,0,normal
TX-0000728,ACC-00025,2025-01-15T14:39:00+00:00,BTC,0.00927174,556.3,trade,WALLET-ACC-00025,EXTERNAL-OUT,DEV-00025-A,DE,1337,0,normal
TX-0000591,ACC-00020,2025-01-15T14:40:00+00:00,USDC,860.17395355,860.17,withdrawal,WALLET-ACC-00020,CP-ACC-00020-02,DEV-00020-B,DE,504,0,normal
TX-0001178,ACC-00040,2025-01-15T15:13:00+00:00,USDT,243.46980003,243.47,transfer_in,CP-ACC-00040-05,WALLET-ACC-00040,DEV-00040-A,DE,701,0,normal
TX-0000566,ACC-00019,2025-01-15T16:33:00+00:00,BTC,0.00869425,521.66,transfer_in,CP-ACC-00019-06,WALLET-ACC-00019,DEV-00019-A,US,1280,0,normal
TX-0000910,ACC-00031,2025-01-15T16:59:00+00:00,USDT,1586.86229131,1586.86,deposit,CP-ACC-00031-03,WALLET-ACC-00031,DEV-00031-A,TW,332,0,normal
TX-0000711,ACC-00024,2025-01-15T18:58:00+00:00,USDT,695.08627133,695.09,withdrawal,WALLET-ACC-00024,CP-ACC-00024-01,DEV-00024-A,US,831,0,normal
TX-0000592,ACC-00020,2025-01-15T19:01:00+00:00,BTC,0.00598294,358.98,withdrawal,WALLET-ACC-00020,CP-ACC-00020-05,DEV-00020-A,DE,504,0,normal
TX-0000517,ACC-00018,2025-01-15T19:21:00+00:00,BTC,0.00932081,559.25,transfer_out,WALLET-ACC-00018,CP-ACC-00018-03,DEV-00018-A,SG,1040,0,normal
TX-0000428,ACC-00015,2025-01-15T20:09:00+00:00,USDT,685.81696643,685.82,transfer_out,WALLET-ACC-00015,CP-ACC-00015-01,DEV-00015-A,DE,1220,0,normal
TX-0000712,ACC-00024,2025-01-15T20:32:00+00:00,USDT,281.71449564,281.71,transfer_out,WALLET-ACC-00024,CP-ACC-00024-05,DEV-00024-A,US,831,0,normal
TX-0000911,ACC-00031,2025-01-15T21:14:00+00:00,USDC,857.02151684,857.02,transfer_in,CP-ACC-00031-01,WALLET-ACC-00031,DEV-00031-A,TW,332,0,normal
TX-0001535,ACC-00052,2025-01-15T21:19:00+00:00,USDC,733.15859481,733.16,trade,WALLET-ACC-00052,EXTERNAL-OUT,DEV-00052-A,JP,523,0,normal
TX-0001056,ACC-00036,2025-01-15T21:28:00+00:00,BTC,0.02439198,1463.52,deposit,CP-ACC-00036-05,WALLET-ACC-00036,DEV-00036-A,TW,1534,0,normal
TX-0001235,ACC-00042,2025-01-16T06:24:00+00:00,USDT,356.20843061,356.21,withdrawal,WALLET-ACC-00042,CP-ACC-00042-01,DEV-00042-A,JP,870,0,normal
TX-0000654,ACC-00022,2025-01-16T08:07:00+00:00,ETH,0.33066819,992.0,deposit,CP-ACC-00022-01,WALLET-ACC-00022,DEV-00022-A,JP,468,0,normal
TX-0000246,ACC-00009,2025-01-16T10:07:00+00:00,USDT,628.57954067,628.58,trade,WALLET-ACC-00009,EXTERNAL-OUT,DEV-00009-A,US,1004,0,normal
TX-0000278,ACC-00010,2025-01-16T10:18:00+00:00,ETH,0.75449072,2263.47,trade,WALLET-ACC-00010,EXTERNAL-OUT,DEV-00010-A,DE,1007,0,normal
TX-0001325,ACC-00045,2025-01-16T10:24:00+00:00,BTC,0.00910945,546.57,trade,WALLET-ACC-00045,EXTERNAL-OUT,DEV-00045-B,DE,348,0,normal
TX-0000846,ACC-00029,2025-01-16T11:03:00+00:00,USDC,470.28068939,470.28,trade,WALLET-ACC-00029,EXTERNAL-OUT,DEV-00029-A,US,901,0,normal
TX-0000153,ACC-00006,2025-01-16T11:17:00+00:00,USDT,910.6249208,910.62,deposit,CP-ACC-00006-06,WALLET-ACC-00006,DEV-00006-A,TW,712,0,normal
TX-0000279,ACC-00010,2025-01-16T11:43:00+00:00,USDC,529.75736761,529.76,transfer_in,CP-ACC-00010-04,WALLET-ACC-00010,DEV-00010-A,DE,1007,0,normal
TX-0001000,ACC-00034,2025-01-16T11:46:00+00:00,USDT,328.91927576,328.92,transfer_in,CP-ACC-00034-05,WALLET-ACC-00034,DEV-00034-A,US,1007,0,normal
TX-0001393,ACC-00047,2025-01-16T11:53:00+00:00,USDT,638.39432113,638.39,trade,WALLET-ACC-00047,EXTERNAL-OUT,DEV-00047-A,JP,694,0,normal
TX-0000729,ACC-00025,2025-01-16T12:01:00+00:00,USDT,649.81618712,649.82,transfer_out,WALLET-ACC-00025,CP-ACC-00025-05,DEV-00025-A,DE,1337,0,normal
TX-0000730,ACC-00025,2025-01-16T12:07:00+00:00,USDT,534.51237283,534.51,trade,WALLET-ACC-00025,EXTERNAL-OUT,DEV-00025-A,DE,1337,0,normal
TX-0001420,ACC-00048,2025-01-16T12:10:00+00:00,BTC,0.00676276,405.77,deposit,CP-ACC-00048-03,WALLET-ACC-00048,DEV-00048-A,SG,1172,0,normal
TX-0000007,ACC-00001,2025-01-16T12:18:00+00:00,USDT,397.27625616,397.28,withdrawal,WALLET-ACC-00001,CP-ACC-00001-01,DEV-00001-A,TW,252,0,normal
TX-0001567,ACC-00053,2025-01-16T12:28:00+00:00,USDT,558.13640468,558.14,withdrawal,WALLET-ACC-00053,CP-ACC-00053-05,DEV-00053-B,SG,1239,0,normal
TX-0000685,ACC-00023,2025-01-16T13:01:00+00:00,ETH,0.22529481,675.88,trade,WALLET-ACC-00023,EXTERNAL-OUT,DEV-00023-A,SG,626,0,normal
TX-0000397,ACC-00014,2025-01-16T13:29:00+00:00,USDT,3164.79790751,3164.8,deposit,CP-ACC-00014-02,WALLET-ACC-00014,DEV-00014-A,US,1364,0,normal
TX-0000217,ACC-00008,2025-01-16T13:30:00+00:00,BTC,0.0222808,1336.85,deposit,CP-ACC-00008-05,WALLET-ACC-00008,DEV-00008-A,SG,1064,0,normal
TX-0000684,ACC-00023,2025-01-16T13:48:00+00:00,USDT,488.51555324,488.52,trade,WALLET-ACC-00023,EXTERNAL-OUT,DEV-00023-A,SG,626,0,normal
TX-0000518,ACC-00018,2025-01-16T13:59:00+00:00,BTC,0.00438366,263.02,deposit,CP-ACC-00018-03,WALLET-ACC-00018,DEV-00018-A,SG,1040,0,normal
TX-0001360,ACC-00046,2025-01-16T14:35:00+00:00,USDT,350.36413076,350.36,deposit,CP-ACC-00046-02,WALLET-ACC-00046,DEV-00046-A,TW,738,0,normal
TX-0000568,ACC-00019,2025-01-16T14:39:00+00:00,USDT,922.30001342,922.3,trade,WALLET-ACC-00019,EXTERNAL-OUT,DEV-00019-A,US,1280,0,normal
TX-0000653,ACC-00022,2025-01-16T14:57:00+00:00,BTC,0.02756785,1654.07,trade,WALLET-ACC-00022,EXTERNAL-OUT,DEV-00022-A,JP,468,0,normal
TX-0001117,ACC-00038,2025-01-16T15:00:00+00:00,USDT,1110.31431351,1110.31,trade,WALLET-ACC-00038,EXTERNAL-OUT,DEV-00038-A,SG,1556,0,normal
TX-0001085,ACC-00037,2025-01-16T15:03:00+00:00,BTC,0.04727293,2836.38,transfer_in,CP-ACC-00037-06,WALLET-ACC-00037,DEV-00037-A,JP,817,0,normal
TX-0001596,ACC-00054,2025-01-16T15:03:00+00:00,USDC,587.06494164,587.06,transfer_in,CP-ACC-00054-05,WALLET-ACC-00054,DEV-00054-B,US,234,0,normal
TX-0000652,ACC-00022,2025-01-16T15:10:00+00:00,ETH,0.28750454,862.51,transfer_in,CP-ACC-00022-02,WALLET-ACC-00022,DEV-00022-A,JP,468,0,normal
TX-0001595,ACC-00054,2025-01-16T15:28:00+00:00,ETH,0.33390674,1001.72,withdrawal,WALLET-ACC-00054,CP-ACC-00054-04,DEV-00054-A,US,234,0,normal
TX-0000618,ACC-00021,2025-01-16T15:45:00+00:00,USDT,702.48561557,702.49,withdrawal,WALLET-ACC-00021,CP-ACC-00021-03,DEV-00021-A,TW,949,0,normal
TX-0000619,ACC-00021,2025-01-16T15:45:00+00:00,USDT,766.03933607,766.04,trade,WALLET-ACC-00021,EXTERNAL-OUT,DEV-00021-B,TW,949,0,normal
TX-0000713,ACC-00024,2025-01-16T16:33:00+00:00,BTC,0.00675069,405.04,withdrawal,WALLET-ACC-00024,CP-ACC-00024-02,DEV-00024-A,US,831,0,normal
TX-0000593,ACC-00020,2025-01-16T16:45:00+00:00,BTC,0.00440345,264.21,transfer_in,CP-ACC-00020-05,WALLET-ACC-00020,DEV-00020-A,DE,504,0,normal
TX-0000245,ACC-00009,2025-01-16T18:12:00+00:00,USDC,414.31391086,414.31,deposit,CP-ACC-00009-01,WALLET-ACC-00009,DEV-00009-B,US,1004,0,normal
TX-0000941,ACC-00032,2025-01-16T18:22:00+00:00,BTC,0.00749894,449.94,withdrawal,WALLET-ACC-00032,CP-ACC-00032-03,DEV-00032-A,JP,289,0,normal
TX-0000186,ACC-00007,2025-01-16T18:36:00+00:00,BTC,0.00372193,223.32,transfer_in,CP-ACC-00007-02,WALLET-ACC-00007,DEV-00007-A,JP,1304,0,normal
TX-0001507,ACC-00051,2025-01-16T18:40:00+00:00,BTC,0.01625672,975.4,transfer_in,CP-ACC-00051-05,WALLET-ACC-00051,DEV-00051-A,TW,1185,0,normal
TX-0001750,ACC-00059,2025-01-16T18:58:00+00:00,BTC,0.00564681,338.81,deposit,CP-ACC-00059-06,WALLET-ACC-00059,DEV-00059-A,US,1088,0,normal
TX-0001236,ACC-00042,2025-01-17T06:04:00+00:00,USDC,526.43186949,526.43,trade,WALLET-ACC-00042,EXTERNAL-OUT,DEV-00042-A,JP,870,0,normal
TX-0001536,ACC-00052,2025-01-17T06:47:00+00:00,USDT,641.17738367,641.18,transfer_out,WALLET-ACC-00052,CP-ACC-00052-05,DEV-00052-A,JP,523,0,normal
TX-0000819,ACC-00028,2025-01-17T07:06:00+00:00,USDT,1594.73605719,1594.74,deposit,CP-ACC-00028-02,WALLET-ACC-00028,DEV-00028-A,SG,1285,0,normal
TX-0001626,ACC-00055,2025-01-17T07:12:00+00:00,USDC,477.03523594,477.04,transfer_out,WALLET-ACC-00055,CP-ACC-00055-01,DEV-00055-A,DE,1372,0,normal
TX-0000337,ACC-00012,2025-01-17T10:29:00+00:00,BTC,0.01471491,882.89,transfer_in,CP-ACC-00012-03,WALLET-ACC-00012,DEV-00012-A,JP,546,0,normal
TX-0000596,ACC-00020,2025-01-17T10:57:00+00:00,BTC,0.0056994,341.96,trade,WALLET-ACC-00020,EXTERNAL-OUT,DEV-00020-A,DE,504,0,normal
TX-0000594,ACC-00020,2025-01-17T11:04:00+00:00,USDT,503.0068144,503.01,trade,WALLET-ACC-00020,EXTERNAL-OUT,DEV-00020-A,DE,504,0,normal
TX-0001568,ACC-00053,2025-01-17T11:08:00+00:00,BTC,0.00193949,116.37,deposit,CP-ACC-00053-04,WALLET-ACC-00053,DEV-00053-A,SG,1239,0,normal
TX-0001752,ACC-00059,2025-01-17T11:09:00+00:00,USDT,202.61894323,202.62,trade,WALLET-ACC-00059,EXTERNAL-OUT,DEV-00059-A,US,1088,0,normal
TX-0001751,ACC-00059,2025-01-17T11:24:00+00:00,ETH,0.1092124,327.64,transfer_in,CP-ACC-00059-05,WALLET-ACC-00059,DEV-00059-A,US,1088,0,normal
TX-0001001,ACC-00034,2025-01-17T11:45:00+00:00,USDC,385.14854791,385.15,trade,WALLET-ACC-00034,EXTERNAL-OUT,DEV-00034-A,US,1007,0,normal
TX-0000098,ACC-00004,2025-01-17T12:19:00+00:00,BTC,0.01466236,879.74,transfer_in,CP-ACC-00004-06,WALLET-ACC-00004,DEV-00004-A,US,1214,0,normal
TX-0000569,ACC-00019,2025-01-17T12:38:00+00:00,USDC,346.83359306,346.83,withdrawal,WALLET-ACC-00019,CP-ACC-00019-01,DEV-00019-A,US,1280,0,normal
TX-0001477,ACC-00050,2025-01-17T12:46:00+00:00,USDT,1209.77487875,1209.77,trade,WALLET-ACC-00050,EXTERNAL-OUT,DEV-00050-A,DE,284,0,normal
TX-0001508,ACC-00051,2025-01-17T13:17:00+00:00,USDT,688.91085381,688.91,deposit,CP-ACC-00051-03,WALLET-ACC-00051,DEV-00051-A,TW,1185,0,normal
TX-0000595,ACC-00020,2025-01-17T13:44:00+00:00,USDC,305.78059784,305.78,withdrawal,WALLET-ACC-00020,CP-ACC-00020-03,DEV-00020-A,DE,504,0,normal
TX-0000847,ACC-00029,2025-01-17T13:53:00+00:00,USDC,623.3963323,623.4,trade,WALLET-ACC-00029,EXTERNAL-OUT,DEV-00029-A,US,901,0,normal
TX-0000714,ACC-00024,2025-01-17T13:58:00+00:00,USDT,659.13301912,659.13,withdrawal,WALLET-ACC-00024,CP-ACC-00024-04,DEV-00024-A,US,831,0,normal
TX-0000154,ACC-00006,2025-01-17T14:13:00+00:00,BTC,0.00690118,414.07,trade,WALLET-ACC-00006,EXTERNAL-OUT,DEV-00006-A,TW,712,0,normal
TX-0001210,ACC-00041,2025-01-17T15:25:00+00:00,ETH,0.12843277,385.3,deposit,CP-ACC-00041-03,WALLET-ACC-00041,DEV-00041-A,TW,556,0,normal
TX-0000622,ACC-00021,2025-01-17T15:46:00+00:00,USDT,977.27726984,977.28,deposit,CP-ACC-00021-04,WALLET-ACC-00021,DEV-00021-A,TW,949,0,normal
TX-0000038,ACC-00002,2025-01-17T15:53:00+00:00,USDC,573.63508693,573.64,deposit,CP-ACC-00002-01,WALLET-ACC-00002,DEV-00002-B,JP,980,0,normal
TX-0001686,ACC-00057,2025-01-17T16:10:00+00:00,USDC,331.37524056,331.38,withdrawal,WALLET-ACC-00057,CP-ACC-00057-05,DEV-00057-A,JP,1579,0,normal
TX-0000655,ACC-00022,2025-01-17T16:11:00+00:00,USDC,948.23843906,948.24,transfer_in,CP-ACC-00022-02,WALLET-ACC-00022,DEV-00022-A,JP,468,0,normal
TX-0000818,ACC-00028,2025-01-17T17:25:00+00:00,USDT,2051.10779258,2051.11,transfer_in,CP-ACC-00028-02,WALLET-ACC-00028,DEV-00028-A,SG,1285,0,normal
TX-0000620,ACC-00021,2025-01-17T18:16:00+00:00,ETH,0.20466417,613.99,trade,WALLET-ACC-00021,EXTERNAL-OUT,DEV-00021-A,TW,949,0,normal
TX-0001326,ACC-00045,2025-01-17T18:34:00+00:00,BTC,0.00220652,132.39,trade,WALLET-ACC-00045,EXTERNAL-OUT,DEV-00045-A,DE,348,0,normal
TX-0001537,ACC-00052,2025-01-17T18:46:00+00:00,USDC,506.18775344,506.19,transfer_out,WALLET-ACC-00052,CP-ACC-00052-02,DEV-00052-A,JP,523,0,normal
TX-0001447,ACC-00049,2025-01-17T18:50:00+00:00,ETH,0.08064378,241.93,withdrawal,WALLET-ACC-00049,CP-ACC-00049-02,DEV-00049-A,US,385,0,normal
TX-0001394,ACC-00047,2025-01-17T18:55:00+00:00,USDT,482.83995472,482.84,trade,WALLET-ACC-00047,EXTERNAL-OUT,DEV-00047-A,JP,694,0,normal
TX-0000097,ACC-00004,2025-01-17T19:35:00+00:00,USDT,613.92669548,613.93,withdrawal,WALLET-ACC-00004,CP-ACC-00004-05,DEV-00004-B,US,1214,0,normal
TX-0001002,ACC-00034,2025-01-17T19:52:00+00:00,ETH,0.27324381,819.73,trade,WALLET-ACC-00034,EXTERNAL-OUT,DEV-00034-A,US,1007,0,normal
TX-0001298,ACC-00044,2025-01-17T20:00:00+00:00,USDC,218.64690042,218.65,trade,WALLET-ACC-00044,EXTERNAL-OUT,DEV-00044-A,US,664,0,normal
TX-0000489,ACC-00017,2025-01-17T20:40:00+00:00,USDT,689.76589732,689.77,transfer_in,CP-ACC-00017-06,WALLET-ACC-00017,DEV-00017-B,JP,666,0,normal
TX-0000621,ACC-00021,2025-01-17T21:09:00+00:00,BTC,0.01700947,1020.57,trade,WALLET-ACC-00021,EXTERNAL-OUT,DEV-00021-A,TW,949,0,normal
TX-0000429,ACC-00015,2025-01-17T21:52:00+00:00,ETH,0.16278928,488.37,transfer_in,CP-ACC-00015-01,WALLET-ACC-00015,DEV-00015-A,DE,1220,0,normal
TX-0000490,ACC-00017,2025-01-18T06:51:00+00:00,USDT,579.18473428,579.18,trade,WALLET-ACC-00017,EXTERNAL-OUT,DEV-00017-A,JP,666,0,normal
TX-0000687,ACC-00023,2025-01-18T08:26:00+00:00,USDT,1674.20684215,1674.21,transfer_out,WALLET-ACC-00023,CP-ACC-00023-05,DEV-00023-A,SG,626,0,normal
TX-0000943,ACC-00032,2025-01-18T09:26:00+00:00,BTC,0.00537359,322.42,transfer_out,WALLET-ACC-00032,CP-ACC-00032-02,DEV-00032-A,JP,289,0,normal
TX-0000686,ACC-00023,2025-01-18T09:39:00+00:00,USDT,429.23348906,429.23,withdrawal,WALLET-ACC-00023,CP-ACC-00023-03,DEV-00023-A,SG,626,0,normal
TX-0001448,ACC-00049,2025-01-18T09:53:00+00:00,USDT,581.72286269,581.72,withdrawal,WALLET-ACC-00049,CP-ACC-00049-06,DEV-00049-A,US,385,0,normal
TX-0001775,ACC-00060,2025-01-18T10:06:00+00:00,USDC,942.91616707,942.92,withdrawal,WALLET-ACC-00060,CP-ACC-00060-04,DEV-00060-A,DE,498,0,normal
TX-0000624,ACC-00021,2025-01-18T10:08:00+00:00,USDC,702.27754411,702.28,withdrawal,WALLET-ACC-00021,CP-ACC-00021-01,DEV-00021-A,TW,949,0,normal
TX-0000623,ACC-00021,2025-01-18T10:10:00+00:00,ETH,1.23585524,3707.57,transfer_out,WALLET-ACC-00021,CP-ACC-00021-04,DEV-00021-A,TW,949,0,normal
TX-0000759,ACC-00026,2025-01-18T11:05:00+00:00,ETH,0.10102324,303.07,withdrawal,WALLET-ACC-00026,CP-ACC-00026-01,DEV-00026-A,TW,722,0,normal
TX-0000155,ACC-00006,2025-01-18T11:14:00+00:00,USDC,1186.42205533,1186.42,trade,WALLET-ACC-00006,EXTERNAL-OUT,DEV-00006-A,TW,712,0,normal
TX-0000280,ACC-00010,2025-01-18T11:21:00+00:00,BTC,0.01061654,636.99,deposit,CP-ACC-00010-06,WALLET-ACC-00010,DEV-00010-A,DE,1007,0,normal
TX-0001753,ACC-00059,2025-01-18T11:50:00+00:00,USDC,205.05164636,205.05,transfer_out,WALLET-ACC-00059,CP-ACC-00059-06,DEV-00059-A,US,1088,0,normal
TX-0000338,ACC-00012,2025-01-18T12:08:00+00:00,ETH,0.34128203,1023.85,deposit,CP-ACC-00012-01,WALLET-ACC-00012,DEV-00012-A,JP,546,0,normal
TX-0000430,ACC-00015,2025-01-18T12:26:00+00:00,USDT,1122.8102131,1122.81,trade,WALLET-ACC-00015,EXTERNAL-OUT,DEV-00015-A,DE,1220,0,normal
TX-0001086,ACC-00037,2025-01-18T12:36:00+00:00,ETH,0.17458453,523.75,transfer_in,CP-ACC-00037-01,WALLET-ACC-00037,DEV-00037-A,JP,817,0,normal
TX-0001211,ACC-00041,2025-01-18T12:39:00+00:00,ETH,0.26961455,808.84,trade,WALLET-ACC-00041,EXTERNAL-OUT,DEV-00041-A,TW,556,0,normal
TX-0000718,ACC-00024,2025-01-18T12:49:00+00:00,ETH,0.1037511,311.25,withdrawal,WALLET-ACC-00024,CP-ACC-00024-03,DEV-00024-A,US,831,0,normal
TX-0000942,ACC-00032,2025-01-18T12:54:00+00:00,BTC,0.01330987,798.59,trade,WALLET-ACC-00032,EXTERNAL-OUT,DEV-00032-A,JP,289,0,normal
TX-0001687,ACC-00057,2025-01-18T13:55:00+00:00,BTC,0.00585422,351.25,transfer_in,CP-ACC-00057-04,WALLET-ACC-00057,DEV-00057-A,JP,1579,0,normal
TX-0000519,ACC-00018,2025-01-18T14:05:00+00:00,BTC,0.00957318,574.39,trade,WALLET-ACC-00018,EXTERNAL-OUT,DEV-00018-A,SG,1040,0,normal
TX-0000716,ACC-00024,2025-01-18T14:06:00+00:00,USDT,454.12123101,454.12,deposit,CP-ACC-00024-03,WALLET-ACC-00024,DEV-00024-A,US,831,0,normal
TX-0000626,ACC-00021,2025-01-18T14:18:00+00:00,USDC,692.75293698,692.75,trade,WALLET-ACC-00021,EXTERNAL-OUT,DEV-00021-B,TW,949,0,normal
TX-0000656,ACC-00022,2025-01-18T14:40:00+00:00,USDC,719.14190206,719.14,trade,WALLET-ACC-00022,EXTERNAL-OUT,DEV-00022-B,JP,468,0,normal
TX-0000658,ACC-00022,2025-01-18T15:06:00+00:00,USDC,1216.58793333,1216.59,withdrawal,WALLET-ACC-00022,CP-ACC-00022-03,DEV-00022-A,JP,468,0,normal
TX-0000717,ACC-00024,2025-01-18T15:51:00+00:00,USDT,248.21269989,248.21,trade,WALLET-ACC-00024,EXTERNAL-OUT,DEV-00024-A,US,831,0,normal
TX-0001268,ACC-00043,2025-01-18T17:26:00+00:00,USDC,451.55849346,451.56,withdrawal,WALLET-ACC-00043,CP-ACC-00043-02,DEV-00043-A,SG,1396,0,normal
TX-0000657,ACC-00022,2025-01-18T17:27:00+00:00,USDT,597.90324287,597.9,trade,WALLET-ACC-00022,EXTERNAL-OUT,DEV-00022-B,JP,468,0,normal
TX-0000715,ACC-00024,2025-01-18T18:13:00+00:00,ETH,0.10888734,326.66,trade,WALLET-ACC-00024,EXTERNAL-OUT,DEV-00024-A,US,831,0,normal
TX-0000625,ACC-00021,2025-01-18T21:22:00+00:00,ETH,0.16336719,490.1,trade,WALLET-ACC-00021,EXTERNAL-OUT,DEV-00021-A,TW,949,0,normal
TX-0001538,ACC-00052,2025-01-19T06:08:00+00:00,USDT,782.90349971,782.9,trade,WALLET-ACC-00052,EXTERNAL-OUT,DEV-00052-A,JP,523,0,normal
TX-0000968,ACC-00033,2025-01-19T06:15:00+00:00,ETH,0.17646289,529.39,transfer_out,WALLET-ACC-00033,CP-ACC-00033-05,DEV-00033-B,SG,273,0,normal
TX-0001421,ACC-00048,2025-01-19T06:18:00+00:00,BTC,0.0069542,417.25,trade,WALLET-ACC-00048,EXTERNAL-OUT,DEV-00048-A,SG,1172,0,normal
TX-0000398,ACC-00014,2025-01-19T09:45:00+00:00,ETH,0.21685815,650.57,transfer_out,WALLET-ACC-00014,CP-ACC-00014-02,DEV-00014-B,US,1364,0,normal
TX-0000306,ACC-00011,2025-01-19T10:03:00+00:00,USDT,1330.17947598,1330.18,deposit,CP-ACC-00011-01,WALLET-ACC-00011,DEV-00011-A,TW,1007,0,normal
TX-0000688,ACC-00023,2025-01-19T11:13:00+00:00,BTC,0.01290968,774.58,transfer_in,CP-ACC-00023-05,WALLET-ACC-00023,DEV-00023-A,SG,626,0,normal
TX-0000719,ACC-00024,2025-01-19T12:00:00+00:00,USDC,364.02502107,364.03,trade,WALLET-ACC-00024,EXTERNAL-OUT,DEV-00024-A,US,831,0,normal
TX-0001509,ACC-00051,2025-01-19T12:16:00+00:00,USDC,666.76782922,666.77,trade,WALLET-ACC-00051,EXTERNAL-OUT,DEV-00051-A,TW,1185,0,normal
TX-0001597,ACC-00054,2025-01-19T12:48:00+00:00,BTC,0.01294287,776.57,transfer_in,CP-ACC-00054-01,WALLET-ACC-00054,DEV-00054-A,US,234,0,normal
TX-0000156,ACC-00006,2025-01-19T13:06:00+00:00,ETH,0.34237438,1027.12,trade,WALLET-ACC-00006,EXTERNAL-OUT,DEV-00006-A,TW,712,0,normal
TX-0000627,ACC-00021,2025-01-19T13:27:00+00:00,BTC,0.01146922,688.15,transfer_out,WALLET-ACC-00021,CP-ACC-00021-04,DEV-00021-A,TW,949,0,normal
TX-0000247,ACC-00009,2025-01-19T13:38:00+00:00,ETH,0.13519946,405.6,transfer_in,CP-ACC-00009-01,WALLET-ACC-00009,DEV-00009-A,US,1004,0,normal
TX-0001087,ACC-00037,2025-01-19T13:49:00+00:00,BTC,0.01523486,914.09,transfer_in,CP-ACC-00037-04,WALLET-ACC-00037,DEV-00037-A,JP,817,0,normal
TX-0001148,ACC-00039,2025-01-19T14:13:00+00:00,USDC,283.03972604,283.04,trade,WALLET-ACC-00039,EXTERNAL-OUT,DEV-00039-A,US,332,0,normal
TX-0001627,ACC-00055,2025-01-19T14:26:00+00:00,USDT,170.33000876,170.33,transfer_in,CP-ACC-00055-01,WALLET-ACC-00055,DEV-00055-A,DE,1372,0,normal
TX-0000597,ACC-00020,2025-01-19T14:42:00+00:00,USDC,409.72831903,409.73,transfer_in,CP-ACC-00020-01,WALLET-ACC-00020,DEV-00020-A,DE,504,0,normal
TX-0001510,ACC-00051,2025-01-19T15:36:00+00:00,BTC,0.01504098,902.46,transfer_out,WALLET-ACC-00051,CP-ACC-00051-06,DEV-00051-A,TW,1185,0,normal
TX-0000598,ACC-00020,2025-01-19T15:38:00+00:00,USDT,699.62895216,699.63,transfer_in,CP-ACC-00020-05,WALLET-ACC-00020,DEV-00020-A,DE,504,0,normal
TX-0000187,ACC-00007,2025-01-19T15:50:00+00:00,BTC,0.01852462,1111.48,trade,WALLET-ACC-00007,EXTERNAL-OUT,DEV-00007-A,JP,1304,0,normal
TX-0000877,ACC-00030,2025-01-19T16:05:00+00:00,BTC,0.00514355,308.61,trade,WALLET-ACC-00030,EXTERNAL-OUT,DEV-00030-B,DE,801,0,normal
TX-0001212,ACC-00041,2025-01-19T16:09:00+00:00,BTC,0.00814716,488.83,deposit,CP-ACC-00041-05,WALLET-ACC-00041,DEV-00041-A,TW,556,0,normal
TX-0000720,ACC-00024,2025-01-19T16:40:00+00:00,USDT,149.09114689,149.09,trade,WALLET-ACC-00024,EXTERNAL-OUT,DEV-00024-A,US,831,0,normal
TX-0001327,ACC-00045,2025-01-19T18:41:00+00:00,USDT,321.93499597,321.93,withdrawal,WALLET-ACC-00045,CP-ACC-00045-06,DEV-00045-A,DE,348,0,normal
TX-0000944,ACC-00032,2025-01-19T18:52:00+00:00,USDC,368.55162182,368.55,transfer_out,WALLET-ACC-00032,CP-ACC-00032-02,DEV-00032-A,JP,289,0,normal
TX-0001147,ACC-00039,2025-01-19T19:12:00+00:00,USDT,144.8961418,144.9,transfer_in,CP-ACC-00039-02,WALLET-ACC-00039,DEV-00039-A,US,332,0,normal
TX-0001628,ACC-00055,2025-01-19T19:26:00+00:00,ETH,0.07721828,231.65,trade,WALLET-ACC-00055,EXTERNAL-OUT,DEV-00055-A,DE,1372,0,normal
TX-0000071,ACC-00003,2025-01-19T19:51:00+00:00,BTC,0.02172014,1303.21,transfer_out,WALLET-ACC-00003,CP-ACC-00003-04,DEV-00003-A,SG,1110,0,normal
TX-0000339,ACC-00012,2025-01-19T20:09:00+00:00,USDT,217.41454286,217.41,deposit,CP-ACC-00012-06,WALLET-ACC-00012,DEV-00012-A,JP,546,0,normal
TX-0001149,ACC-00039,2025-01-19T20:23:00+00:00,USDT,169.15456255,169.15,transfer_out,WALLET-ACC-00039,CP-ACC-00039-06,DEV-00039-B,US,332,0,normal
TX-0001539,ACC-00052,2025-01-19T21:56:00+00:00,USDC,895.77499441,895.77,trade,WALLET-ACC-00052,EXTERNAL-OUT,DEV-00052-A,JP,523,0,normal
TX-0000690,ACC-00023,2025-01-20T06:23:00+00:00,ETH,0.20119297,603.58,transfer_in,CP-ACC-00023-02,WALLET-ACC-00023,DEV-00023-A,SG,626,0,normal
TX-0000660,ACC-00022,2025-01-20T06:24:00+00:00,USDC,1132.42810646,1132.43,trade,WALLET-ACC-00022,EXTERNAL-OUT,DEV-00022-B,JP,468,0,normal
TX-0000570,ACC-00019,2025-01-20T06:49:00+00:00,USDC,504.91123943,504.91,deposit,CP-ACC-00019-04,WALLET-ACC-00019,DEV-00019-A,US,1280,0,normal
TX-0001479,ACC-00050,2025-01-20T08:54:00+00:00,USDT,654.7602787,654.76,trade,WALLET-ACC-00050,EXTERNAL-OUT,DEV-00050-A,DE,284,0,normal
TX-0000629,ACC-00021,2025-01-20T09:35:00+00:00,USDT,605.69750266,605.7,transfer_in,CP-ACC-00021-02,WALLET-ACC-00021,DEV-00021-A,TW,949,0,normal
TX-0001057,ACC-00036,2025-01-20T09:56:00+00:00,USDT,345.77172128,345.77,withdrawal,WALLET-ACC-00036,CP-ACC-00036-02,DEV-00036-A,TW,1534,0,normal
TX-0000248,ACC-00009,2025-01-20T10:10:00+00:00,ETH,0.28496011,854.88,deposit,CP-ACC-00009-05,WALLET-ACC-00009,DEV-00009-A,US,1004,0,normal
TX-0000099,ACC-00004,2025-01-20T10:17:00+00:00,USDT,248.41487552,248.41,deposit,CP-ACC-00004-01,WALLET-ACC-00004,DEV-00004-A,US,1214,0,normal
TX-0001449,ACC-00049,2025-01-20T10:20:00+00:00,USDT,705.91829509,705.92,trade,WALLET-ACC-00049,EXTERNAL-OUT,DEV-00049-A,US,385,0,normal
TX-0000945,ACC-00032,2025-01-20T10:31:00+00:00,ETH,0.07435824,223.07,transfer_in,CP-ACC-00032-04,WALLET-ACC-00032,DEV-00032-A,JP,289,0,normal
TX-0000307,ACC-00011,2025-01-20T10:39:00+00:00,ETH,0.16878553,506.36,trade,WALLET-ACC-00011,EXTERNAL-OUT,DEV-00011-A,TW,1007,0,normal
TX-0000600,ACC-00020,2025-01-20T11:09:00+00:00,BTC,0.00701441,420.86,trade,WALLET-ACC-00020,EXTERNAL-OUT,DEV-00020-B,DE,504,0,normal
TX-0000520,ACC-00018,2025-01-20T12:14:00+00:00,USDC,281.02083201,281.02,trade,WALLET-ACC-00018,EXTERNAL-OUT,DEV-00018-A,SG,1040,0,normal
TX-0000760,ACC-00026,2025-01-20T12:23:00+00:00,ETH,0.06670597,200.12,deposit,CP-ACC-00026-05,WALLET-ACC-00026,DEV-00026-A,TW,722,0,normal
TX-0000599,ACC-00020,2025-01-20T13:27:00+00:00,USDC,292.62622227,292.63,withdrawal,WALLET-ACC-00020,CP-ACC-00020-06,DEV-00020-A,DE,504,0,normal
TX-0001118,ACC-00038,2025-01-20T14:02:00+00:00,ETH,0.21789812,653.69,trade,WALLET-ACC-00038,EXTERNAL-OUT,DEV-00038-A,SG,1556,0,normal
TX-0001598,ACC-00054,2025-01-20T14:19:00+00:00,USDT,1937.1806881,1937.18,trade,WALLET-ACC-00054,EXTERNAL-OUT,DEV-00054-A,US,234,0,normal
TX-0000460,ACC-00016,2025-01-20T15:02:00+00:00,USDT,946.12499687,946.12,withdrawal,WALLET-ACC-00016,CP-ACC-00016-02,DEV-00016-A,TW,694,0,normal
TX-0001776,ACC-00060,2025-01-20T15:24:00+00:00,USDT,485.94188253,485.94,trade,WALLET-ACC-00060,EXTERNAL-OUT,DEV-00060-A,DE,498,0,normal
TX-0000689,ACC-00023,2025-01-20T15:36:00+00:00,BTC,0.00736811,442.09,trade,WALLET-ACC-00023,EXTERNAL-OUT,DEV-00023-A,SG,626,0,normal
TX-0000628,ACC-00021,2025-01-20T15:58:00+00:00,ETH,0.37139748,1114.19,transfer_out,WALLET-ACC-00021,CP-ACC-00021-05,DEV-00021-A,TW,949,0,normal
TX-0000630,ACC-00021,2025-01-20T15:58:00+00:00,USDT,1021.91445677,1021.91,deposit,CP-ACC-00021-06,WALLET-ACC-00021,DEV-00021-A,TW,949,0,normal
TX-0000461,ACC-00016,2025-01-20T16:02:00+00:00,USDT,944.3528909,944.35,withdrawal,WALLET-ACC-00016,CP-ACC-00016-01,DEV-00016-A,TW,694,0,normal
TX-0000659,ACC-00022,2025-01-20T16:26:00+00:00,USDT,969.47571769,969.48,withdrawal,WALLET-ACC-00022,CP-ACC-00022-02,DEV-00022-A,JP,468,0,normal
TX-0000218,ACC-00008,2025-01-20T16:29:00+00:00,USDC,924.00372519,924.0,transfer_out,WALLET-ACC-00008,CP-ACC-00008-03,DEV-00008-B,SG,1064,0,normal
TX-0001237,ACC-00042,2025-01-20T16:33:00+00:00,USDT,1187.07130159,1187.07,transfer_out,WALLET-ACC-00042,CP-ACC-00042-05,DEV-00042-A,JP,870,0,normal
TX-0001422,ACC-00048,2025-01-20T19:45:00+00:00,USDT,182.93325017,182.93,trade,WALLET-ACC-00048,EXTERNAL-OUT,DEV-00048-A,SG,1172,0,normal
TX-0001478,ACC-00050,2025-01-20T21:42:00+00:00,USDT,519.8905248,519.89,transfer_out,WALLET-ACC-00050,CP-ACC-00050-01,DEV-00050-A,DE,284,0,normal
TX-0000219,ACC-00008,2025-01-21T10:11:00+00:00,USDC,354.34862901,354.35,trade,WALLET-ACC-00008,EXTERNAL-OUT,DEV-00008-A,SG,1064,0,normal
TX-0000101,ACC-00004,2025-01-21T10:58:00+00:00,BTC,0.01133833,680.3,transfer_in,CP-ACC-00004-02,WALLET-ACC-00004,DEV-00004-B,US,1214,0,normal
TX-0001395,ACC-00047,2025-01-21T11:42:00+00:00,USDC,1017.73490695,1017.73,withdrawal,WALLET-ACC-00047,CP-ACC-00047-04,DEV-00047-B,JP,694,0,normal
TX-0000785,ACC-00027,2025-01-21T11:57:00+00:00,USDT,1033.14010094,1033.14,transfer_in,CP-ACC-00027-04,WALLET-ACC-00027,DEV-00027-A,JP,1200,0,normal
TX-0001269,ACC-00043,2025-01-21T12:39:00+00:00,ETH,0.19520426,585.61,trade,WALLET-ACC-00043,EXTERNAL-OUT,DEV-00043-A,SG,1396,0,normal
TX-0000431,ACC-00015,2025-01-21T12:54:00+00:00,ETH,0.07968482,239.05,transfer_out,WALLET-ACC-00015,CP-ACC-00015-02,DEV-00015-A,DE,1220,0,normal
TX-0001003,ACC-00034,2025-01-21T13:56:00+00:00,USDT,306.75923606,306.76,withdrawal,WALLET-ACC-00034,CP-ACC-00034-01,DEV-00034-A,US,1007,0,normal
TX-0001150,ACC-00039,2025-01-21T14:53:00+00:00,ETH,0.05021101,150.63,transfer_out,WALLET-ACC-00039,CP-ACC-00039-06,DEV-00039-A,US,332,0,normal
TX-0001058,ACC-00036,2025-01-21T14:54:00+00:00,ETH,0.07759095,232.77,deposit,CP-ACC-00036-02,WALLET-ACC-00036,DEV-00036-B,TW,1534,0,normal
TX-0001511,ACC-00051,2025-01-21T14:59:00+00:00,ETH,0.44623604,1338.71,transfer_in,CP-ACC-00051-04,WALLET-ACC-00051,DEV-00051-A,TW,1185,0,normal
TX-0000761,ACC-00026,2025-01-21T15:06:00+00:00,USDT,264.48143296,264.48,withdrawal,WALLET-ACC-00026,CP-ACC-00026-05,DEV-00026-A,TW,722,0,normal
TX-0001026,ACC-00035,2025-01-21T15:27:00+00:00,USDT,573.92959431,573.93,transfer_in,CP-ACC-00035-01,WALLET-ACC-00035,DEV-00035-A,DE,674,0,normal
TX-0000731,ACC-00025,2025-01-21T15:45:00+00:00,BTC,0.00943131,565.88,deposit,CP-ACC-00025-03,WALLET-ACC-00025,DEV-00025-A,DE,1337,0,normal
TX-0001450,ACC-00049,2025-01-21T15:59:00+00:00,USDC,380.04123074,380.04,transfer_out,WALLET-ACC-00049,CP-ACC-00049-01,DEV-00049-A,US,385,0,normal
TX-0001480,ACC-00050,2025-01-21T16:05:00+00:00,BTC,0.01008727,605.24,deposit,CP-ACC-00050-03,WALLET-ACC-00050,DEV-00050-A,DE,284,0,normal
TX-0000157,ACC-00006,2025-01-21T16:12:00+00:00,USDT,1039.57470873,1039.57,withdrawal,WALLET-ACC-00006,CP-ACC-00006-01,DEV-00006-A,TW,712,0,normal
TX-0001119,ACC-00038,2025-01-21T16:19:00+00:00,USDT,970.77592437,970.78,withdrawal,WALLET-ACC-00038,CP-ACC-00038-06,DEV-00038-A,SG,1556,0,normal
TX-0000786,ACC-00027,2025-01-21T16:47:00+00:00,USDT,727.34606541,727.35,transfer_out,WALLET-ACC-00027,CP-ACC-00027-01,DEV-00027-A,JP,1200,0,normal
TX-0000848,ACC-00029,2025-01-21T17:07:00+00:00,USDT,573.18520573,573.19,transfer_in,CP-ACC-00029-02,WALLET-ACC-00029,DEV-00029-A,US,901,0,normal
TX-0000491,ACC-00017,2025-01-21T17:23:00+00:00,BTC,0.00968646,581.19,transfer_out,WALLET-ACC-00017,CP-ACC-00017-06,DEV-00017-A,JP,666,0,normal
TX-0000787,ACC-00027,2025-01-21T17:24:00+00:00,BTC,0.02660942,1596.57,transfer_out,WALLET-ACC-00027,CP-ACC-00027-03,DEV-00027-A,JP,1200,0,normal
TX-0000039,ACC-00002,2025-01-21T17:48:00+00:00,USDT,190.04067175,190.04,trade,WALLET-ACC-00002,EXTERNAL-OUT,DEV-00002-A,JP,980,0,normal
TX-0000100,ACC-00004,2025-01-21T18:02:00+00:00,BTC,0.00768858,461.31,transfer_in,CP-ACC-00004-01,WALLET-ACC-00004,DEV-00004-A,US,1214,0,normal
TX-0000521,ACC-00018,2025-01-21T21:34:00+00:00,USDT,243.50766447,243.51,trade,WALLET-ACC-00018,EXTERNAL-OUT,DEV-00018-A,SG,1040,0,normal
TX-0001629,ACC-00055,2025-01-22T11:48:00+00:00,USDT,112.75608844,112.76,withdrawal,WALLET-ACC-00055,CP-ACC-00055-02,DEV-00055-A,DE,1372,0,normal
TX-0000432,ACC-00015,2025-01-22T12:06:00+00:00,ETH,0.16788737,503.66,trade,WALLET-ACC-00015,EXTERNAL-OUT,DEV-00015-A,DE,1220,0,normal
TX-0001423,ACC-00048,2025-01-22T12:10:00+00:00,ETH,0.04595094,137.85,withdrawal,WALLET-ACC-00048,CP-ACC-00048-06,DEV-00048-A,SG,1172,0,normal
TX-0001299,ACC-00044,2025-01-22T12:15:00+00:00,USDT,193.29020125,193.29,trade,WALLET-ACC-00044,EXTERNAL-OUT,DEV-00044-A,US,664,0,normal
TX-0001540,ACC-00052,2025-01-22T12:25:00+00:00,USDC,474.33431807,474.33,trade,WALLET-ACC-00052,EXTERNAL-OUT,DEV-00052-A,JP,523,0,normal
TX-0000040,ACC-00002,2025-01-22T12:44:00+00:00,USDC,286.94647441,286.95,transfer_out,WALLET-ACC-00002,CP-ACC-00002-01,DEV-00002-A,JP,980,0,normal
TX-0000340,ACC-00012,2025-01-22T13:03:00+00:00,ETH,0.3415168,1024.55,transfer_out,WALLET-ACC-00012,CP-ACC-00012-05,DEV-00012-A,JP,546,0,normal
TX-0001120,ACC-00038,2025-01-22T13:08:00+00:00,BTC,0.01375942,825.57,trade,WALLET-ACC-00038,EXTERNAL-OUT,DEV-00038-B,SG,1556,0,normal
TX-0001396,ACC-00047,2025-01-22T13:38:00+00:00,ETH,0.27988345,839.65,withdrawal,WALLET-ACC-00047,CP-ACC-00047-02,DEV-00047-A,JP,694,0,normal
TX-0001569,ACC-00053,2025-01-22T14:08:00+00:00,ETH,0.25563967,766.92,trade,WALLET-ACC-00053,EXTERNAL-OUT,DEV-00053-B,SG,1239,0,normal
TX-0000732,ACC-00025,2025-01-22T14:10:00+00:00,BTC,0.00820269,492.16,trade,WALLET-ACC-00025,EXTERNAL-OUT,DEV-00025-B,DE,1337,0,normal
TX-0001179,ACC-00040,2025-01-22T14:16:00+00:00,ETH,0.13763217,412.9,deposit,CP-ACC-00040-01,WALLET-ACC-00040,DEV-00040-A,DE,701,0,normal
TX-0001630,ACC-00055,2025-01-22T14:29:00+00:00,USDC,100.75065066,100.75,transfer_in,CP-ACC-00055-04,WALLET-ACC-00055,DEV-00055-A,DE,1372,0,normal
TX-0001659,ACC-00056,2025-01-22T14:38:00+00:00,USDT,313.18020423,313.18,withdrawal,WALLET-ACC-00056,CP-ACC-00056-02,DEV-00056-A,TW,890,0,normal
TX-0000850,ACC-00029,2025-01-22T15:25:00+00:00,USDC,657.59126789,657.59,trade,WALLET-ACC-00029,EXTERNAL-OUT,DEV-00029-A,US,901,0,normal
TX-0000281,ACC-00010,2025-01-22T15:32:00+00:00,USDT,830.19307087,830.19,transfer_in,CP-ACC-00010-02,WALLET-ACC-00010,DEV-00010-A,DE,1007,0,normal
TX-0000788,ACC-00027,2025-01-22T15:54:00+00:00,USDT,652.77642687,652.78,deposit,CP-ACC-00027-02,WALLET-ACC-00027,DEV-00027-A,JP,1200,0,normal
TX-0001658,ACC-00056,2025-01-22T16:01:00+00:00,USDT,445.35235666,445.35,trade,WALLET-ACC-00056,EXTERNAL-OUT,DEV-00056-B,TW,890,0,normal
TX-0000249,ACC-00009,2025-01-22T16:19:00+00:00,USDT,558.73784546,558.74,deposit,CP-ACC-00009-05,WALLET-ACC-00009,DEV-00009-A,US,1004,0,normal
TX-0001213,ACC-00041,2025-01-22T16:34:00+00:00,USDC,319.91554432,319.92,trade,WALLET-ACC-00041,EXTERNAL-OUT,DEV-00041-A,TW,556,0,normal
TX-0000308,ACC-00011,2025-01-22T16:35:00+00:00,BTC,0.00989588,593.75,deposit,CP-ACC-00011-05,WALLET-ACC-00011,DEV-00011-A,TW,1007,0,normal
TX-0000849,ACC-00029,2025-01-22T18:01:00+00:00,ETH,0.21650725,649.52,trade,WALLET-ACC-00029,EXTERNAL-OUT,DEV-00029-A,US,901,0,normal
TX-0001481,ACC-00050,2025-01-22T19:27:00+00:00,BTC,0.00871001,522.6,trade,WALLET-ACC-00050,EXTERNAL-OUT,DEV-00050-A,DE,284,0,normal
TX-0001424,ACC-00048,2025-01-22T20:26:00+00:00,USDC,364.78861031,364.79,transfer_in,CP-ACC-00048-06,WALLET-ACC-00048,DEV-00048-A,SG,1172,0,normal
TX-0001451,ACC-00049,2025-01-22T21:30:00+00:00,BTC,0.01396242,837.74,deposit,CP-ACC-00049-04,WALLET-ACC-00049,DEV-00049-A,US,385,0,normal
TX-0001180,ACC-00040,2025-01-22T21:33:00+00:00,USDT,463.88681605,463.89,trade,WALLET-ACC-00040,EXTERNAL-OUT,DEV-00040-A,DE,701,0,normal
TX-0001004,ACC-00034,2025-01-23T06:16:00+00:00,USDT,324.53627328,324.54,transfer_in,CP-ACC-00034-05,WALLET-ACC-00034,DEV-00034-A,US,1007,0,normal
TX-0000914,ACC-00031,2025-01-23T06:26:00+00:00,USDC,405.74895652,405.75,transfer_out,WALLET-ACC-00031,CP-ACC-00031-02,DEV-00031-A,TW,332,0,normal
TX-0001425,ACC-00048,2025-01-23T07:26:00+00:00,BTC,0.010817,649.02,withdrawal,WALLET-ACC-00048,CP-ACC-00048-02,DEV-00048-A,SG,1172,0,normal
TX-0001512,ACC-00051,2025-01-23T09:22:00+00:00,USDC,713.58490884,713.58,deposit,CP-ACC-00051-06,WALLET-ACC-00051,DEV-00051-A,TW,1185,0,normal
TX-0000492,ACC-00017,2025-01-23T10:43:00+00:00,USDT,2101.56941279,2101.57,trade,WALLET-ACC-00017,EXTERNAL-OUT,DEV-00017-A,JP,666,0,normal
TX-0000158,ACC-00006,2025-01-23T10:56:00+00:00,USDC,1212.49509504,1212.5,trade,WALLET-ACC-00006,EXTERNAL-OUT,DEV-00006-A,TW,712,0,normal
TX-0000341,ACC-00012,2025-01-23T11:03:00+00:00,USDT,966.37529044,966.38,transfer_in,CP-ACC-00012-04,WALLET-ACC-00012,DEV-00012-A,JP,546,0,normal
TX-0001027,ACC-00035,2025-01-23T11:04:00+00:00,ETH,0.19835429,595.06,transfer_in,CP-ACC-00035-01,WALLET-ACC-00035,DEV-00035-A,DE,674,0,normal
TX-0001570,ACC-00053,2025-01-23T14:54:00+00:00,ETH,0.06079316,182.38,withdrawal,WALLET-ACC-00053,CP-ACC-00053-02,DEV-00053-A,SG,1239,0,normal
TX-0000128,ACC-00005,2025-01-23T15:22:00+00:00,ETH,0.19337308,580.12,trade,WALLET-ACC-00005,EXTERNAL-OUT,DEV-00005-A,DE,1075,0,normal
TX-0001571,ACC-00053,2025-01-23T16:15:00+00:00,BTC,0.0029671,178.03,transfer_out,WALLET-ACC-00053,CP-ACC-00053-01,DEV-00053-A,SG,1239,0,normal
TX-0001181,ACC-00040,2025-01-23T16:25:00+00:00,USDT,574.4116069,574.41,transfer_out,WALLET-ACC-00040,CP-ACC-00040-01,DEV-00040-A,DE,701,0,normal
TX-0001088,ACC-00037,2025-01-23T16:30:00+00:00,USDT,912.1078627,912.11,trade,WALLET-ACC-00037,EXTERNAL-OUT,DEV-00037-A,JP,817,0,normal
TX-0001361,ACC-00046,2025-01-23T16:48:00+00:00,USDC,531.62379548,531.62,trade,WALLET-ACC-00046,EXTERNAL-OUT,DEV-00046-A,TW,738,0,normal
TX-0001270,ACC-00043,2025-01-23T16:54:00+00:00,USDT,1151.10227538,1151.1,transfer_out,WALLET-ACC-00043,CP-ACC-00043-06,DEV-00043-A,SG,1396,0,normal
TX-0000188,ACC-00007,2025-01-23T18:27:00+00:00,ETH,0.19604957,588.15,trade,WALLET-ACC-00007,EXTERNAL-OUT,DEV-00007-A,JP,1304,0,normal
TX-0000309,ACC-00011,2025-01-23T19:27:00+00:00,BTC,0.01916745,1150.05,trade,WALLET-ACC-00011,EXTERNAL-OUT,DEV-00011-B,TW,1007,0,normal
TX-0001300,ACC-00044,2025-01-23T21:14:00+00:00,USDT,453.95982732,453.96,trade,WALLET-ACC-00044,EXTERNAL-OUT,DEV-00044-A,US,664,0,normal
TX-0001452,ACC-00049,2025-01-24T06:34:00+00:00,ETH,0.44715553,1341.47,trade,WALLET-ACC-00049,EXTERNAL-OUT,DEV-00049-A,US,385,0,normal
TX-0001271,ACC-00043,2025-01-24T08:01:00+00:00,ETH,0.23617341,708.52,trade,WALLET-ACC-00043,EXTERNAL-OUT,DEV-00043-A,SG,1396,0,normal
TX-0001778,ACC-00060,2025-01-24T08:13:00+00:00,USDT,577.86833944,577.87,deposit,CP-ACC-00060-01,WALLET-ACC-00060,DEV-00060-A,DE,498,0,normal
TX-0000102,ACC-00004,2025-01-24T09:09:00+00:00,ETH,0.2279503,683.85,transfer_in,CP-ACC-00004-01,WALLET-ACC-00004,DEV-00004-A,US,1214,0,normal
TX-0000250,ACC-00009,2025-01-24T10:12:00+00:00,USDT,602.09722667,602.1,withdrawal,WALLET-ACC-00009,CP-ACC-00009-03,DEV-00009-A,US,1004,0,normal
TX-0000371,ACC-00013,2025-01-24T10:39:00+00:00,USDC,1448.29546946,1448.3,transfer_in,CP-ACC-00013-01,WALLET-ACC-00013,DEV-00013-A,SG,472,0,normal
TX-0001328,ACC-00045,2025-01-24T11:46:00+00:00,USDT,520.93875873,520.94,trade,WALLET-ACC-00045,EXTERNAL-OUT,DEV-00045-A,DE,348,0,normal
TX-0001214,ACC-00041,2025-01-24T13:11:00+00:00,ETH,0.25261428,757.84,deposit,CP-ACC-00041-02,WALLET-ACC-00041,DEV-00041-A,TW,556,0,normal
TX-0001121,ACC-00038,2025-01-24T13:12:00+00:00,USDT,981.12587003,981.13,deposit,CP-ACC-00038-01,WALLET-ACC-00038,DEV-00038-A,SG,1556,0,normal
TX-0000159,ACC-00006,2025-01-24T13:16:00+00:00,BTC,0.01402302,841.38,deposit,CP-ACC-00006-01,WALLET-ACC-00006,DEV-00006-A,TW,712,0,normal
TX-0001151,ACC-00039,2025-01-24T13:45:00+00:00,USDC,190.16327364,190.16,transfer_in,CP-ACC-00039-05,WALLET-ACC-00039,DEV-00039-A,US,332,0,normal
TX-0001777,ACC-00060,2025-01-24T13:49:00+00:00,USDT,696.06320433,696.06,withdrawal,WALLET-ACC-00060,CP-ACC-00060-02,DEV-00060-A,DE,498,0,normal
TX-0001453,ACC-00049,2025-01-24T13:58:00+00:00,ETH,0.46077742,1382.33,transfer_out,WALLET-ACC-00049,CP-ACC-00049-03,DEV-00049-A,US,385,0,normal
TX-0001238,ACC-00042,2025-01-24T14:17:00+00:00,BTC,0.01317838,790.7,withdrawal,WALLET-ACC-00042,CP-ACC-00042-03,DEV-00042-A,JP,870,0,normal
TX-0000851,ACC-00029,2025-01-24T14:23:00+00:00,USDT,1463.52120172,1463.52,withdrawal,WALLET-ACC-00029,CP-ACC-00029-01,DEV-00029-A,US,901,0,normal
TX-0000762,ACC-00026,2025-01-24T15:07:00+00:00,ETH,0.16326853,489.81,withdrawal,WALLET-ACC-00026,CP-ACC-00026-06,DEV-00026-A,TW,722,0,normal
TX-0000969,ACC-00033,2025-01-24T15:12:00+00:00,BTC,0.00296614,177.97,trade,WALLET-ACC-00033,EXTERNAL-OUT,DEV-00033-A,SG,273,0,normal
TX-0000494,ACC-00017,2025-01-24T16:36:00+00:00,USDT,398.15654107,398.16,trade,WALLET-ACC-00017,EXTERNAL-OUT,DEV-00017-A,JP,666,0,normal
TX-0000189,ACC-00007,2025-01-24T17:02:00+00:00,BTC,0.01625317,975.19,withdrawal,WALLET-ACC-00007,CP-ACC-00007-03,DEV-00007-A,JP,1304,0,normal
TX-0000789,ACC-00027,2025-01-24T17:42:00+00:00,USDT,489.61859477,489.62,withdrawal,WALLET-ACC-00027,CP-ACC-00027-06,DEV-00027-A,JP,1200,0,normal
TX-0000493,ACC-00017,2025-01-24T17:57:00+00:00,USDC,251.91155068,251.91,trade,WALLET-ACC-00017,EXTERNAL-OUT,DEV-00017-A,JP,666,0,normal
TX-0001541,ACC-00052,2025-01-24T20:02:00+00:00,USDT,1021.78644437,1021.79,transfer_in,CP-ACC-00052-03,WALLET-ACC-00052,DEV-00052-A,JP,523,0,normal
TX-0000462,ACC-00016,2025-01-24T21:14:00+00:00,USDT,1149.75439216,1149.75,trade,WALLET-ACC-00016,EXTERNAL-OUT,DEV-00016-A,TW,694,0,normal
TX-0001513,ACC-00051,2025-01-24T21:30:00+00:00,BTC,0.00539053,323.43,transfer_in,CP-ACC-00051-02,WALLET-ACC-00051,DEV-00051-A,TW,1185,0,normal
TX-0001779,ACC-00060,2025-01-25T08:38:00+00:00,ETH,0.10930199,327.91,withdrawal,WALLET-ACC-00060,CP-ACC-00060-04,DEV-00060-A,DE,498,0,normal
TX-0000190,ACC-00007,2025-01-25T09:20:00+00:00,USDC,1290.4741939,1290.47,transfer_in,CP-ACC-00007-02,WALLET-ACC-00007,DEV-00007-A,JP,1304,0,normal
TX-0000008,ACC-00001,2025-01-25T10:14:00+00:00,USDT,629.67128643,629.67,withdrawal,WALLET-ACC-00001,CP-ACC-00001-04,DEV-00001-A,TW,252,0,normal
TX-0000763,ACC-00026,2025-01-25T11:01:00+00:00,USDC,560.43281406,560.43,trade,WALLET-ACC-00026,EXTERNAL-OUT,DEV-00026-A,TW,722,0,normal
TX-0001688,ACC-00057,2025-01-25T11:03:00+00:00,USDT,1770.94115061,1770.94,transfer_out,WALLET-ACC-00057,CP-ACC-00057-06,DEV-00057-A,JP,1579,0,normal
TX-0000791,ACC-00027,2025-01-25T12:18:00+00:00,USDT,253.80274638,253.8,deposit,CP-ACC-00027-04,WALLET-ACC-00027,DEV-00027-A,JP,1200,0,normal
TX-0000282,ACC-00010,2025-01-25T12:25:00+00:00,USDT,1955.79999006,1955.8,transfer_in,CP-ACC-00010-01,WALLET-ACC-00010,DEV-00010-B,DE,1007,0,normal
TX-0000103,ACC-00004,2025-01-25T12:28:00+00:00,ETH,0.2408304,722.49,withdrawal,WALLET-ACC-00004,CP-ACC-00004-06,DEV-00004-A,US,1214,0,normal
TX-0000820,ACC-00028,2025-01-25T12:31:00+00:00,ETH,0.54873918,1646.22,withdrawal,WALLET-ACC-00028,CP-ACC-00028-05,DEV-00028-A,SG,1285,0,normal
TX-0001362,ACC-00046,2025-01-25T12:33:00+00:00,USDT,1270.29850182,1270.3,trade,WALLET-ACC-00046,EXTERNAL-OUT,DEV-00046-A,TW,738,0,normal
TX-0001660,ACC-00056,2025-01-25T12:50:00+00:00,USDT,162.24751725,162.25,trade,WALLET-ACC-00056,EXTERNAL-OUT,DEV-00056-A,TW,890,0,normal
TX-0000400,ACC-00014,2025-01-25T13:16:00+00:00,USDT,697.3908902,697.39,transfer_in,CP-ACC-00014-06,WALLET-ACC-00014,DEV-00014-A,US,1364,0,normal
TX-0001780,ACC-00060,2025-01-25T14:37:00+00:00,USDT,449.90720537,449.91,withdrawal,WALLET-ACC-00060,CP-ACC-00060-01,DEV-00060-A,DE,498,0,normal
TX-0000399,ACC-00014,2025-01-25T14:43:00+00:00,USDC,869.63813786,869.64,transfer_in,CP-ACC-00014-03,WALLET-ACC-00014,DEV-00014-A,US,1364,0,normal
TX-0000463,ACC-00016,2025-01-25T15:08:00+00:00,USDC,373.6630011,373.66,withdrawal,WALLET-ACC-00016,CP-ACC-00016-06,DEV-00016-A,TW,694,0,normal
TX-0001301,ACC-00044,2025-01-25T15:53:00+00:00,USDT,267.57392682,267.57,transfer_in,CP-ACC-00044-03,WALLET-ACC-00044,DEV-00044-A,US,664,0,normal
TX-0000401,ACC-00014,2025-01-25T16:41:00+00:00,USDT,1176.59847205,1176.6,deposit,CP-ACC-00014-04,WALLET-ACC-00014,DEV-00014-A,US,1364,0,normal
TX-0001059,ACC-00036,2025-01-25T16:43:00+00:00,BTC,0.00899737,539.84,trade,WALLET-ACC-00036,EXTERNAL-OUT,DEV-00036-A,TW,1534,0,normal
TX-0000464,ACC-00016,2025-01-25T16:55:00+00:00,BTC,0.0077877,467.26,transfer_out,WALLET-ACC-00016,CP-ACC-00016-01,DEV-00016-A,TW,694,0,normal
TX-0000220,ACC-00008,2025-01-25T17:07:00+00:00,USDC,757.35207264,757.35,transfer_out,WALLET-ACC-00008,CP-ACC-00008-03,DEV-00008-A,SG,1064,0,normal
TX-0000790,ACC-00027,2025-01-25T17:13:00+00:00,BTC,0.01919051,1151.43,transfer_out,WALLET-ACC-00027,CP-ACC-00027-02,DEV-00027-A,JP,1200,0,normal
TX-0001302,ACC-00044,2025-01-25T17:23:00+00:00,ETH,0.04368922,131.07,withdrawal,WALLET-ACC-00044,CP-ACC-00044-04,DEV-00044-A,US,664,0,normal
TX-0000522,ACC-00018,2025-01-25T18:35:00+00:00,USDC,357.30304575,357.3,transfer_out,WALLET-ACC-00018,CP-ACC-00018-03,DEV-00018-A,SG,1040,0,normal
TX-0000852,ACC-00029,2025-01-25T19:32:00+00:00,BTC,0.02332036,1399.22,deposit,CP-ACC-00029-04,WALLET-ACC-00029,DEV-00029-A,US,901,0,normal
TX-0000251,ACC-00009,2025-01-25T20:33:00+00:00,BTC,0.04011049,2406.63,transfer_out,WALLET-ACC-00009,CP-ACC-00009-04,DEV-00009-A,US,1004,0,normal
TX-0001631,ACC-00055,2025-01-25T21:46:00+00:00,USDT,80.67422636,80.67,withdrawal,WALLET-ACC-00055,CP-ACC-00055-02,DEV-00055-A,DE,1372,0,normal
TX-0000793,ACC-00027,2025-01-26T09:04:00+00:00,USDT,550.2409549,550.24,withdrawal,WALLET-ACC-00027,CP-ACC-00027-02,DEV-00027-B,JP,1200,0,normal
TX-0001182,ACC-00040,2025-01-26T09:25:00+00:00,USDC,403.08665054,403.09,transfer_out,WALLET-ACC-00040,CP-ACC-00040-04,DEV-00040-A,DE,701,0,normal
TX-0001272,ACC-00043,2025-01-26T09:27:00+00:00,ETH,0.18192585,545.78,transfer_out,WALLET-ACC-00043,CP-ACC-00043-06,DEV-00043-B,SG,1396,0,normal
TX-0001122,ACC-00038,2025-01-26T09:30:00+00:00,ETH,0.25879505,776.39,transfer_in,CP-ACC-00038-06,WALLET-ACC-00038,DEV-00038-A,SG,1556,0,normal
TX-0000221,ACC-00008,2025-01-26T10:36:00+00:00,BTC,0.01604999,963.0,withdrawal,WALLET-ACC-00008,CP-ACC-00008-02,DEV-00008-A,SG,1064,0,normal
TX-0001689,ACC-00057,2025-01-26T11:04:00+00:00,ETH,0.14683305,440.5,withdrawal,WALLET-ACC-00057,CP-ACC-00057-01,DEV-00057-A,JP,1579,0,normal
TX-0000878,ACC-00030,2025-01-26T11:08:00+00:00,USDC,698.82377486,698.82,trade,WALLET-ACC-00030,EXTERNAL-OUT,DEV-00030-A,DE,801,0,normal
TX-0001455,ACC-00049,2025-01-26T11:23:00+00:00,ETH,0.283029,849.09,deposit,CP-ACC-00049-04,WALLET-ACC-00049,DEV-00049-A,US,385,0,normal
TX-0001124,ACC-00038,2025-01-26T11:28:00+00:00,BTC,0.01939457,1163.67,trade,WALLET-ACC-00038,EXTERNAL-OUT,DEV-00038-A,SG,1556,0,normal
TX-0001599,ACC-00054,2025-01-26T11:28:00+00:00,USDC,1061.20303724,1061.2,deposit,CP-ACC-00054-04,WALLET-ACC-00054,DEV-00054-A,US,234,0,normal
TX-0000792,ACC-00027,2025-01-26T11:46:00+00:00,BTC,0.01738449,1043.07,transfer_in,CP-ACC-00027-01,WALLET-ACC-00027,DEV-00027-A,JP,1200,0,normal
TX-0000222,ACC-00008,2025-01-26T12:03:00+00:00,BTC,0.00981828,589.1,withdrawal,WALLET-ACC-00008,CP-ACC-00008-06,DEV-00008-A,SG,1064,0,normal
TX-0000821,ACC-00028,2025-01-26T12:13:00+00:00,USDT,340.28823467,340.29,transfer_out,WALLET-ACC-00028,CP-ACC-00028-01,DEV-00028-A,SG,1285,0,normal
TX-0001123,ACC-00038,2025-01-26T12:23:00+00:00,USDC,798.82844265,798.83,withdrawal,WALLET-ACC-00038,CP-ACC-00038-06,DEV-00038-A,SG,1556,0,normal
TX-0001454,ACC-00049,2025-01-26T13:13:00+00:00,ETH,0.0838756,251.63,withdrawal,WALLET-ACC-00049,CP-ACC-00049-05,DEV-00049-A,US,385,0,normal
TX-0000343,ACC-00012,2025-01-26T13:51:00+00:00,USDT,930.03597386,930.04,trade,WALLET-ACC-00012,EXTERNAL-OUT,DEV-00012-A,JP,546,0,normal
TX-0001239,ACC-00042,2025-01-26T14:12:00+00:00,USDC,1026.25067355,1026.25,trade,WALLET-ACC-00042,EXTERNAL-OUT,DEV-00042-A,JP,870,0,normal
TX-0000283,ACC-00010,2025-01-26T14:27:00+00:00,USDC,1095.26746721,1095.27,transfer_in,CP-ACC-00010-02,WALLET-ACC-00010,DEV-00010-A,DE,1007,0,normal
TX-0001089,ACC-00037,2025-01-26T15:32:00+00:00,USDC,775.05995396,775.06,trade,WALLET-ACC-00037,EXTERNAL-OUT,DEV-00037-A,JP,817,0,normal
TX-0000853,ACC-00029,2025-01-26T15:34:00+00:00,USDT,659.7622222,659.76,transfer_out,WALLET-ACC-00029,CP-ACC-00029-06,DEV-00029-A,US,901,0,normal
TX-0000342,ACC-00012,2025-01-26T16:00:00+00:00,USDT,813.11239426,813.11,transfer_in,CP-ACC-00012-02,WALLET-ACC-00012,DEV-00012-B,JP,546,0,normal
TX-0000009,ACC-00001,2025-01-26T16:47:00+00:00,BTC,0.00712586,427.55,trade,WALLET-ACC-00001,EXTERNAL-OUT,DEV-00001-B,TW,252,0,normal
TX-0000764,ACC-00026,2025-01-26T17:08:00+00:00,USDT,860.18456477,860.18,transfer_in,CP-ACC-00026-04,WALLET-ACC-00026,DEV-00026-A,TW,722,0,normal
TX-0001240,ACC-00042,2025-01-26T18:23:00+00:00,USDC,2012.40378003,2012.4,trade,WALLET-ACC-00042,EXTERNAL-OUT,DEV-00042-A,JP,870,0,normal
TX-0001215,ACC-00041,2025-01-26T18:24:00+00:00,BTC,0.00752982,451.79,transfer_out,WALLET-ACC-00041,CP-ACC-00041-03,DEV-00041-A,TW,556,0,normal
TX-0001005,ACC-00034,2025-01-26T19:47:00+00:00,USDT,1140.20787881,1140.21,withdrawal,WALLET-ACC-00034,CP-ACC-00034-06,DEV-00034-A,US,1007,0,normal
TX-0001028,ACC-00035,2025-01-26T21:24:00+00:00,USDC,407.35414932,407.35,deposit,CP-ACC-00035-01,WALLET-ACC-00035,DEV-00035-A,DE,674,0,normal
TX-0001397,ACC-00047,2025-01-27T06:24:00+00:00,USDT,718.40911675,718.41,withdrawal,WALLET-ACC-00047,CP-ACC-00047-05,DEV-00047-A,JP,694,0,normal
TX-0001152,ACC-00039,2025-01-27T08:24:00+00:00,USDC,171.34953579,171.35,trade,WALLET-ACC-00039,EXTERNAL-OUT,DEV-00039-B,US,332,0,normal
TX-0001090,ACC-00037,2025-01-27T08:54:00+00:00,BTC,0.0077462,464.77,trade,WALLET-ACC-00037,EXTERNAL-OUT,DEV-00037-B,JP,817,0,normal
TX-0001006,ACC-00034,2025-01-27T09:12:00+00:00,USDT,721.59591079,721.6,trade,WALLET-ACC-00034,EXTERNAL-OUT,DEV-00034-A,US,1007,0,normal
TX-0000252,ACC-00009,2025-01-27T11:40:00+00:00,USDT,487.88462026,487.88,transfer_in,CP-ACC-00009-06,WALLET-ACC-00009,DEV-00009-B,US,1004,0,normal
TX-0001274,ACC-00043,2025-01-27T12:15:00+00:00,BTC,0.00400545,240.33,transfer_in,CP-ACC-00043-01,WALLET-ACC-00043,DEV-00043-A,SG,1396,0,normal
TX-0001482,ACC-00050,2025-01-27T12:19:00+00:00,BTC,0.00936026,561.62,trade,WALLET-ACC-00050,EXTERNAL-OUT,DEV-00050-A,DE,284,0,normal
TX-0001572,ACC-00053,2025-01-27T12:43:00+00:00,USDC,316.09339088,316.09,trade,WALLET-ACC-00053,EXTERNAL-OUT,DEV-00053-A,SG,1239,0,normal
TX-0001273,ACC-00043,2025-01-27T13:06:00+00:00,ETH,0.09436506,283.1,transfer_out,WALLET-ACC-00043,CP-ACC-00043-03,DEV-00043-B,SG,1396,0,normal
TX-0000129,ACC-00005,2025-01-27T13:07:00+00:00,USDC,299.17845867,299.18,withdrawal,WALLET-ACC-00005,CP-ACC-00005-04,DEV-00005-A,DE,1075,0,normal
TX-0000879,ACC-00030,2025-01-27T13:10:00+00:00,ETH,0.10175117,305.25,transfer_in,CP-ACC-00030-05,WALLET-ACC-00030,DEV-00030-A,DE,801,0,normal
TX-0001721,ACC-00058,2025-01-27T14:21:00+00:00,USDC,1162.73676413,1162.74,transfer_out,WALLET-ACC-00058,CP-ACC-00058-06,DEV-00058-A,SG,1407,0,normal
TX-0000822,ACC-00028,2025-01-27T14:56:00+00:00,USDT,920.80678062,920.81,transfer_out,WALLET-ACC-00028,CP-ACC-00028-02,DEV-00028-A,SG,1285,0,normal
TX-0001661,ACC-00056,2025-01-27T15:28:00+00:00,USDT,250.32279506,250.32,transfer_in,CP-ACC-00056-02,WALLET-ACC-00056,DEV-00056-A,TW,890,0,normal
TX-0000191,ACC-00007,2025-01-27T16:04:00+00:00,USDT,3112.50125844,3112.5,transfer_out,WALLET-ACC-00007,CP-ACC-00007-03,DEV-00007-A,JP,1304,0,normal
TX-0001125,ACC-00038,2025-01-27T16:07:00+00:00,ETH,0.26813567,804.41,transfer_in,CP-ACC-00038-03,WALLET-ACC-00038,DEV-00038-A,SG,1556,0,normal
TX-0000130,ACC-00005,2025-01-27T16:24:00+00:00,USDC,409.67642653,409.68,trade,WALLET-ACC-00005,EXTERNAL-OUT,DEV-00005-A,DE,1075,0,normal
TX-0000402,ACC-00014,2025-01-27T17:39:00+00:00,USDT,592.59797663,592.6,deposit,CP-ACC-00014-04,WALLET-ACC-00014,DEV-00014-A,US,1364,0,normal
TX-0001483,ACC-00050,2025-01-27T19:56:00+00:00,BTC,0.0107041,642.25,trade,WALLET-ACC-00050,EXTERNAL-OUT,DEV-00050-A,DE,284,0,normal
TX-0000854,ACC-00029,2025-01-27T20:24:00+00:00,ETH,0.78553323,2356.6,transfer_in,CP-ACC-00029-04,WALLET-ACC-00029,DEV-00029-A,US,901,0,normal
TX-0001007,ACC-00034,2025-01-27T21:22:00+00:00,BTC,0.01302022,781.21,withdrawal,WALLET-ACC-00034,CP-ACC-00034-06,DEV-00034-A,US,1007,0,normal
TX-0001241,ACC-00042,2025-01-27T21:32:00+00:00,ETH,0.22180799,665.42,trade,WALLET-ACC-00042,EXTERNAL-OUT,DEV-00042-A,JP,870,0,normal
TX-0001690,ACC-00057,2025-01-28T08:45:00+00:00,USDC,1461.94461956,1461.94,deposit,CP-ACC-00057-04,WALLET-ACC-00057,DEV-00057-B,JP,1579,0,normal
TX-0001060,ACC-00036,2025-01-28T09:39:00+00:00,USDT,477.38341445,477.38,trade,WALLET-ACC-00036,EXTERNAL-OUT,DEV-00036-A,TW,1534,0,normal
TX-0000253,ACC-00009,2025-01-28T10:13:00+00:00,USDC,3121.61691718,3121.62,withdrawal,WALLET-ACC-00009,CP-ACC-00009-01,DEV-00009-A,US,1004,0,normal
TX-0001722,ACC-00058,2025-01-28T10:18:00+00:00,ETH,0.22532539,675.98,trade,WALLET-ACC-00058,EXTERNAL-OUT,DEV-00058-A,SG,1407,0,normal
TX-0000104,ACC-00004,2025-01-28T10:20:00+00:00,BTC,0.0144424,866.54,trade,WALLET-ACC-00004,EXTERNAL-OUT,DEV-00004-A,US,1214,0,normal
TX-0000192,ACC-00007,2025-01-28T11:02:00+00:00,BTC,0.00860315,516.19,trade,WALLET-ACC-00007,EXTERNAL-OUT,DEV-00007-A,JP,1304,0,normal
TX-0000132,ACC-00005,2025-01-28T11:53:00+00:00,USDT,509.9192483,509.92,transfer_in,CP-ACC-00005-05,WALLET-ACC-00005,DEV-00005-A,DE,1075,0,normal
TX-0000310,ACC-00011,2025-01-28T11:55:00+00:00,USDT,631.28146522,631.28,withdrawal,WALLET-ACC-00011,CP-ACC-00011-02,DEV-00011-A,TW,1007,0,normal
TX-0000193,ACC-00007,2025-01-28T13:18:00+00:00,USDC,750.42596436,750.43,trade,WALLET-ACC-00007,EXTERNAL-OUT,DEV-00007-B,JP,1304,0,normal
TX-0000041,ACC-00002,2025-01-28T13:41:00+00:00,USDT,373.27744169,373.28,deposit,CP-ACC-00002-04,WALLET-ACC-00002,DEV-00002-A,JP,980,0,normal
TX-0001153,ACC-00039,2025-01-28T14:55:00+00:00,ETH,0.08875641,266.27,transfer_out,WALLET-ACC-00039,CP-ACC-00039-06,DEV-00039-A,US,332,0,normal
TX-0000880,ACC-00030,2025-01-28T14:59:00+00:00,ETH,0.46251805,1387.55,transfer_in,CP-ACC-00030-04,WALLET-ACC-00030,DEV-00030-A,DE,801,0,normal
TX-0001426,ACC-00048,2025-01-28T15:13:00+00:00,BTC,0.00563678,338.21,trade,WALLET-ACC-00048,EXTERNAL-OUT,DEV-00048-A,SG,1172,0,normal
TX-0001363,ACC-00046,2025-01-28T16:16:00+00:00,BTC,0.02540694,1524.42,withdrawal,WALLET-ACC-00046,CP-ACC-00046-01,DEV-00046-B,TW,738,0,normal
TX-0001303,ACC-00044,2025-01-28T16:19:00+00:00,USDC,150.16610705,150.17,transfer_out,WALLET-ACC-00044,CP-ACC-00044-05,DEV-00044-A,US,664,0,normal
TX-0000131,ACC-00005,2025-01-28T16:20:00+00:00,BTC,0.01770964,1062.58,withdrawal,WALLET-ACC-00005,CP-ACC-00005-01,DEV-00005-A,DE,1075,0,normal
TX-0001632,ACC-00055,2025-01-28T16:54:00+00:00,ETH,0.05427771,162.83,withdrawal,WALLET-ACC-00055,CP-ACC-00055-05,DEV-00055-A,DE,1372,0,normal
TX-0000372,ACC-00013,2025-01-28T18:27:00+00:00,BTC,0.00982912,589.75,transfer_out,WALLET-ACC-00013,CP-ACC-00013-02,DEV-00013-A,SG,472,0,normal
TX-0000523,ACC-00018,2025-01-28T19:46:00+00:00,USDT,199.0500778,199.05,withdrawal,WALLET-ACC-00018,CP-ACC-00018-05,DEV-00018-A,SG,1040,0,normal
TX-0001398,ACC-00047,2025-01-28T21:02:00+00:00,BTC,0.01043191,625.91,trade,WALLET-ACC-00047,EXTERNAL-OUT,DEV-00047-A,JP,694,0,normal
TX-0000194,ACC-00007,2025-01-28T21:03:00+00:00,USDC,1059.75112296,1059.75,transfer_out,WALLET-ACC-00007,CP-ACC-00007-05,DEV-00007-A,JP,1304,0,normal
TX-0001542,ACC-00052,2025-01-28T21:05:00+00:00,USDC,400.16747536,400.17,transfer_in,CP-ACC-00052-06,WALLET-ACC-00052,DEV-00052-A,JP,523,0,normal
TX-0001633,ACC-00055,2025-01-29T07:42:00+00:00,ETH,0.09784233,293.53,deposit,CP-ACC-00055-04,WALLET-ACC-00055,DEV-00055-A,DE,1372,0,normal
TX-0000160,ACC-00006,2025-01-29T10:30:00+00:00,USDT,811.28710373,811.29,transfer_in,CP-ACC-00006-01,WALLET-ACC-00006,DEV-00006-B,TW,712,0,normal
TX-0000823,ACC-00028,2025-01-29T10:52:00+00:00,USDC,183.65093429,183.65,trade,WALLET-ACC-00028,EXTERNAL-OUT,DEV-00028-A,SG,1285,0,normal
TX-0001456,ACC-00049,2025-01-29T11:36:00+00:00,USDT,379.01694137,379.02,trade,WALLET-ACC-00049,EXTERNAL-OUT,DEV-00049-A,US,385,0,normal
TX-0000284,ACC-00010,2025-01-29T12:12:00+00:00,ETH,0.25124797,753.74,transfer_out,WALLET-ACC-00010,CP-ACC-00010-04,DEV-00010-A,DE,1007,0,normal
TX-0001092,ACC-00037,2025-01-29T13:38:00+00:00,USDC,1211.45662363,1211.46,transfer_in,CP-ACC-00037-03,WALLET-ACC-00037,DEV-00037-A,JP,817,0,normal
TX-0001243,ACC-00042,2025-01-29T13:43:00+00:00,BTC,0.00831225,498.74,transfer_out,WALLET-ACC-00042,CP-ACC-00042-06,DEV-00042-A,JP,870,0,normal
TX-0001242,ACC-00042,2025-01-29T13:45:00+00:00,USDT,869.80136028,869.8,trade,WALLET-ACC-00042,EXTERNAL-OUT,DEV-00042-A,JP,870,0,normal
TX-0000495,ACC-00017,2025-01-29T14:06:00+00:00,BTC,0.00935461,561.28,transfer_in,CP-ACC-00017-03,WALLET-ACC-00017,DEV-00017-A,JP,666,0,normal
TX-0000946,ACC-00032,2025-01-29T14:19:00+00:00,ETH,0.11178309,335.35,deposit,CP-ACC-00032-03,WALLET-ACC-00032,DEV-00032-A,JP,289,0,normal
TX-0001781,ACC-00060,2025-01-29T14:21:00+00:00,USDT,509.64271587,509.64,withdrawal,WALLET-ACC-00060,CP-ACC-00060-01,DEV-00060-A,DE,498,0,normal
TX-0000133,ACC-00005,2025-01-29T14:26:00+00:00,USDT,553.8512491,553.85,trade,WALLET-ACC-00005,EXTERNAL-OUT,DEV-00005-A,DE,1075,0,normal
TX-0001723,ACC-00058,2025-01-29T14:26:00+00:00,USDC,2189.4390992,2189.44,transfer_out,WALLET-ACC-00058,CP-ACC-00058-05,DEV-00058-A,SG,1407,0,normal
TX-0000105,ACC-00004,2025-01-29T15:11:00+00:00,USDC,984.62981936,984.63,deposit,CP-ACC-00004-01,WALLET-ACC-00004,DEV-00004-B,US,1214,0,normal
TX-0000311,ACC-00011,2025-01-29T15:11:00+00:00,BTC,0.01449765,869.86,trade,WALLET-ACC-00011,EXTERNAL-OUT,DEV-00011-B,TW,1007,0,normal
TX-0001091,ACC-00037,2025-01-29T16:20:00+00:00,ETH,0.16202315,486.07,trade,WALLET-ACC-00037,EXTERNAL-OUT,DEV-00037-A,JP,817,0,normal
TX-0001600,ACC-00054,2025-01-29T17:13:00+00:00,USDC,1222.38318086,1222.38,deposit,CP-ACC-00054-02,WALLET-ACC-00054,DEV-00054-B,US,234,0,normal
TX-0001304,ACC-00044,2025-01-29T17:24:00+00:00,USDC,319.49217594,319.49,trade,WALLET-ACC-00044,EXTERNAL-OUT,DEV-00044-A,US,664,0,normal
TX-0000106,ACC-00004,2025-01-29T17:48:00+00:00,ETH,0.11589913,347.7,transfer_out,WALLET-ACC-00004,CP-ACC-00004-01,DEV-00004-A,US,1214,0,normal
TX-0000970,ACC-00033,2025-01-29T17:56:00+00:00,ETH,0.17193494,515.8,trade,WALLET-ACC-00033,EXTERNAL-OUT,DEV-00033-A,SG,273,0,normal
TX-0001399,ACC-00047,2025-01-29T20:30:00+00:00,ETH,0.21446895,643.41,transfer_in,CP-ACC-00047-01,WALLET-ACC-00047,DEV-00047-A,JP,694,0,normal
TX-0001093,ACC-00037,2025-01-30T06:03:00+00:00,USDT,1085.99079469,1085.99,trade,WALLET-ACC-00037,EXTERNAL-OUT,DEV-00037-A,JP,817,0,normal
TX-0000947,ACC-00032,2025-01-30T07:39:00+00:00,USDT,302.50563374,302.51,trade,WALLET-ACC-00032,EXTERNAL-OUT,DEV-00032-B,JP,289,0,normal
TX-0000882,ACC-00030,2025-01-30T09:28:00+00:00,ETH,0.11592622,347.78,transfer_in,CP-ACC-00030-01,WALLET-ACC-00030,DEV-00030-A,DE,801,0,normal
TX-0001754,ACC-00059,2025-01-30T10:24:00+00:00,ETH,0.111131,333.39,trade,WALLET-ACC-00059,EXTERNAL-OUT,DEV-00059-A,US,1088,0,normal
TX-0001329,ACC-00045,2025-01-30T10:33:00+00:00,USDT,353.86123419,353.86,withdrawal,WALLET-ACC-00045,CP-ACC-00045-01,DEV-00045-A,DE,348,0,normal
TX-0001485,ACC-00050,2025-01-30T10:55:00+00:00,USDT,1023.78481888,1023.78,trade,WALLET-ACC-00050,EXTERNAL-OUT,DEV-00050-A,DE,284,0,normal
TX-0001783,ACC-00060,2025-01-30T11:07:00+00:00,USDT,577.43904744,577.44,deposit,CP-ACC-00060-02,WALLET-ACC-00060,DEV-00060-A,DE,498,0,normal
TX-0000524,ACC-00018,2025-01-30T11:12:00+00:00,BTC,0.00311495,186.9,transfer_out,WALLET-ACC-00018,CP-ACC-00018-06,DEV-00018-A,SG,1040,0,normal
TX-0000344,ACC-00012,2025-01-30T11:47:00+00:00,BTC,0.01540626,924.38,transfer_out,WALLET-ACC-00012,CP-ACC-00012-04,DEV-00012-A,JP,546,0,normal
TX-0000883,ACC-00030,2025-01-30T12:04:00+00:00,USDT,213.66503557,213.67,withdrawal,WALLET-ACC-00030,CP-ACC-00030-01,DEV-00030-A,DE,801,0,normal
TX-0001061,ACC-00036,2025-01-30T12:16:00+00:00,USDC,1027.24788343,1027.25,deposit,CP-ACC-00036-01,WALLET-ACC-00036,DEV-00036-A,TW,1534,0,normal
TX-0001782,ACC-00060,2025-01-30T12:29:00+00:00,ETH,0.1780695,534.21,trade,WALLET-ACC-00060,EXTERNAL-OUT,DEV-00060-A,DE,498,0,normal
TX-0000465,ACC-00016,2025-01-30T12:31:00+00:00,BTC,0.01635811,981.49,withdrawal,WALLET-ACC-00016,CP-ACC-00016-04,DEV-00016-A,TW,694,0,normal
TX-0000345,ACC-00012,2025-01-30T12:58:00+00:00,USDT,542.12822692,542.13,deposit,CP-ACC-00012-06,WALLET-ACC-00012,DEV-00012-A,JP,546,0,normal
TX-0000881,ACC-00030,2025-01-30T13:39:00+00:00,USDC,306.32286392,306.32,transfer_in,CP-ACC-00030-01,WALLET-ACC-00030,DEV-00030-B,DE,801,0,normal
TX-0000223,ACC-00008,2025-01-30T13:55:00+00:00,USDC,851.81708885,851.82,trade,WALLET-ACC-00008,EXTERNAL-OUT,DEV-00008-A,SG,1064,0,normal
TX-0000884,ACC-00030,2025-01-30T15:23:00+00:00,BTC,0.00667807,400.68,transfer_in,CP-ACC-00030-05,WALLET-ACC-00030,DEV-00030-A,DE,801,0,normal
TX-0001484,ACC-00050,2025-01-30T17:13:00+00:00,USDC,810.37818191,810.38,trade,WALLET-ACC-00050,EXTERNAL-OUT,DEV-00050-A,DE,284,0,normal
TX-0001216,ACC-00041,2025-01-30T18:06:00+00:00,USDT,481.71525352,481.72,transfer_in,CP-ACC-00041-01,WALLET-ACC-00041,DEV-00041-B,TW,556,0,normal
TX-0000042,ACC-00002,2025-01-30T20:20:00+00:00,ETH,0.16341124,490.23,withdrawal,WALLET-ACC-00002,CP-ACC-00002-03,DEV-00002-A,JP,980,0,normal
TX-0000312,ACC-00011,2025-01-30T21:39:00+00:00,USDC,949.60185956,949.6,deposit,CP-ACC-00011-03,WALLET-ACC-00011,DEV-00011-A,TW,1007,0,normal
TX-0000285,ACC-00010,2025-01-31T08:05:00+00:00,USDT,1125.46115783,1125.46,deposit,CP-ACC-00010-05,WALLET-ACC-00010,DEV-00010-A,DE,1007,0,normal
TX-0000733,ACC-00025,2025-01-31T08:27:00+00:00,USDT,1450.08700249,1450.09,trade,WALLET-ACC-00025,EXTERNAL-OUT,DEV-00025-A,DE,1337,0,normal
TX-0001008,ACC-00034,2025-01-31T09:10:00+00:00,USDT,211.51708862,211.52,trade,WALLET-ACC-00034,EXTERNAL-OUT,DEV-00034-A,US,1007,0,normal
TX-0001601,ACC-00054,2025-01-31T11:07:00+00:00,ETH,0.3427407,1028.22,transfer_out,WALLET-ACC-00054,CP-ACC-00054-06,DEV-00054-A,US,234,0,normal
TX-0001573,ACC-00053,2025-01-31T13:34:00+00:00,USDC,475.15052247,475.15,trade,WALLET-ACC-00053,EXTERNAL-OUT,DEV-00053-A,SG,1239,0,normal
TX-0000313,ACC-00011,2025-01-31T13:52:00+00:00,USDT,677.67751328,677.68,transfer_in,CP-ACC-00011-06,WALLET-ACC-00011,DEV-00011-A,TW,1007,0,normal
TX-0000915,ACC-00031,2025-01-31T14:34:00+00:00,USDC,785.24640993,785.25,deposit,CP-ACC-00031-05,WALLET-ACC-00031,DEV-00031-B,TW,332,0,normal
TX-0001400,ACC-00047,2025-01-31T15:17:00+00:00,USDT,984.78877785,984.79,trade,WALLET-ACC-00047,EXTERNAL-OUT,DEV-00047-A,JP,694,0,normal
TX-0000734,ACC-00025,2025-01-31T16:22:00+00:00,BTC,0.0080779,484.67,deposit,CP-ACC-00025-06,WALLET-ACC-00025,DEV-00025-A,DE,1337,0,normal
TX-0000885,ACC-00030,2025-01-31T16:46:00+00:00,USDC,258.03164808,258.03,withdrawal,WALLET-ACC-00030,CP-ACC-00030-04,DEV-00030-A,DE,801,0,normal
TX-0001634,ACC-00055,2025-01-31T18:11:00+00:00,BTC,0.00288725,173.23,transfer_in,CP-ACC-00055-04,WALLET-ACC-00055,DEV-00055-B,DE,1372,0,normal
TX-0000765,ACC-00026,2025-01-31T19:15:00+00:00,USDC,259.75517281,259.76,withdrawal,WALLET-ACC-00026,CP-ACC-00026-01,DEV-00026-A,TW,722,0,normal
TX-0001183,ACC-00040,2025-01-31T19:17:00+00:00,USDT,196.98572084,196.99,trade,WALLET-ACC-00040,EXTERNAL-OUT,DEV-00040-A,DE,701,0,normal
TX-0001691,ACC-00057,2025-01-31T19:23:00+00:00,USDT,2317.45611119,2317.46,trade,WALLET-ACC-00057,EXTERNAL-OUT,DEV-00057-A,JP,1579,0,normal
TX-0001692,ACC-00057,2025-01-31T20:16:00+00:00,USDT,1034.35189063,1034.35,deposit,CP-ACC-00057-05,WALLET-ACC-00057,DEV-00057-A,JP,1579,0,normal
TX-0001693,ACC-00057,2025-02-01T07:54:00+00:00,ETH,0.10803295,324.1,transfer_out,WALLET-ACC-00057,CP-ACC-00057-03,DEV-00057-A,JP,1579,0,normal
TX-0000010,ACC-00001,2025-02-01T09:05:00+00:00,USDT,626.5994804,626.6,deposit,CP-ACC-00001-03,WALLET-ACC-00001,DEV-00001-A,TW,252,0,normal
TX-0000314,ACC-00011,2025-02-01T10:03:00+00:00,ETH,0.28788763,863.66,transfer_in,CP-ACC-00011-02,WALLET-ACC-00011,DEV-00011-A,TW,1007,0,normal
TX-0001515,ACC-00051,2025-02-01T11:29:00+00:00,USDT,988.96977025,988.97,withdrawal,WALLET-ACC-00051,CP-ACC-00051-06,DEV-00051-A,TW,1185,0,normal
TX-0001543,ACC-00052,2025-02-01T11:54:00+00:00,BTC,0.00764515,458.71,transfer_out,WALLET-ACC-00052,CP-ACC-00052-06,DEV-00052-A,JP,523,0,normal
TX-0000195,ACC-00007,2025-02-01T12:23:00+00:00,ETH,0.43844803,1315.34,trade,WALLET-ACC-00007,EXTERNAL-OUT,DEV-00007-A,JP,1304,0,normal
TX-0000162,ACC-00006,2025-02-01T12:27:00+00:00,USDT,1572.38608535,1572.39,transfer_in,CP-ACC-00006-05,WALLET-ACC-00006,DEV-00006-A,TW,712,0,normal
TX-0000161,ACC-00006,2025-02-01T12:44:00+00:00,USDC,772.6883658,772.69,deposit,CP-ACC-00006-05,WALLET-ACC-00006,DEV-00006-A,TW,712,0,normal
TX-0000373,ACC-00013,2025-02-01T13:50:00+00:00,USDT,566.93547116,566.94,withdrawal,WALLET-ACC-00013,CP-ACC-00013-03,DEV-00013-A,SG,472,0,normal
TX-0001154,ACC-00039,2025-02-01T14:12:00+00:00,USDT,92.72238125,92.72,withdrawal,WALLET-ACC-00039,CP-ACC-00039-06,DEV-00039-A,US,332,0,normal
TX-0000525,ACC-00018,2025-02-01T14:28:00+00:00,ETH,0.14320354,429.61,transfer_in,CP-ACC-00018-05,WALLET-ACC-00018,DEV-00018-A,SG,1040,0,normal
TX-0000794,ACC-00027,2025-02-01T14:33:00+00:00,ETH,0.32133121,963.99,trade,WALLET-ACC-00027,EXTERNAL-OUT,DEV-00027-A,JP,1200,0,normal
TX-0001694,ACC-00057,2025-02-01T14:46:00+00:00,USDT,458.15130875,458.15,trade,WALLET-ACC-00057,EXTERNAL-OUT,DEV-00057-A,JP,1579,0,normal
TX-0000286,ACC-00010,2025-02-01T15:46:00+00:00,USDC,829.02787022,829.03,trade,WALLET-ACC-00010,EXTERNAL-OUT,DEV-00010-B,DE,1007,0,normal
TX-0001514,ACC-00051,2025-02-01T16:15:00+00:00,USDT,1104.45043538,1104.45,trade,WALLET-ACC-00051,EXTERNAL-OUT,DEV-00051-A,TW,1185,0,normal
TX-0001662,ACC-00056,2025-02-01T16:19:00+00:00,ETH,0.19548981,586.47,transfer_out,WALLET-ACC-00056,CP-ACC-00056-05,DEV-00056-A,TW,890,0,normal
TX-0000011,ACC-00001,2025-02-01T16:41:00+00:00,USDT,473.09098436,473.09,withdrawal,WALLET-ACC-00001,CP-ACC-00001-06,DEV-00001-A,TW,252,0,normal
TX-0001029,ACC-00035,2025-02-01T17:27:00+00:00,ETH,0.12700165,381.0,deposit,CP-ACC-00035-05,WALLET-ACC-00035,DEV-00035-A,DE,674,0,normal
TX-0000374,ACC-00013,2025-02-01T17:53:00+00:00,USDT,271.28371694,271.28,transfer_in,CP-ACC-00013-02,WALLET-ACC-00013,DEV-00013-A,SG,472,0,normal
TX-0001275,ACC-00043,2025-02-01T17:55:00+00:00,USDT,921.53035706,921.53,trade,WALLET-ACC-00043,EXTERNAL-OUT,DEV-00043-A,SG,1396,0,normal
TX-0000916,ACC-00031,2025-02-01T18:35:00+00:00,BTC,0.01744549,1046.73,deposit,CP-ACC-00031-02,WALLET-ACC-00031,DEV-00031-A,TW,332,0,normal
TX-0001094,ACC-00037,2025-02-01T21:12:00+00:00,USDT,401.38155237,401.38,trade,WALLET-ACC-00037,EXTERNAL-OUT,DEV-00037-A,JP,817,0,normal
TX-0000012,ACC-00001,2025-02-02T08:05:00+00:00,USDT,307.31776618,307.32,trade,WALLET-ACC-00001,EXTERNAL-OUT,DEV-00001-A,TW,252,0,normal
TX-0001095,ACC-00037,2025-02-02T08:30:00+00:00,USDT,631.22491864,631.22,trade,WALLET-ACC-00037,EXTERNAL-OUT,DEV-00037-A,JP,817,0,normal
TX-0000346,ACC-00012,2025-02-02T08:53:00+00:00,ETH,0.448218,1344.65,transfer_out,WALLET-ACC-00012,CP-ACC-00012-05,DEV-00012-A,JP,546,0,normal
TX-0001755,ACC-00059,2025-02-02T09:04:00+00:00,BTC,0.00657919,394.75,withdrawal,WALLET-ACC-00059,CP-ACC-00059-05,DEV-00059-A,US,1088,0,normal
TX-0000196,ACC-00007,2025-02-02T09:17:00+00:00,USDT,1603.21618154,1603.22,trade,WALLET-ACC-00007,EXTERNAL-OUT,DEV-00007-A,JP,1304,0,normal
TX-0001305,ACC-00044,2025-02-02T10:12:00+00:00,USDC,324.54663205,324.55,trade,WALLET-ACC-00044,EXTERNAL-OUT,DEV-00044-B,US,664,0,normal
TX-0000224,ACC-00008,2025-02-02T11:20:00+00:00,USDT,860.91582714,860.92,transfer_in,CP-ACC-00008-06,WALLET-ACC-00008,DEV-00008-A,SG,1064,0,normal
TX-0000043,ACC-00002,2025-02-02T12:47:00+00:00,ETH,0.1427803,428.34,transfer_in,CP-ACC-00002-06,WALLET-ACC-00002,DEV-00002-A,JP,980,0,normal
TX-0001784,ACC-00060,2025-02-02T13:47:00+00:00,USDT,273.77279618,273.77,deposit,CP-ACC-00060-02,WALLET-ACC-00060,DEV-00060-A,DE,498,0,normal
TX-0001306,ACC-00044,2025-02-02T13:55:00+00:00,BTC,0.00668122,400.87,transfer_out,WALLET-ACC-00044,CP-ACC-00044-06,DEV-00044-A,US,664,0,normal
TX-0000824,ACC-00028,2025-02-02T13:57:00+00:00,USDT,661.36866445,661.37,trade,WALLET-ACC-00028,EXTERNAL-OUT,DEV-00028-A,SG,1285,0,normal
TX-0001635,ACC-00055,2025-02-02T14:04:00+00:00,USDC,228.76229566,228.76,trade,WALLET-ACC-00055,EXTERNAL-OUT,DEV-00055-A,DE,1372,0,normal
TX-0001184,ACC-00040,2025-02-02T14:21:00+00:00,USDC,448.78073223,448.78,deposit,CP-ACC-00040-04,WALLET-ACC-00040,DEV-00040-A,DE,701,0,normal
TX-0001330,ACC-00045,2025-02-02T14:32:00+00:00,USDC,1635.68034227,1635.68,withdrawal,WALLET-ACC-00045,CP-ACC-00045-04,DEV-00045-A,DE,348,0,normal
TX-0001062,ACC-00036,2025-02-02T15:37:00+00:00,ETH,0.25826075,774.78,trade,WALLET-ACC-00036,EXTERNAL-OUT,DEV-00036-A,TW,1534,0,normal
TX-0000134,ACC-00005,2025-02-02T16:09:00+00:00,BTC,0.00529757,317.85,withdrawal,WALLET-ACC-00005,CP-ACC-00005-01,DEV-00005-B,DE,1075,0,normal
TX-0001785,ACC-00060,2025-02-02T16:24:00+00:00,USDT,452.38902622,452.39,withdrawal,WALLET-ACC-00060,CP-ACC-00060-01,DEV-00060-A,DE,498,0,normal
TX-0001030,ACC-00035,2025-02-02T16:43:00+00:00,ETH,0.31357974,940.74,transfer_in,CP-ACC-00035-04,WALLET-ACC-00035,DEV-00035-A,DE,674,0,normal
TX-0001786,ACC-00060,2025-02-02T16:58:00+00:00,USDT,327.66943794,327.67,deposit,CP-ACC-00060-01,WALLET-ACC-00060,DEV-00060-A,DE,498,0,normal
TX-0001663,ACC-00056,2025-02-02T19:51:00+00:00,USDT,385.63602427,385.64,trade,WALLET-ACC-00056,EXTERNAL-OUT,DEV-00056-A,TW,890,0,normal
TX-0000886,ACC-00030,2025-02-02T20:51:00+00:00,USDT,1099.91793522,1099.92,deposit,CP-ACC-00030-06,WALLET-ACC-00030,DEV-00030-A,DE,801,0,normal
TX-0000072,ACC-00003,2025-02-02T21:57:00+00:00,USDT,1044.86197451,1044.86,withdrawal,WALLET-ACC-00003,CP-ACC-00003-05,DEV-00003-A,SG,1110,0,normal
TX-0000347,ACC-00012,2025-02-03T06:02:00+00:00,BTC,0.01021185,612.71,transfer_in,CP-ACC-00012-05,WALLET-ACC-00012,DEV-00012-A,JP,546,0,normal
TX-0000288,ACC-00010,2025-02-03T09:06:00+00:00,USDC,1169.71716276,1169.72,transfer_in,CP-ACC-00010-06,WALLET-ACC-00010,DEV-00010-A,DE,1007,0,normal
TX-0001185,ACC-00040,2025-02-03T09:10:00+00:00,USDC,504.77502121,504.78,withdrawal,WALLET-ACC-00040,CP-ACC-00040-03,DEV-00040-A,DE,701,0,normal
TX-0000735,ACC-00025,2025-02-03T10:05:00+00:00,BTC,0.01971601,1182.96,transfer_in,CP-ACC-00025-03,WALLET-ACC-00025,DEV-00025-B,DE,1337,0,normal
TX-0001063,ACC-00036,2025-02-03T10:15:00+00:00,BTC,0.00667821,400.69,withdrawal,WALLET-ACC-00036,CP-ACC-00036-06,DEV-00036-A,TW,1534,0,normal
TX-0000287,ACC-00010,2025-02-03T11:57:00+00:00,USDC,977.58290573,977.58,withdrawal,WALLET-ACC-00010,CP-ACC-00010-04,DEV-00010-B,DE,1007,0,normal
TX-0001486,ACC-00050,2025-02-03T12:32:00+00:00,USDC,578.19383198,578.19,withdrawal,WALLET-ACC-00050,CP-ACC-00050-04,DEV-00050-B,DE,284,0,normal
TX-0001064,ACC-00036,2025-02-03T12:58:00+00:00,USDC,387.97581609,387.98,transfer_out,WALLET-ACC-00036,CP-ACC-00036-06,DEV-00036-A,TW,1534,0,normal
TX-0001244,ACC-00042,2025-02-03T13:20:00+00:00,BTC,0.01538459,923.08,trade,WALLET-ACC-00042,EXTERNAL-OUT,DEV-00042-A,JP,870,0,normal
TX-0000163,ACC-00006,2025-02-03T14:12:00+00:00,ETH,0.27051832,811.55,transfer_in,CP-ACC-00006-04,WALLET-ACC-00006,DEV-00006-A,TW,712,0,normal
TX-0001516,ACC-00051,2025-02-03T14:49:00+00:00,USDT,899.99650924,900.0,withdrawal,WALLET-ACC-00051,CP-ACC-00051-01,DEV-00051-A,TW,1185,0,normal
TX-0001331,ACC-00045,2025-02-03T16:48:00+00:00,ETH,0.19525771,585.77,deposit,CP-ACC-00045-05,WALLET-ACC-00045,DEV-00045-A,DE,348,0,normal
TX-0000433,ACC-00015,2025-02-03T18:27:00+00:00,USDC,739.37550777,739.38,trade,WALLET-ACC-00015,EXTERNAL-OUT,DEV-00015-A,DE,1220,0,normal
TX-0001276,ACC-00043,2025-02-03T19:01:00+00:00,USDT,894.64795922,894.65,trade,WALLET-ACC-00043,EXTERNAL-OUT,DEV-00043-A,SG,1396,0,normal
TX-0001724,ACC-00058,2025-02-03T19:19:00+00:00,USDT,379.04887768,379.05,transfer_out,WALLET-ACC-00058,CP-ACC-00058-04,DEV-00058-B,SG,1407,0,normal
TX-0001364,ACC-00046,2025-02-03T20:43:00+00:00,USDT,1684.48074847,1684.48,deposit,CP-ACC-00046-06,WALLET-ACC-00046,DEV-00046-A,TW,738,0,normal
TX-0001365,ACC-00046,2025-02-04T07:40:00+00:00,USDT,423.45779889,423.46,transfer_in,CP-ACC-00046-01,WALLET-ACC-00046,DEV-00046-A,TW,738,0,normal
TX-0001096,ACC-00037,2025-02-04T08:32:00+00:00,BTC,0.01593685,956.21,transfer_out,WALLET-ACC-00037,CP-ACC-00037-06,DEV-00037-A,JP,817,0,normal
TX-0000254,ACC-00009,2025-02-04T08:45:00+00:00,USDC,1838.00739721,1838.01,transfer_out,WALLET-ACC-00009,CP-ACC-00009-06,DEV-00009-A,US,1004,0,normal
TX-0001309,ACC-00044,2025-02-04T09:56:00+00:00,BTC,0.00343728,206.24,trade,WALLET-ACC-00044,EXTERNAL-OUT,DEV-00044-A,US,664,0,normal
TX-0001602,ACC-00054,2025-02-04T10:27:00+00:00,ETH,0.23041979,691.26,withdrawal,WALLET-ACC-00054,CP-ACC-00054-03,DEV-00054-A,US,234,0,normal
TX-0000972,ACC-00033,2025-02-04T10:36:00+00:00,USDC,1101.56040762,1101.56,trade,WALLET-ACC-00033,EXTERNAL-OUT,DEV-00033-A,SG,273,0,normal
TX-0001307,ACC-00044,2025-02-04T11:24:00+00:00,USDC,403.31941338,403.32,trade,WALLET-ACC-00044,EXTERNAL-OUT,DEV-00044-A,US,664,0,normal
TX-0000164,ACC-00006,2025-02-04T11:38:00+00:00,BTC,0.01880336,1128.2,deposit,CP-ACC-00006-05,WALLET-ACC-00006,DEV-00006-A,TW,712,0,normal
TX-0000887,ACC-00030,2025-02-04T11:45:00+00:00,USDT,159.52078678,159.52,withdrawal,WALLET-ACC-00030,CP-ACC-00030-02,DEV-00030-A,DE,801,0,normal
TX-0001544,ACC-00052,2025-02-04T11:49:00+00:00,USDC,747.72229435,747.72,transfer_out,WALLET-ACC-00052,CP-ACC-00052-04,DEV-00052-A,JP,523,0,normal
TX-0001636,ACC-00055,2025-02-04T13:20:00+00:00,USDT,166.81230197,166.81,withdrawal,WALLET-ACC-00055,CP-ACC-00055-04,DEV-00055-A,DE,1372,0,normal
TX-0001487,ACC-00050,2025-02-04T13:34:00+00:00,USDC,657.7572032,657.76,deposit,CP-ACC-00050-06,WALLET-ACC-00050,DEV-00050-A,DE,284,0,normal
TX-0000289,ACC-00010,2025-02-04T13:43:00+00:00,BTC,0.01558504,935.1,transfer_out,WALLET-ACC-00010,CP-ACC-00010-06,DEV-00010-A,DE,1007,0,normal
TX-0001545,ACC-00052,2025-02-04T15:25:00+00:00,ETH,0.25284018,758.52,transfer_in,CP-ACC-00052-04,WALLET-ACC-00052,DEV-00052-A,JP,523,0,normal
TX-0001517,ACC-00051,2025-02-04T15:47:00+00:00,USDT,467.54317951,467.54,transfer_in,CP-ACC-00051-01,WALLET-ACC-00051,DEV-00051-A,TW,1185,0,normal
TX-0000855,ACC-00029,2025-02-04T17:08:00+00:00,ETH,0.28403621,852.11,deposit,CP-ACC-00029-01,WALLET-ACC-00029,DEV-00029-A,US,901,0,normal
TX-0001308,ACC-00044,2025-02-04T17:11:00+00:00,USDT,330.83567713,330.84,trade,WALLET-ACC-00044,EXTERNAL-OUT,DEV-00044-A,US,664,0,normal
TX-0001332,ACC-00045,2025-02-04T17:35:00+00:00,ETH,0.20901229,627.04,deposit,CP-ACC-00045-03,WALLET-ACC-00045,DEV-00045-A,DE,348,0,normal
TX-0000825,ACC-00028,2025-02-04T17:56:00+00:00,USDT,3799.73317903,3799.73,deposit,CP-ACC-00028-02,WALLET-ACC-00028,DEV-00028-A,SG,1285,0,normal
TX-0000348,ACC-00012,2025-02-04T18:09:00+00:00,ETH,0.17717645,531.53,transfer_out,WALLET-ACC-00012,CP-ACC-00012-03,DEV-00012-B,JP,546,0,normal
TX-0000044,ACC-00002,2025-02-04T20:29:00+00:00,USDT,481.87231122,481.87,transfer_out,WALLET-ACC-00002,CP-ACC-00002-04,DEV-00002-A,JP,980,0,normal
TX-0000971,ACC-00033,2025-02-04T21:49:00+00:00,ETH,0.29272234,878.17,trade,WALLET-ACC-00033,EXTERNAL-OUT,DEV-00033-A,SG,273,0,normal
TX-0001756,ACC-00059,2025-02-05T06:12:00+00:00,BTC,0.00286023,171.61,withdrawal,WALLET-ACC-00059,CP-ACC-00059-03,DEV-00059-A,US,1088,0,normal
TX-0001126,ACC-00038,2025-02-05T08:02:00+00:00,USDT,911.53676471,911.54,deposit,CP-ACC-00038-06,WALLET-ACC-00038,DEV-00038-A,SG,1556,0,normal
TX-0001277,ACC-00043,2025-02-05T08:11:00+00:00,USDT,285.21609299,285.22,transfer_out,WALLET-ACC-00043,CP-ACC-00043-04,DEV-00043-A,SG,1396,0,normal
TX-0000948,ACC-00032,2025-02-05T09:08:00+00:00,ETH,0.06896424,206.89,trade,WALLET-ACC-00032,EXTERNAL-OUT,DEV-00032-A,JP,289,0,normal
TX-0001097,ACC-00037,2025-02-05T09:38:00+00:00,ETH,0.51419405,1542.58,trade,WALLET-ACC-00037,EXTERNAL-OUT,DEV-00037-A,JP,817,0,normal
TX-0001603,ACC-00054,2025-02-05T10:40:00+00:00,USDT,1002.81497159,1002.81,withdrawal,WALLET-ACC-00054,CP-ACC-00054-02,DEV-00054-A,US,234,0,normal
TX-0001009,ACC-00034,2025-02-05T11:29:00+00:00,USDT,315.79571906,315.8,transfer_out,WALLET-ACC-00034,CP-ACC-00034-04,DEV-00034-A,US,1007,0,normal
TX-0001787,ACC-00060,2025-02-05T12:07:00+00:00,USDT,390.16064424,390.16,withdrawal,WALLET-ACC-00060,CP-ACC-00060-01,DEV-00060-A,DE,498,0,normal
TX-0001065,ACC-00036,2025-02-05T13:07:00+00:00,BTC,0.01043126,625.88,withdrawal,WALLET-ACC-00036,CP-ACC-00036-06,DEV-00036-A,TW,1534,0,normal
TX-0000856,ACC-00029,2025-02-05T13:31:00+00:00,USDC,299.91189619,299.91,deposit,CP-ACC-00029-02,WALLET-ACC-00029,DEV-00029-A,US,901,0,normal
TX-0000225,ACC-00008,2025-02-05T13:36:00+00:00,ETH,0.26385119,791.55,trade,WALLET-ACC-00008,EXTERNAL-OUT,DEV-00008-B,SG,1064,0,normal
TX-0000315,ACC-00011,2025-02-05T13:37:00+00:00,USDT,574.26356748,574.26,transfer_out,WALLET-ACC-00011,CP-ACC-00011-02,DEV-00011-A,TW,1007,0,normal
TX-0001427,ACC-00048,2025-02-05T13:46:00+00:00,USDT,250.41386253,250.41,trade,WALLET-ACC-00048,EXTERNAL-OUT,DEV-00048-A,SG,1172,0,normal
TX-0001031,ACC-00035,2025-02-05T14:12:00+00:00,ETH,0.46675626,1400.27,trade,WALLET-ACC-00035,EXTERNAL-OUT,DEV-00035-A,DE,674,0,normal
TX-0000073,ACC-00003,2025-02-05T14:23:00+00:00,USDT,813.68011584,813.68,withdrawal,WALLET-ACC-00003,CP-ACC-00003-05,DEV-00003-A,SG,1110,0,normal
TX-0000737,ACC-00025,2025-02-05T14:42:00+00:00,USDT,801.56847214,801.57,deposit,CP-ACC-00025-02,WALLET-ACC-00025,DEV-00025-A,DE,1337,0,normal
TX-0001278,ACC-00043,2025-02-05T15:12:00+00:00,USDT,411.96827526,411.97,trade,WALLET-ACC-00043,EXTERNAL-OUT,DEV-00043-A,SG,1396,0,normal
TX-0000403,ACC-00014,2025-02-05T15:25:00+00:00,ETH,0.22657228,679.72,withdrawal,WALLET-ACC-00014,CP-ACC-00014-02,DEV-00014-A,US,1364,0,normal
TX-0000736,ACC-00025,2025-02-05T17:11:00+00:00,USDT,455.97907678,455.98,trade,WALLET-ACC-00025,EXTERNAL-OUT,DEV-00025-A,DE,1337,0,normal
TX-0000496,ACC-00017,2025-02-05T17:50:00+00:00,USDT,420.36414212,420.36,deposit,CP-ACC-00017-04,WALLET-ACC-00017,DEV-00017-A,JP,666,0,normal
TX-0000349,ACC-00012,2025-02-05T18:02:00+00:00,USDC,736.44343436,736.44,trade,WALLET-ACC-00012,EXTERNAL-OUT,DEV-00012-B,JP,546,0,normal
TX-0001333,ACC-00045,2025-02-05T21:58:00+00:00,USDT,1138.72741025,1138.73,transfer_out,WALLET-ACC-00045,CP-ACC-00045-04,DEV-00045-A,DE,348,0,normal
TX-0001457,ACC-00049,2025-02-06T06:01:00+00:00,USDT,631.9317159,631.93,trade,WALLET-ACC-00049,EXTERNAL-OUT,DEV-00049-A,US,385,0,normal
TX-0000375,ACC-00013,2025-02-06T06:23:00+00:00,USDT,370.95331147,370.95,transfer_out,WALLET-ACC-00013,CP-ACC-00013-05,DEV-00013-A,SG,472,0,normal
TX-0000795,ACC-00027,2025-02-06T07:13:00+00:00,ETH,0.19452324,583.57,transfer_in,CP-ACC-00027-01,WALLET-ACC-00027,DEV-00027-A,JP,1200,0,normal
TX-0000350,ACC-00012,2025-02-06T07:54:00+00:00,USDC,800.5704918,800.57,deposit,CP-ACC-00012-06,WALLET-ACC-00012,DEV-00012-A,JP,546,0,normal
TX-0001334,ACC-00045,2025-02-06T08:40:00+00:00,ETH,0.20502696,615.08,deposit,CP-ACC-00045-05,WALLET-ACC-00045,DEV-00045-A,DE,348,0,normal
TX-0000107,ACC-00004,2025-02-06T09:41:00+00:00,USDT,793.46373287,793.46,trade,WALLET-ACC-00004,EXTERNAL-OUT,DEV-00004-A,US,1214,0,normal
TX-0001546,ACC-00052,2025-02-06T10:04:00+00:00,BTC,0.008577,514.62,deposit,CP-ACC-00052-03,WALLET-ACC-00052,DEV-00052-A,JP,523,0,normal
TX-0000917,ACC-00031,2025-02-06T10:08:00+00:00,ETH,0.79503515,2385.11,trade,WALLET-ACC-00031,EXTERNAL-OUT,DEV-00031-A,TW,332,0,normal
TX-0000888,ACC-00030,2025-02-06T11:20:00+00:00,USDC,243.43299396,243.43,trade,WALLET-ACC-00030,EXTERNAL-OUT,DEV-00030-A,DE,801,0,normal
TX-0000826,ACC-00028,2025-02-06T11:34:00+00:00,BTC,0.0072499,434.99,trade,WALLET-ACC-00028,EXTERNAL-OUT,DEV-00028-A,SG,1285,0,normal
TX-0001574,ACC-00053,2025-02-06T12:13:00+00:00,BTC,0.00274535,164.72,trade,WALLET-ACC-00053,EXTERNAL-OUT,DEV-00053-A,SG,1239,0,normal
TX-0001366,ACC-00046,2025-02-06T12:18:00+00:00,USDC,578.4910437,578.49,deposit,CP-ACC-00046-02,WALLET-ACC-00046,DEV-00046-A,TW,738,0,normal
TX-0001310,ACC-00044,2025-02-06T12:45:00+00:00,BTC,0.0036035,216.21,trade,WALLET-ACC-00044,EXTERNAL-OUT,DEV-00044-A,US,664,0,normal
TX-0001066,ACC-00036,2025-02-06T13:39:00+00:00,ETH,0.22731547,681.95,transfer_in,CP-ACC-00036-01,WALLET-ACC-00036,DEV-00036-A,TW,1534,0,normal
TX-0001695,ACC-00057,2025-02-06T13:43:00+00:00,USDC,1197.36564333,1197.37,trade,WALLET-ACC-00057,EXTERNAL-OUT,DEV-00057-B,JP,1579,0,normal
TX-0001725,ACC-00058,2025-02-06T14:52:00+00:00,USDC,619.48714494,619.49,deposit,CP-ACC-00058-05,WALLET-ACC-00058,DEV-00058-A,SG,1407,0,normal
TX-0001638,ACC-00055,2025-02-06T16:19:00+00:00,ETH,0.03805004,114.15,transfer_out,WALLET-ACC-00055,CP-ACC-00055-01,DEV-00055-A,DE,1372,0,normal
TX-0001637,ACC-00055,2025-02-06T16:29:00+00:00,ETH,0.08966466,268.99,withdrawal,WALLET-ACC-00055,CP-ACC-00055-01,DEV-00055-A,DE,1372,0,normal
TX-0001488,ACC-00050,2025-02-06T19:56:00+00:00,USDT,1027.5002455,1027.5,withdrawal,WALLET-ACC-00050,CP-ACC-00050-04,DEV-00050-A,DE,284,0,normal
TX-0000858,ACC-00029,2025-02-07T06:14:00+00:00,BTC,0.01602858,961.71,deposit,CP-ACC-00029-01,WALLET-ACC-00029,DEV-00029-A,US,901,0,normal
TX-0001032,ACC-00035,2025-02-07T08:38:00+00:00,USDT,564.7574639,564.76,trade,WALLET-ACC-00035,EXTERNAL-OUT,DEV-00035-A,DE,674,0,normal
TX-0000255,ACC-00009,2025-02-07T09:31:00+00:00,USDT,1635.07476492,1635.07,deposit,CP-ACC-00009-04,WALLET-ACC-00009,DEV-00009-A,US,1004,0,normal
TX-0001127,ACC-00038,2025-02-07T10:13:00+00:00,USDC,637.88559036,637.89,transfer_out,WALLET-ACC-00038,CP-ACC-00038-05,DEV-00038-A,SG,1556,0,normal
TX-0001368,ACC-00046,2025-02-07T10:30:00+00:00,BTC,0.00662958,397.77,trade,WALLET-ACC-00046,EXTERNAL-OUT,DEV-00046-A,TW,738,0,normal
TX-0001758,ACC-00059,2025-02-07T10:38:00+00:00,USDT,512.45639334,512.46,transfer_out,WALLET-ACC-00059,CP-ACC-00059-04,DEV-00059-A,US,1088,0,normal
TX-0001696,ACC-00057,2025-02-07T11:07:00+00:00,USDT,361.26991063,361.27,transfer_in,CP-ACC-00057-03,WALLET-ACC-00057,DEV-00057-A,JP,1579,0,normal
TX-0001098,ACC-00037,2025-02-07T11:11:00+00:00,ETH,0.10089312,302.68,transfer_in,CP-ACC-00037-04,WALLET-ACC-00037,DEV-00037-A,JP,817,0,normal
TX-0001367,ACC-00046,2025-02-07T11:19:00+00:00,USDT,741.93292234,741.93,trade,WALLET-ACC-00046,EXTERNAL-OUT,DEV-00046-A,TW,738,0,normal
TX-0001245,ACC-00042,2025-02-07T11:23:00+00:00,USDT,939.01917582,939.02,transfer_out,WALLET-ACC-00042,CP-ACC-00042-01,DEV-00042-A,JP,870,0,normal
TX-0000404,ACC-00014,2025-02-07T11:32:00+00:00,USDT,691.07354178,691.07,deposit,CP-ACC-00014-01,WALLET-ACC-00014,DEV-00014-A,US,1364,0,normal
TX-0001639,ACC-00055,2025-02-07T13:29:00+00:00,USDC,150.54434292,150.54,trade,WALLET-ACC-00055,EXTERNAL-OUT,DEV-00055-A,DE,1372,0,normal
TX-0001726,ACC-00058,2025-02-07T14:47:00+00:00,USDT,517.1092339,517.11,transfer_in,CP-ACC-00058-02,WALLET-ACC-00058,DEV-00058-A,SG,1407,0,normal
TX-0001155,ACC-00039,2025-02-07T15:22:00+00:00,USDC,100.48675044,100.49,transfer_out,WALLET-ACC-00039,CP-ACC-00039-01,DEV-00039-A,US,332,0,normal
TX-0001757,ACC-00059,2025-02-07T15:41:00+00:00,USDT,213.25238357,213.25,trade,WALLET-ACC-00059,EXTERNAL-OUT,DEV-00059-A,US,1088,0,normal
TX-0000526,ACC-00018,2025-02-07T15:48:00+00:00,ETH,0.31749505,952.49,trade,WALLET-ACC-00018,EXTERNAL-OUT,DEV-00018-A,SG,1040,0,normal
TX-0000857,ACC-00029,2025-02-07T16:01:00+00:00,USDC,265.30449384,265.3,deposit,CP-ACC-00029-01,WALLET-ACC-00029,DEV-00029-A,US,901,0,normal
TX-0000497,ACC-00017,2025-02-07T16:42:00+00:00,BTC,0.01829859,1097.92,transfer_out,WALLET-ACC-00017,CP-ACC-00017-03,DEV-00017-A,JP,666,0,normal
TX-0000918,ACC-00031,2025-02-07T16:58:00+00:00,ETH,0.5103434,1531.03,withdrawal,WALLET-ACC-00031,CP-ACC-00031-02,DEV-00031-A,TW,332,0,normal
TX-0001246,ACC-00042,2025-02-07T17:13:00+00:00,ETH,0.21314874,639.45,trade,WALLET-ACC-00042,EXTERNAL-OUT,DEV-00042-A,JP,870,0,normal
TX-0001033,ACC-00035,2025-02-07T17:52:00+00:00,ETH,0.2702406,810.72,transfer_out,WALLET-ACC-00035,CP-ACC-00035-04,DEV-00035-A,DE,674,0,normal
TX-0000226,ACC-00008,2025-02-07T18:21:00+00:00,USDT,940.26044671,940.26,withdrawal,WALLET-ACC-00008,CP-ACC-00008-06,DEV-00008-A,SG,1064,0,normal
TX-0000316,ACC-00011,2025-02-07T18:35:00+00:00,USDT,736.73551323,736.74,trade,WALLET-ACC-00011,EXTERNAL-OUT,DEV-00011-B,TW,1007,0,normal
TX-0001547,ACC-00052,2025-02-08T09:19:00+00:00,USDT,141.87574176,141.88,trade,WALLET-ACC-00052,EXTERNAL-OUT,DEV-00052-A,JP,523,0,normal
TX-0001186,ACC-00040,2025-02-08T10:08:00+00:00,ETH,0.17394561,521.84,trade,WALLET-ACC-00040,EXTERNAL-OUT,DEV-00040-A,DE,701,0,normal
TX-0000738,ACC-00025,2025-02-08T11:08:00+00:00,USDT,748.98068184,748.98,withdrawal,WALLET-ACC-00025,CP-ACC-00025-01,DEV-00025-A,DE,1337,0,normal
TX-0001187,ACC-00040,2025-02-08T11:10:00+00:00,USDT,419.70021896,419.7,trade,WALLET-ACC-00040,EXTERNAL-OUT,DEV-00040-A,DE,701,0,normal
TX-0000739,ACC-00025,2025-02-08T11:30:00+00:00,USDT,1114.35705484,1114.36,trade,WALLET-ACC-00025,EXTERNAL-OUT,DEV-00025-B,DE,1337,0,normal
TX-0000376,ACC-00013,2025-02-08T11:44:00+00:00,BTC,0.00617036,370.22,trade,WALLET-ACC-00013,EXTERNAL-OUT,DEV-00013-A,SG,472,0,normal
TX-0000919,ACC-00031,2025-02-08T12:18:00+00:00,ETH,0.29924239,897.73,deposit,CP-ACC-00031-02,WALLET-ACC-00031,DEV-00031-A,TW,332,0,normal
TX-0001604,ACC-00054,2025-02-08T12:49:00+00:00,USDT,678.018223,678.02,trade,WALLET-ACC-00054,EXTERNAL-OUT,DEV-00054-A,US,234,0,normal
TX-0000013,ACC-00001,2025-02-08T12:58:00+00:00,ETH,0.23555771,706.67,transfer_in,CP-ACC-00001-03,WALLET-ACC-00001,DEV-00001-B,TW,252,0,normal
TX-0001034,ACC-00035,2025-02-08T13:15:00+00:00,USDC,500.30655381,500.31,deposit,CP-ACC-00035-01,WALLET-ACC-00035,DEV-00035-A,DE,674,0,normal
TX-0001247,ACC-00042,2025-02-08T13:43:00+00:00,USDC,679.77358294,679.77,withdrawal,WALLET-ACC-00042,CP-ACC-00042-04,DEV-00042-A,JP,870,0,normal
TX-0000797,ACC-00027,2025-02-08T13:47:00+00:00,BTC,0.00665667,399.4,transfer_in,CP-ACC-00027-01,WALLET-ACC-00027,DEV-00027-A,JP,1200,0,normal
TX-0001335,ACC-00045,2025-02-08T14:32:00+00:00,USDC,1251.30208152,1251.3,trade,WALLET-ACC-00045,EXTERNAL-OUT,DEV-00045-A,DE,348,0,normal
TX-0001369,ACC-00046,2025-02-08T14:38:00+00:00,USDT,972.28429037,972.28,deposit,CP-ACC-00046-01,WALLET-ACC-00046,DEV-00046-A,TW,738,0,normal
TX-0001575,ACC-00053,2025-02-08T14:56:00+00:00,BTC,0.00477022,286.21,transfer_in,CP-ACC-00053-02,WALLET-ACC-00053,DEV-00053-A,SG,1239,0,normal
TX-0001664,ACC-00056,2025-02-08T15:12:00+00:00,USDT,338.19700115,338.2,transfer_in,CP-ACC-00056-02,WALLET-ACC-00056,DEV-00056-A,TW,890,0,normal
TX-0000197,ACC-00007,2025-02-08T15:58:00+00:00,USDT,392.09097557,392.09,deposit,CP-ACC-00007-03,WALLET-ACC-00007,DEV-00007-A,JP,1304,0,normal
TX-0000435,ACC-00015,2025-02-08T16:10:00+00:00,USDT,321.20919752,321.21,trade,WALLET-ACC-00015,EXTERNAL-OUT,DEV-00015-A,DE,1220,0,normal
TX-0000859,ACC-00029,2025-02-08T16:36:00+00:00,USDT,269.34537885,269.35,transfer_out,WALLET-ACC-00029,CP-ACC-00029-04,DEV-00029-A,US,901,0,normal
TX-0001067,ACC-00036,2025-02-08T16:54:00+00:00,BTC,0.00655654,393.39,transfer_in,CP-ACC-00036-05,WALLET-ACC-00036,DEV-00036-A,TW,1534,0,normal
TX-0000351,ACC-00012,2025-02-08T16:59:00+00:00,USDT,999.94282012,999.94,trade,WALLET-ACC-00012,EXTERNAL-OUT,DEV-00012-B,JP,546,0,normal
TX-0000045,ACC-00002,2025-02-08T17:02:00+00:00,BTC,0.00785719,471.43,trade,WALLET-ACC-00002,EXTERNAL-OUT,DEV-00002-A,JP,980,0,normal
TX-0001217,ACC-00041,2025-02-08T17:17:00+00:00,ETH,0.22146246,664.39,withdrawal,WALLET-ACC-00041,CP-ACC-00041-04,DEV-00041-A,TW,556,0,normal
TX-0000796,ACC-00027,2025-02-08T17:26:00+00:00,ETH,0.16306043,489.18,withdrawal,WALLET-ACC-00027,CP-ACC-00027-05,DEV-00027-A,JP,1200,0,normal
TX-0001489,ACC-00050,2025-02-08T17:43:00+00:00,USDT,1253.64755548,1253.65,trade,WALLET-ACC-00050,EXTERNAL-OUT,DEV-00050-A,DE,284,0,normal
TX-0000165,ACC-00006,2025-02-08T18:03:00+00:00,USDT,1285.88893217,1285.89,deposit,CP-ACC-00006-03,WALLET-ACC-00006,DEV-00006-A,TW,712,0,normal
TX-0000434,ACC-00015,2025-02-08T20:57:00+00:00,ETH,0.24922905,747.69,deposit,CP-ACC-00015-01,WALLET-ACC-00015,DEV-00015-A,DE,1220,0,normal
TX-0000199,ACC-00007,2025-02-09T06:23:00+00:00,BTC,0.01477427,886.46,deposit,CP-ACC-00007-05,WALLET-ACC-00007,DEV-00007-A,JP,1304,0,normal
TX-0000436,ACC-00015,2025-02-09T09:40:00+00:00,USDC,731.78065005,731.78,withdrawal,WALLET-ACC-00015,CP-ACC-00015-05,DEV-00015-A,DE,1220,0,normal
TX-0001548,ACC-00052,2025-02-09T10:31:00+00:00,ETH,0.10465708,313.97,trade,WALLET-ACC-00052,EXTERNAL-OUT,DEV-00052-A,JP,523,0,normal
TX-0000500,ACC-00017,2025-02-09T12:20:00+00:00,USDT,920.90387814,920.9,trade,WALLET-ACC-00017,EXTERNAL-OUT,DEV-00017-A,JP,666,0,normal
TX-0000973,ACC-00033,2025-02-09T12:39:00+00:00,USDT,743.29697877,743.3,trade,WALLET-ACC-00033,EXTERNAL-OUT,DEV-00033-A,SG,273,0,normal
TX-0001188,ACC-00040,2025-02-09T13:16:00+00:00,BTC,0.00458834,275.3,trade,WALLET-ACC-00040,EXTERNAL-OUT,DEV-00040-A,DE,701,0,normal
TX-0001035,ACC-00035,2025-02-09T13:29:00+00:00,ETH,0.26459368,793.78,deposit,CP-ACC-00035-04,WALLET-ACC-00035,DEV-00035-A,DE,674,0,normal
TX-0001248,ACC-00042,2025-02-09T14:19:00+00:00,USDC,476.66144112,476.66,transfer_in,CP-ACC-00042-02,WALLET-ACC-00042,DEV-00042-A,JP,870,0,normal
TX-0000198,ACC-00007,2025-02-09T15:32:00+00:00,USDT,1718.75859187,1718.76,trade,WALLET-ACC-00007,EXTERNAL-OUT,DEV-00007-A,JP,1304,0,normal
TX-0000527,ACC-00018,2025-02-09T15:34:00+00:00,USDT,441.74999697,441.75,transfer_out,WALLET-ACC-00018,CP-ACC-00018-02,DEV-00018-A,SG,1040,0,normal
TX-0000256,ACC-00009,2025-02-09T16:55:00+00:00,USDT,1450.54910325,1450.55,trade,WALLET-ACC-00009,EXTERNAL-OUT,DEV-00009-A,US,1004,0,normal
TX-0001279,ACC-00043,2025-02-09T17:49:00+00:00,USDT,385.36007382,385.36,withdrawal,WALLET-ACC-00043,CP-ACC-00043-06,DEV-00043-A,SG,1396,0,normal
TX-0000498,ACC-00017,2025-02-09T17:53:00+00:00,ETH,0.19052178,571.57,withdrawal,WALLET-ACC-00017,CP-ACC-00017-03,DEV-00017-A,JP,666,0,normal
TX-0000135,ACC-00005,2025-02-09T17:55:00+00:00,USDT,698.94786964,698.95,transfer_in,CP-ACC-00005-04,WALLET-ACC-00005,DEV-00005-A,DE,1075,0,normal
TX-0001640,ACC-00055,2025-02-09T18:43:00+00:00,USDT,161.07851044,161.08,transfer_out,WALLET-ACC-00055,CP-ACC-00055-03,DEV-00055-A,DE,1372,0,normal
TX-0000377,ACC-00013,2025-02-09T19:17:00+00:00,ETH,0.34624664,1038.74,trade,WALLET-ACC-00013,EXTERNAL-OUT,DEV-00013-A,SG,472,0,normal
TX-0001218,ACC-00041,2025-02-09T19:41:00+00:00,ETH,0.31199931,936.0,trade,WALLET-ACC-00041,EXTERNAL-OUT,DEV-00041-A,TW,556,0,normal
TX-0000499,ACC-00017,2025-02-09T21:28:00+00:00,USDC,1046.79130418,1046.79,trade,WALLET-ACC-00017,EXTERNAL-OUT,DEV-00017-A,JP,666,0,normal
TX-0001605,ACC-00054,2025-02-09T21:57:00+00:00,BTC,0.01119233,671.54,deposit,CP-ACC-00054-05,WALLET-ACC-00054,DEV-00054-A,US,234,0,normal
TX-0000136,ACC-00005,2025-02-10T06:11:00+00:00,USDT,663.67547937,663.68,trade,WALLET-ACC-00005,EXTERNAL-OUT,DEV-00005-A,DE,1075,0,normal
TX-0001311,ACC-00044,2025-02-10T07:06:00+00:00,USDT,146.36443925,146.36,deposit,CP-ACC-00044-02,WALLET-ACC-00044,DEV-00044-A,US,664,0,normal
TX-0001068,ACC-00036,2025-02-10T08:19:00+00:00,USDC,2181.46253199,2181.46,trade,WALLET-ACC-00036,EXTERNAL-OUT,DEV-00036-A,TW,1534,0,normal
TX-0000949,ACC-00032,2025-02-10T09:18:00+00:00,BTC,0.00603552,362.13,deposit,CP-ACC-00032-01,WALLET-ACC-00032,DEV-00032-A,JP,289,0,normal
TX-0000974,ACC-00033,2025-02-10T10:30:00+00:00,USDC,721.90209058,721.9,withdrawal,WALLET-ACC-00033,CP-ACC-00033-01,DEV-00033-A,SG,273,0,normal
TX-0001606,ACC-00054,2025-02-10T11:24:00+00:00,ETH,0.13777752,413.33,transfer_out,WALLET-ACC-00054,CP-ACC-00054-05,DEV-00054-A,US,234,0,normal
TX-0000200,ACC-00007,2025-02-10T11:26:00+00:00,BTC,0.02869803,1721.88,deposit,CP-ACC-00007-02,WALLET-ACC-00007,DEV-00007-A,JP,1304,0,normal
TX-0000108,ACC-00004,2025-02-10T12:59:00+00:00,USDT,760.79789132,760.8,trade,WALLET-ACC-00004,EXTERNAL-OUT,DEV-00004-A,US,1214,0,normal
TX-0000766,ACC-00026,2025-02-10T13:22:00+00:00,USDC,599.23623227,599.24,trade,WALLET-ACC-00026,EXTERNAL-OUT,DEV-00026-A,TW,722,0,normal
TX-0001665,ACC-00056,2025-02-10T13:23:00+00:00,USDT,298.59358016,298.59,withdrawal,WALLET-ACC-00056,CP-ACC-00056-04,DEV-00056-A,TW,890,0,normal
TX-0001336,ACC-00045,2025-02-10T13:59:00+00:00,USDT,367.81802917,367.82,withdrawal,WALLET-ACC-00045,CP-ACC-00045-01,DEV-00045-A,DE,348,0,normal
TX-0001128,ACC-00038,2025-02-10T15:06:00+00:00,USDT,869.82351467,869.82,withdrawal,WALLET-ACC-00038,CP-ACC-00038-03,DEV-00038-A,SG,1556,0,normal
TX-0001428,ACC-00048,2025-02-10T15:26:00+00:00,BTC,0.02050634,1230.38,deposit,CP-ACC-00048-05,WALLET-ACC-00048,DEV-00048-A,SG,1172,0,normal
TX-0001157,ACC-00039,2025-02-10T16:34:00+00:00,USDT,179.03418285,179.03,withdrawal,WALLET-ACC-00039,CP-ACC-00039-01,DEV-00039-A,US,332,0,normal
TX-0001156,ACC-00039,2025-02-10T16:58:00+00:00,BTC,0.00656434,393.86,withdrawal,WALLET-ACC-00039,CP-ACC-00039-01,DEV-00039-A,US,332,0,normal
TX-0000074,ACC-00003,2025-02-10T17:09:00+00:00,USDC,1853.41536339,1853.42,transfer_out,WALLET-ACC-00003,CP-ACC-00003-04,DEV-00003-A,SG,1110,0,normal
TX-0000405,ACC-00014,2025-02-10T17:19:00+00:00,BTC,0.01718961,1031.38,trade,WALLET-ACC-00014,EXTERNAL-OUT,DEV-00014-A,US,1364,0,normal
TX-0001641,ACC-00055,2025-02-10T19:34:00+00:00,USDT,126.92267429,126.92,trade,WALLET-ACC-00055,EXTERNAL-OUT,DEV-00055-A,DE,1372,0,normal
TX-0001099,ACC-00037,2025-02-10T19:46:00+00:00,BTC,0.01516412,909.85,deposit,CP-ACC-00037-05,WALLET-ACC-00037,DEV-00037-A,JP,817,0,normal
TX-0001577,ACC-00053,2025-02-11T06:05:00+00:00,BTC,0.0131305,787.83,trade,WALLET-ACC-00053,EXTERNAL-OUT,DEV-00053-B,SG,1239,0,normal
TX-0000529,ACC-00018,2025-02-11T06:28:00+00:00,BTC,0.01632359,979.42,withdrawal,WALLET-ACC-00018,CP-ACC-00018-02,DEV-00018-A,SG,1040,0,normal
TX-0001069,ACC-00036,2025-02-11T06:56:00+00:00,USDT,837.40305811,837.4,trade,WALLET-ACC-00036,EXTERNAL-OUT,DEV-00036-A,TW,1534,0,normal
TX-0000528,ACC-00018,2025-02-11T09:22:00+00:00,USDC,405.59903439,405.6,withdrawal,WALLET-ACC-00018,CP-ACC-00018-03,DEV-00018-A,SG,1040,0,normal
TX-0001607,ACC-00054,2025-02-11T10:03:00+00:00,USDT,627.69250756,627.69,trade,WALLET-ACC-00054,EXTERNAL-OUT,DEV-00054-A,US,234,0,normal
TX-0000437,ACC-00015,2025-02-11T10:15:00+00:00,USDT,595.55856011,595.56,transfer_in,CP-ACC-00015-05,WALLET-ACC-00015,DEV-00015-A,DE,1220,0,normal
TX-0000799,ACC-00027,2025-02-11T10:49:00+00:00,USDT,272.04522762,272.05,transfer_in,CP-ACC-00027-04,WALLET-ACC-00027,DEV-00027-A,JP,1200,0,normal
TX-0000798,ACC-00027,2025-02-11T11:07:00+00:00,USDC,1053.21673053,1053.22,withdrawal,WALLET-ACC-00027,CP-ACC-00027-05,DEV-00027-A,JP,1200,0,normal
TX-0001666,ACC-00056,2025-02-11T12:02:00+00:00,USDT,177.23581552,177.24,transfer_out,WALLET-ACC-00056,CP-ACC-00056-01,DEV-00056-A,TW,890,0,normal
TX-0001697,ACC-00057,2025-02-11T13:30:00+00:00,USDC,1173.36945452,1173.37,transfer_in,CP-ACC-00057-02,WALLET-ACC-00057,DEV-00057-A,JP,1579,0,normal
TX-0000166,ACC-00006,2025-02-11T14:11:00+00:00,ETH,0.54759465,1642.78,trade,WALLET-ACC-00006,EXTERNAL-OUT,DEV-00006-A,TW,712,0,normal
TX-0001576,ACC-00053,2025-02-11T14:35:00+00:00,BTC,0.00190535,114.32,deposit,CP-ACC-00053-02,WALLET-ACC-00053,DEV-00053-A,SG,1239,0,normal
TX-0000438,ACC-00015,2025-02-11T14:40:00+00:00,ETH,0.17177063,515.31,deposit,CP-ACC-00015-05,WALLET-ACC-00015,DEV-00015-A,DE,1220,0,normal
TX-0000201,ACC-00007,2025-02-11T16:58:00+00:00,USDC,776.21082699,776.21,trade,WALLET-ACC-00007,EXTERNAL-OUT,DEV-00007-A,JP,1304,0,normal
TX-0000046,ACC-00002,2025-02-11T17:37:00+00:00,BTC,0.00766506,459.9,trade,WALLET-ACC-00002,EXTERNAL-OUT,DEV-00002-A,JP,980,0,normal
TX-0000466,ACC-00016,2025-02-11T18:05:00+00:00,USDT,656.5054437,656.51,deposit,CP-ACC-00016-01,WALLET-ACC-00016,DEV-00016-A,TW,694,0,normal
TX-0000109,ACC-00004,2025-02-11T21:04:00+00:00,USDT,486.31809615,486.32,withdrawal,WALLET-ACC-00004,CP-ACC-00004-03,DEV-00004-A,US,1214,0,normal
TX-0000257,ACC-00009,2025-02-12T07:13:00+00:00,USDT,807.3191896,807.32,transfer_in,CP-ACC-00009-05,WALLET-ACC-00009,DEV-00009-A,US,1004,0,normal
TX-0000889,ACC-00030,2025-02-12T07:51:00+00:00,BTC,0.00435094,261.06,trade,WALLET-ACC-00030,EXTERNAL-OUT,DEV-00030-A,DE,801,0,normal
TX-0000291,ACC-00010,2025-02-12T08:07:00+00:00,USDT,248.46117397,248.46,transfer_in,CP-ACC-00010-02,WALLET-ACC-00010,DEV-00010-A,DE,1007,0,normal
TX-0001667,ACC-00056,2025-02-12T09:53:00+00:00,BTC,0.00520526,312.32,transfer_out,WALLET-ACC-00056,CP-ACC-00056-04,DEV-00056-A,TW,890,0,normal
TX-0000137,ACC-00005,2025-02-12T09:55:00+00:00,USDT,392.36760199,392.37,withdrawal,WALLET-ACC-00005,CP-ACC-00005-01,DEV-00005-A,DE,1075,0,normal
TX-0000740,ACC-00025,2025-02-12T10:15:00+00:00,USDT,550.33433519,550.33,trade,WALLET-ACC-00025,EXTERNAL-OUT,DEV-00025-A,DE,1337,0,normal
TX-0001490,ACC-00050,2025-02-12T10:23:00+00:00,USDT,1110.25374558,1110.25,trade,WALLET-ACC-00050,EXTERNAL-OUT,DEV-00050-A,DE,284,0,normal
TX-0001642,ACC-00055,2025-02-12T10:33:00+00:00,ETH,0.11192149,335.76,transfer_out,WALLET-ACC-00055,CP-ACC-00055-04,DEV-00055-A,DE,1372,0,normal
TX-0000920,ACC-00031,2025-02-12T10:42:00+00:00,BTC,0.03188371,1913.02,deposit,CP-ACC-00031-01,WALLET-ACC-00031,DEV-00031-A,TW,332,0,normal
TX-0001037,ACC-00035,2025-02-12T11:10:00+00:00,ETH,0.15249544,457.49,trade,WALLET-ACC-00035,EXTERNAL-OUT,DEV-00035-A,DE,674,0,normal
TX-0001312,ACC-00044,2025-02-12T11:33:00+00:00,USDT,230.12113399,230.12,withdrawal,WALLET-ACC-00044,CP-ACC-00044-03,DEV-00044-A,US,664,0,normal
TX-0001010,ACC-00034,2025-02-12T12:50:00+00:00,USDC,374.18505012,374.19,deposit,CP-ACC-00034-03,WALLET-ACC-00034,DEV-00034-A,US,1007,0,normal
TX-0000167,ACC-00006,2025-02-12T12:56:00+00:00,USDT,392.92297035,392.92,transfer_out,WALLET-ACC-00006,CP-ACC-00006-02,DEV-00006-A,TW,712,0,normal
TX-0001402,ACC-00047,2025-02-12T13:14:00+00:00,USDC,1035.09282603,1035.09,deposit,CP-ACC-00047-05,WALLET-ACC-00047,DEV-00047-A,JP,694,0,normal
TX-0001789,ACC-00060,2025-02-12T13:27:00+00:00,ETH,0.08884475,266.53,trade,WALLET-ACC-00060,EXTERNAL-OUT,DEV-00060-A,DE,498,0,normal
TX-0000378,ACC-00013,2025-02-12T13:56:00+00:00,USDC,515.1928278,515.19,trade,WALLET-ACC-00013,EXTERNAL-OUT,DEV-00013-A,SG,472,0,normal
TX-0000827,ACC-00028,2025-02-12T14:33:00+00:00,BTC,0.00564027,338.42,deposit,CP-ACC-00028-02,WALLET-ACC-00028,DEV-00028-A,SG,1285,0,normal
TX-0001158,ACC-00039,2025-02-12T14:55:00+00:00,BTC,0.00402842,241.71,trade,WALLET-ACC-00039,EXTERNAL-OUT,DEV-00039-A,US,332,0,normal
TX-0000741,ACC-00025,2025-02-12T15:25:00+00:00,BTC,0.01138052,682.83,transfer_out,WALLET-ACC-00025,CP-ACC-00025-06,DEV-00025-A,DE,1337,0,normal
TX-0001036,ACC-00035,2025-02-12T15:28:00+00:00,ETH,0.21681507,650.45,trade,WALLET-ACC-00035,EXTERNAL-OUT,DEV-00035-B,DE,674,0,normal
TX-0000290,ACC-00010,2025-02-12T15:43:00+00:00,USDT,592.88445579,592.88,withdrawal,WALLET-ACC-00010,CP-ACC-00010-04,DEV-00010-A,DE,1007,0,normal
TX-0000138,ACC-00005,2025-02-12T15:45:00+00:00,USDT,1200.03721997,1200.04,trade,WALLET-ACC-00005,EXTERNAL-OUT,DEV-00005-A,DE,1075,0,normal
TX-0000767,ACC-00026,2025-02-12T16:24:00+00:00,BTC,0.00506637,303.98,transfer_in,CP-ACC-00026-03,WALLET-ACC-00026,DEV-00026-A,TW,722,0,normal
TX-0001788,ACC-00060,2025-02-12T16:41:00+00:00,USDT,356.53088773,356.53,trade,WALLET-ACC-00060,EXTERNAL-OUT,DEV-00060-A,DE,498,0,normal
TX-0000800,ACC-00027,2025-02-12T16:54:00+00:00,ETH,0.146966,440.9,trade,WALLET-ACC-00027,EXTERNAL-OUT,DEV-00027-A,JP,1200,0,normal
TX-0001401,ACC-00047,2025-02-12T17:13:00+00:00,BTC,0.00764725,458.83,withdrawal,WALLET-ACC-00047,CP-ACC-00047-04,DEV-00047-A,JP,694,0,normal
TX-0000317,ACC-00011,2025-02-12T17:25:00+00:00,BTC,0.02263217,1357.93,transfer_in,CP-ACC-00011-01,WALLET-ACC-00011,DEV-00011-A,TW,1007,0,normal
TX-0000439,ACC-00015,2025-02-12T17:27:00+00:00,BTC,0.0065619,393.71,transfer_out,WALLET-ACC-00015,CP-ACC-00015-05,DEV-00015-A,DE,1220,0,normal
TX-0001159,ACC-00039,2025-02-12T17:39:00+00:00,USDT,103.88859355,103.89,trade,WALLET-ACC-00039,EXTERNAL-OUT,DEV-00039-A,US,332,0,normal
TX-0000075,ACC-00003,2025-02-12T19:08:00+00:00,USDT,685.72624057,685.73,deposit,CP-ACC-00003-03,WALLET-ACC-00003,DEV-00003-A,SG,1110,0,normal
TX-0000975,ACC-00033,2025-02-12T20:58:00+00:00,USDT,1137.22475286,1137.22,transfer_out,WALLET-ACC-00033,CP-ACC-00033-01,DEV-00033-A,SG,273,0,normal
TX-0001129,ACC-00038,2025-02-13T09:34:00+00:00,USDC,1191.96910099,1191.97,withdrawal,WALLET-ACC-00038,CP-ACC-00038-04,DEV-00038-A,SG,1556,0,normal
TX-0000380,ACC-00013,2025-02-13T10:23:00+00:00,USDC,324.63603365,324.64,transfer_in,CP-ACC-00013-03,WALLET-ACC-00013,DEV-00013-A,SG,472,0,normal
TX-0000227,ACC-00008,2025-02-13T11:08:00+00:00,ETH,0.12194345,365.83,transfer_in,CP-ACC-00008-03,WALLET-ACC-00008,DEV-00008-A,SG,1064,0,normal
TX-0001011,ACC-00034,2025-02-13T11:26:00+00:00,ETH,0.08345575,250.37,trade,WALLET-ACC-00034,EXTERNAL-OUT,DEV-00034-B,US,1007,0,normal
TX-0000921,ACC-00031,2025-02-13T11:30:00+00:00,USDC,945.76284823,945.76,withdrawal,WALLET-ACC-00031,CP-ACC-00031-05,DEV-00031-A,TW,332,0,normal
TX-0000742,ACC-00025,2025-02-13T12:22:00+00:00,USDC,918.47468868,918.47,trade,WALLET-ACC-00025,EXTERNAL-OUT,DEV-00025-A,DE,1337,0,normal
TX-0000076,ACC-00003,2025-02-13T12:28:00+00:00,BTC,0.00899629,539.78,trade,WALLET-ACC-00003,EXTERNAL-OUT,DEV-00003-A,SG,1110,0,normal
TX-0000976,ACC-00033,2025-02-13T12:42:00+00:00,ETH,0.13318425,399.55,deposit,CP-ACC-00033-06,WALLET-ACC-00033,DEV-00033-A,SG,273,0,normal
TX-0000379,ACC-00013,2025-02-13T12:49:00+00:00,USDT,463.72364004,463.72,trade,WALLET-ACC-00013,EXTERNAL-OUT,DEV-00013-A,SG,472,0,normal
TX-0001760,ACC-00059,2025-02-13T12:49:00+00:00,ETH,0.21543396,646.3,transfer_in,CP-ACC-00059-04,WALLET-ACC-00059,DEV-00059-A,US,1088,0,normal
TX-0000501,ACC-00017,2025-02-13T13:37:00+00:00,USDC,939.85363506,939.85,transfer_out,WALLET-ACC-00017,CP-ACC-00017-02,DEV-00017-A,JP,666,0,normal
TX-0000406,ACC-00014,2025-02-13T13:53:00+00:00,USDC,2250.54348721,2250.54,transfer_out,WALLET-ACC-00014,CP-ACC-00014-06,DEV-00014-B,US,1364,0,normal
TX-0000890,ACC-00030,2025-02-13T14:03:00+00:00,USDT,930.82031668,930.82,transfer_in,CP-ACC-00030-04,WALLET-ACC-00030,DEV-00030-A,DE,801,0,normal
TX-0001518,ACC-00051,2025-02-13T14:20:00+00:00,USDT,482.4736928,482.47,trade,WALLET-ACC-00051,EXTERNAL-OUT,DEV-00051-A,TW,1185,0,normal
TX-0001759,ACC-00059,2025-02-13T14:26:00+00:00,ETH,0.05631076,168.93,deposit,CP-ACC-00059-06,WALLET-ACC-00059,DEV-00059-A,US,1088,0,normal
TX-0001491,ACC-00050,2025-02-13T14:44:00+00:00,USDT,530.35430493,530.35,transfer_in,CP-ACC-00050-01,WALLET-ACC-00050,DEV-00050-A,DE,284,0,normal
TX-0000801,ACC-00027,2025-02-13T15:22:00+00:00,BTC,0.00808448,485.07,transfer_in,CP-ACC-00027-04,WALLET-ACC-00027,DEV-00027-B,JP,1200,0,normal
TX-0001280,ACC-00043,2025-02-13T16:07:00+00:00,ETH,0.15561975,466.86,deposit,CP-ACC-00043-01,WALLET-ACC-00043,DEV-00043-A,SG,1396,0,normal
TX-0000977,ACC-00033,2025-02-13T16:29:00+00:00,USDT,1462.77751725,1462.78,transfer_in,CP-ACC-00033-06,WALLET-ACC-00033,DEV-00033-A,SG,273,0,normal
TX-0001219,ACC-00041,2025-02-13T16:58:00+00:00,ETH,0.0817231,245.17,withdrawal,WALLET-ACC-00041,CP-ACC-00041-01,DEV-00041-A,TW,556,0,normal
TX-0001492,ACC-00050,2025-02-13T17:15:00+00:00,BTC,0.02666295,1599.78,trade,WALLET-ACC-00050,EXTERNAL-OUT,DEV-00050-A,DE,284,0,normal
TX-0001727,ACC-00058,2025-02-13T17:23:00+00:00,BTC,0.00503228,301.94,transfer_out,WALLET-ACC-00058,CP-ACC-00058-05,DEV-00058-B,SG,1407,0,normal
TX-0000860,ACC-00029,2025-02-13T17:33:00+00:00,USDT,320.12157087,320.12,trade,WALLET-ACC-00029,EXTERNAL-OUT,DEV-00029-A,US,901,0,normal
TX-0000828,ACC-00028,2025-02-13T18:26:00+00:00,ETH,0.47402048,1422.06,withdrawal,WALLET-ACC-00028,CP-ACC-00028-02,DEV-00028-A,SG,1285,0,normal
TX-0000110,ACC-00004,2025-02-13T18:30:00+00:00,BTC,0.01798851,1079.31,deposit,CP-ACC-00004-03,WALLET-ACC-00004,DEV-00004-A,US,1214,0,normal
TX-0001130,ACC-00038,2025-02-13T21:47:00+00:00,USDC,987.95674169,987.96,trade,WALLET-ACC-00038,EXTERNAL-OUT,DEV-00038-A,SG,1556,0,normal
TX-0001790,ACC-00060,2025-02-14T07:25:00+00:00,USDT,748.98283773,748.98,withdrawal,WALLET-ACC-00060,CP-ACC-00060-01,DEV-00060-A,DE,498,0,normal
TX-0001189,ACC-00040,2025-02-14T09:00:00+00:00,BTC,0.00681815,409.09,trade,WALLET-ACC-00040,EXTERNAL-OUT,DEV-00040-A,DE,701,0,normal
TX-0001370,ACC-00046,2025-02-14T09:02:00+00:00,ETH,0.16170498,485.11,trade,WALLET-ACC-00046,EXTERNAL-OUT,DEV-00046-A,TW,738,0,normal
TX-0000979,ACC-00033,2025-02-14T09:37:00+00:00,USDT,1131.3965714,1131.4,withdrawal,WALLET-ACC-00033,CP-ACC-00033-02,DEV-00033-A,SG,273,0,normal
TX-0001429,ACC-00048,2025-02-14T09:53:00+00:00,BTC,0.00451036,270.62,trade,WALLET-ACC-00048,EXTERNAL-OUT,DEV-00048-B,SG,1172,0,normal
TX-0000978,ACC-00033,2025-02-14T10:42:00+00:00,USDC,517.21805756,517.22,transfer_out,WALLET-ACC-00033,CP-ACC-00033-06,DEV-00033-B,SG,273,0,normal
TX-0000077,ACC-00003,2025-02-14T11:17:00+00:00,BTC,0.02452029,1471.22,transfer_in,CP-ACC-00003-06,WALLET-ACC-00003,DEV-00003-A,SG,1110,0,normal
TX-0000047,ACC-00002,2025-02-14T11:24:00+00:00,USDC,439.77404848,439.77,trade,WALLET-ACC-00002,EXTERNAL-OUT,DEV-00002-A,JP,980,0,normal
TX-0000228,ACC-00008,2025-02-14T12:26:00+00:00,USDT,404.81197177,404.81,trade,WALLET-ACC-00008,EXTERNAL-OUT,DEV-00008-A,SG,1064,0,normal
TX-0000530,ACC-00018,2025-02-14T14:13:00+00:00,USDC,497.30605026,497.31,transfer_out,WALLET-ACC-00018,CP-ACC-00018-03,DEV-00018-A,SG,1040,0,normal
TX-0001519,ACC-00051,2025-02-14T14:37:00+00:00,BTC,0.02581861,1549.12,trade,WALLET-ACC-00051,EXTERNAL-OUT,DEV-00051-B,TW,1185,0,normal
TX-0001608,ACC-00054,2025-02-14T14:46:00+00:00,BTC,0.01088543,653.13,trade,WALLET-ACC-00054,EXTERNAL-OUT,DEV-00054-A,US,234,0,normal
TX-0000078,ACC-00003,2025-02-14T14:50:00+00:00,USDT,778.10917597,778.11,trade,WALLET-ACC-00003,EXTERNAL-OUT,DEV-00003-B,SG,1110,0,normal
TX-0001791,ACC-00060,2025-02-14T15:24:00+00:00,USDT,271.56959661,271.57,withdrawal,WALLET-ACC-00060,CP-ACC-00060-04,DEV-00060-A,DE,498,0,normal
TX-0001792,ACC-00060,2025-02-14T15:35:00+00:00,BTC,0.00558241,334.94,deposit,CP-ACC-00060-02,WALLET-ACC-00060,DEV-00060-A,DE,498,0,normal
TX-0001728,ACC-00058,2025-02-14T15:43:00+00:00,BTC,0.00542873,325.72,withdrawal,WALLET-ACC-00058,CP-ACC-00058-06,DEV-00058-A,SG,1407,0,normal
TX-0000950,ACC-00032,2025-02-14T15:46:00+00:00,ETH,0.10103889,303.12,deposit,CP-ACC-00032-03,WALLET-ACC-00032,DEV-00032-A,JP,289,0,normal
TX-0001337,ACC-00045,2025-02-14T15:57:00+00:00,USDC,544.4667092,544.47,trade,WALLET-ACC-00045,EXTERNAL-OUT,DEV-00045-A,DE,348,0,normal
TX-0001698,ACC-00057,2025-02-14T16:21:00+00:00,BTC,0.01104502,662.7,transfer_out,WALLET-ACC-00057,CP-ACC-00057-02,DEV-00057-A,JP,1579,0,normal
TX-0001249,ACC-00042,2025-02-14T16:30:00+00:00,USDT,709.189385,709.19,transfer_in,CP-ACC-00042-03,WALLET-ACC-00042,DEV-00042-A,JP,870,0,normal
TX-0001220,ACC-00041,2025-02-14T16:33:00+00:00,USDC,405.72456962,405.72,withdrawal,WALLET-ACC-00041,CP-ACC-00041-06,DEV-00041-A,TW,556,0,normal
TX-0001699,ACC-00057,2025-02-14T16:42:00+00:00,BTC,0.0131332,787.99,transfer_in,CP-ACC-00057-01,WALLET-ACC-00057,DEV-00057-A,JP,1579,0,normal
TX-0000407,ACC-00014,2025-02-14T17:24:00+00:00,ETH,0.18468013,554.04,transfer_in,CP-ACC-00014-02,WALLET-ACC-00014,DEV-00014-A,US,1364,0,normal
TX-0001403,ACC-00047,2025-02-14T17:29:00+00:00,BTC,0.01069122,641.47,trade,WALLET-ACC-00047,EXTERNAL-OUT,DEV-00047-A,JP,694,0,normal
TX-0000014,ACC-00001,2025-02-14T17:54:00+00:00,USDT,216.46891455,216.47,withdrawal,WALLET-ACC-00001,CP-ACC-00001-03,DEV-00001-A,TW,252,0,normal
TX-0001038,ACC-00035,2025-02-14T19:32:00+00:00,BTC,0.00747382,448.43,deposit,CP-ACC-00035-03,WALLET-ACC-00035,DEV-00035-A,DE,674,0,normal
TX-0000168,ACC-00006,2025-02-14T21:27:00+00:00,USDT,680.3517338,680.35,transfer_out,WALLET-ACC-00006,CP-ACC-00006-01,DEV-00006-A,TW,712,0,normal
TX-0000768,ACC-00026,2025-02-14T21:53:00+00:00,BTC,0.00893272,535.96,transfer_out,WALLET-ACC-00026,CP-ACC-00026-02,DEV-00026-A,TW,722,0,normal
TX-0001070,ACC-00036,2025-02-15T06:06:00+00:00,USDC,508.82977651,508.83,transfer_out,WALLET-ACC-00036,CP-ACC-00036-06,DEV-00036-A,TW,1534,0,normal
TX-0001131,ACC-00038,2025-02-15T08:41:00+00:00,BTC,0.01640218,984.13,withdrawal,WALLET-ACC-00038,CP-ACC-00038-03,DEV-00038-A,SG,1556,0,normal
TX-0000169,ACC-00006,2025-02-15T10:15:00+00:00,ETH,0.12526341,375.79,transfer_out,WALLET-ACC-00006,CP-ACC-00006-05,DEV-00006-A,TW,712,0,normal
TX-0001281,ACC-00043,2025-02-15T10:31:00+00:00,BTC,0.00648808,389.28,transfer_out,WALLET-ACC-00043,CP-ACC-00043-01,DEV-00043-A,SG,1396,0,normal
TX-0000467,ACC-00016,2025-02-15T10:33:00+00:00,USDC,881.01821811,881.02,transfer_in,CP-ACC-00016-04,WALLET-ACC-00016,DEV-00016-A,TW,694,0,normal
TX-0000922,ACC-00031,2025-02-15T12:15:00+00:00,USDT,574.62943591,574.63,transfer_out,WALLET-ACC-00031,CP-ACC-00031-02,DEV-00031-A,TW,332,0,normal
TX-0000292,ACC-00010,2025-02-15T12:42:00+00:00,ETH,0.23866528,716.0,transfer_in,CP-ACC-00010-02,WALLET-ACC-00010,DEV-00010-A,DE,1007,0,normal
TX-0000440,ACC-00015,2025-02-15T12:56:00+00:00,BTC,0.0081821,490.93,deposit,CP-ACC-00015-04,WALLET-ACC-00015,DEV-00015-A,DE,1220,0,normal
TX-0000318,ACC-00011,2025-02-15T14:07:00+00:00,USDC,809.51924984,809.52,trade,WALLET-ACC-00011,EXTERNAL-OUT,DEV-00011-A,TW,1007,0,normal
TX-0000408,ACC-00014,2025-02-15T14:25:00+00:00,USDC,926.45057543,926.45,trade,WALLET-ACC-00014,EXTERNAL-OUT,DEV-00014-B,US,1364,0,normal
TX-0000015,ACC-00001,2025-02-15T14:51:00+00:00,USDT,384.67709118,384.68,transfer_in,CP-ACC-00001-01,WALLET-ACC-00001,DEV-00001-A,TW,252,0,normal
TX-0000381,ACC-00013,2025-02-15T15:10:00+00:00,ETH,0.54015645,1620.47,withdrawal,WALLET-ACC-00013,CP-ACC-00013-01,DEV-00013-A,SG,472,0,normal
TX-0001430,ACC-00048,2025-02-15T15:43:00+00:00,BTC,0.00246526,147.92,trade,WALLET-ACC-00048,EXTERNAL-OUT,DEV-00048-A,SG,1172,0,normal
TX-0001700,ACC-00057,2025-02-15T16:05:00+00:00,ETH,0.15559719,466.79,deposit,CP-ACC-00057-01,WALLET-ACC-00057,DEV-00057-B,JP,1579,0,normal
TX-0001668,ACC-00056,2025-02-15T17:56:00+00:00,USDT,294.81487378,294.81,transfer_in,CP-ACC-00056-04,WALLET-ACC-00056,DEV-00056-A,TW,890,0,normal
TX-0001133,ACC-00038,2025-02-16T08:53:00+00:00,USDT,1167.19109608,1167.19,withdrawal,WALLET-ACC-00038,CP-ACC-00038-03,DEV-00038-A,SG,1556,0,normal
TX-0000980,ACC-00033,2025-02-16T08:54:00+00:00,ETH,0.13380806,401.42,transfer_out,WALLET-ACC-00033,CP-ACC-00033-06,DEV-00033-B,SG,273,0,normal
TX-0000048,ACC-00002,2025-02-16T09:03:00+00:00,USDT,376.15804441,376.16,transfer_out,WALLET-ACC-00002,CP-ACC-00002-01,DEV-00002-A,JP,980,0,normal
TX-0001458,ACC-00049,2025-02-16T09:21:00+00:00,USDT,544.04225832,544.04,transfer_in,CP-ACC-00049-02,WALLET-ACC-00049,DEV-00049-A,US,385,0,normal
TX-0000258,ACC-00009,2025-02-16T12:01:00+00:00,BTC,0.01257982,754.79,trade,WALLET-ACC-00009,EXTERNAL-OUT,DEV-00009-A,US,1004,0,normal
TX-0000352,ACC-00012,2025-02-16T12:46:00+00:00,BTC,0.01731323,1038.79,withdrawal,WALLET-ACC-00012,CP-ACC-00012-06,DEV-00012-A,JP,546,0,normal
TX-0001012,ACC-00034,2025-02-16T12:59:00+00:00,USDT,179.4678445,179.47,deposit,CP-ACC-00034-02,WALLET-ACC-00034,DEV-00034-A,US,1007,0,normal
TX-0000202,ACC-00007,2025-02-16T13:02:00+00:00,USDT,669.1641504,669.16,withdrawal,WALLET-ACC-00007,CP-ACC-00007-02,DEV-00007-A,JP,1304,0,normal
TX-0001132,ACC-00038,2025-02-16T13:02:00+00:00,BTC,0.02234437,1340.66,trade,WALLET-ACC-00038,EXTERNAL-OUT,DEV-00038-A,SG,1556,0,normal
TX-0000802,ACC-00027,2025-02-16T13:11:00+00:00,BTC,0.01417086,850.25,transfer_out,WALLET-ACC-00027,CP-ACC-00027-04,DEV-00027-A,JP,1200,0,normal
TX-0000203,ACC-00007,2025-02-16T13:32:00+00:00,USDT,1083.9423537,1083.94,trade,WALLET-ACC-00007,EXTERNAL-OUT,DEV-00007-A,JP,1304,0,normal
TX-0000891,ACC-00030,2025-02-16T13:44:00+00:00,ETH,0.27019875,810.6,transfer_out,WALLET-ACC-00030,CP-ACC-00030-06,DEV-00030-A,DE,801,0,normal
TX-0000503,ACC-00017,2025-02-16T13:45:00+00:00,ETH,0.10138811,304.16,transfer_in,CP-ACC-00017-01,WALLET-ACC-00017,DEV-00017-A,JP,666,0,normal
TX-0000861,ACC-00029,2025-02-16T13:58:00+00:00,BTC,0.02671522,1602.91,transfer_out,WALLET-ACC-00029,CP-ACC-00029-03,DEV-00029-A,US,901,0,normal
TX-0001578,ACC-00053,2025-02-16T14:09:00+00:00,BTC,0.00427945,256.77,trade,WALLET-ACC-00053,EXTERNAL-OUT,DEV-00053-A,SG,1239,0,normal
TX-0001190,ACC-00040,2025-02-16T14:17:00+00:00,BTC,0.00357973,214.78,trade,WALLET-ACC-00040,EXTERNAL-OUT,DEV-00040-A,DE,701,0,normal
TX-0001100,ACC-00037,2025-02-16T14:42:00+00:00,USDT,736.82525737,736.83,withdrawal,WALLET-ACC-00037,CP-ACC-00037-03,DEV-00037-A,JP,817,0,normal
TX-0000863,ACC-00029,2025-02-16T14:51:00+00:00,USDT,530.76210337,530.76,transfer_in,CP-ACC-00029-06,WALLET-ACC-00029,DEV-00029-A,US,901,0,normal
TX-0000769,ACC-00026,2025-02-16T15:08:00+00:00,BTC,0.01177711,706.63,deposit,CP-ACC-00026-01,WALLET-ACC-00026,DEV-00026-A,TW,722,0,normal
TX-0000770,ACC-00026,2025-02-16T15:19:00+00:00,USDT,455.59014703,455.59,deposit,CP-ACC-00026-05,WALLET-ACC-00026,DEV-00026-B,TW,722,0,normal
TX-0000229,ACC-00008,2025-02-16T15:39:00+00:00,USDT,893.13391389,893.13,withdrawal,WALLET-ACC-00008,CP-ACC-00008-03,DEV-00008-A,SG,1064,0,normal
TX-0000531,ACC-00018,2025-02-16T15:39:00+00:00,USDT,466.31285796,466.31,transfer_in,CP-ACC-00018-05,WALLET-ACC-00018,DEV-00018-B,SG,1040,0,normal
TX-0001250,ACC-00042,2025-02-16T16:09:00+00:00,BTC,0.01347917,808.75,trade,WALLET-ACC-00042,EXTERNAL-OUT,DEV-00042-A,JP,870,0,normal
TX-0000804,ACC-00027,2025-02-16T19:49:00+00:00,USDT,439.02403742,439.02,trade,WALLET-ACC-00027,EXTERNAL-OUT,DEV-00027-A,JP,1200,0,normal
TX-0000502,ACC-00017,2025-02-16T19:58:00+00:00,USDC,828.14583831,828.15,transfer_in,CP-ACC-00017-02,WALLET-ACC-00017,DEV-00017-A,JP,666,0,normal
TX-0000862,ACC-00029,2025-02-16T20:15:00+00:00,ETH,0.26383102,791.49,trade,WALLET-ACC-00029,EXTERNAL-OUT,DEV-00029-A,US,901,0,normal
TX-0000803,ACC-00027,2025-02-16T20:51:00+00:00,USDC,2595.62774578,2595.63,trade,WALLET-ACC-00027,EXTERNAL-OUT,DEV-00027-B,JP,1200,0,normal
TX-0001101,ACC-00037,2025-02-17T06:58:00+00:00,ETH,0.17636032,529.08,transfer_out,WALLET-ACC-00037,CP-ACC-00037-04,DEV-00037-A,JP,817,0,normal
TX-0000139,ACC-00005,2025-02-17T08:00:00+00:00,USDT,488.43614498,488.44,deposit,CP-ACC-00005-03,WALLET-ACC-00005,DEV-00005-A,DE,1075,0,normal
TX-0000468,ACC-00016,2025-02-17T08:04:00+00:00,ETH,0.16173525,485.21,deposit,CP-ACC-00016-06,WALLET-ACC-00016,DEV-00016-A,TW,694,0,normal
TX-0000016,ACC-00001,2025-02-17T09:38:00+00:00,USDT,540.56401316,540.56,deposit,CP-ACC-00001-04,WALLET-ACC-00001,DEV-00001-A,TW,252,0,normal
TX-0001793,ACC-00060,2025-02-17T09:56:00+00:00,USDT,890.72019131,890.72,trade,WALLET-ACC-00060,EXTERNAL-OUT,DEV-00060-A,DE,498,0,normal
TX-0000353,ACC-00012,2025-02-17T10:03:00+00:00,USDT,731.90463232,731.9,transfer_in,CP-ACC-00012-04,WALLET-ACC-00012,DEV-00012-B,JP,546,0,normal
TX-0000382,ACC-00013,2025-02-17T10:51:00+00:00,BTC,0.00847993,508.8,trade,WALLET-ACC-00013,EXTERNAL-OUT,DEV-00013-A,SG,472,0,normal
TX-0000951,ACC-00032,2025-02-17T12:28:00+00:00,USDC,430.72909216,430.73,trade,WALLET-ACC-00032,EXTERNAL-OUT,DEV-00032-A,JP,289,0,normal
TX-0000532,ACC-00018,2025-02-17T13:06:00+00:00,USDC,201.33464167,201.33,trade,WALLET-ACC-00018,EXTERNAL-OUT,DEV-00018-A,SG,1040,0,normal
TX-0001549,ACC-00052,2025-02-17T13:09:00+00:00,USDC,871.87271744,871.87,deposit,CP-ACC-00052-06,WALLET-ACC-00052,DEV-00052-A,JP,523,0,normal
TX-0001580,ACC-00053,2025-02-17T14:22:00+00:00,USDT,273.40245708,273.4,transfer_in,CP-ACC-00053-05,WALLET-ACC-00053,DEV-00053-B,SG,1239,0,normal
TX-0000111,ACC-00004,2025-02-17T14:42:00+00:00,USDT,409.34055398,409.34,trade,WALLET-ACC-00004,EXTERNAL-OUT,DEV-00004-A,US,1214,0,normal
TX-0000112,ACC-00004,2025-02-17T15:08:00+00:00,USDT,761.01772267,761.02,deposit,CP-ACC-00004-04,WALLET-ACC-00004,DEV-00004-A,US,1214,0,normal
TX-0001282,ACC-00043,2025-02-17T15:13:00+00:00,USDT,1170.9857063,1170.99,transfer_in,CP-ACC-00043-03,WALLET-ACC-00043,DEV-00043-A,SG,1396,0,normal
TX-0001314,ACC-00044,2025-02-17T16:07:00+00:00,USDT,284.15804087,284.16,deposit,CP-ACC-00044-05,WALLET-ACC-00044,DEV-00044-A,US,664,0,normal
TX-0000409,ACC-00014,2025-02-17T16:23:00+00:00,USDT,541.01271593,541.01,deposit,CP-ACC-00014-04,WALLET-ACC-00014,DEV-00014-A,US,1364,0,normal
TX-0000829,ACC-00028,2025-02-17T17:42:00+00:00,ETH,0.13391836,401.76,deposit,CP-ACC-00028-06,WALLET-ACC-00028,DEV-00028-A,SG,1285,0,normal
TX-0001371,ACC-00046,2025-02-17T17:44:00+00:00,USDC,639.44082435,639.44,transfer_in,CP-ACC-00046-06,WALLET-ACC-00046,DEV-00046-A,TW,738,0,normal
TX-0000230,ACC-00008,2025-02-17T18:24:00+00:00,USDT,402.52676755,402.53,withdrawal,WALLET-ACC-00008,CP-ACC-00008-03,DEV-00008-A,SG,1064,0,normal
TX-0001579,ACC-00053,2025-02-17T18:46:00+00:00,BTC,0.00759218,455.53,deposit,CP-ACC-00053-06,WALLET-ACC-00053,DEV-00053-A,SG,1239,0,normal
TX-0001313,ACC-00044,2025-02-17T19:46:00+00:00,ETH,0.06046124,181.38,trade,WALLET-ACC-00044,EXTERNAL-OUT,DEV-00044-A,US,664,0,normal
TX-0001405,ACC-00047,2025-02-18T08:00:00+00:00,USDT,3222.67125855,3222.67,deposit,CP-ACC-00047-05,WALLET-ACC-00047,DEV-00047-A,JP,694,0,normal
TX-0001550,ACC-00052,2025-02-18T08:20:00+00:00,ETH,0.28868214,866.05,trade,WALLET-ACC-00052,EXTERNAL-OUT,DEV-00052-A,JP,523,0,normal
TX-0001551,ACC-00052,2025-02-18T09:34:00+00:00,USDC,480.32605455,480.33,withdrawal,WALLET-ACC-00052,CP-ACC-00052-06,DEV-00052-A,JP,523,0,normal
TX-0001372,ACC-00046,2025-02-18T09:38:00+00:00,USDT,605.63835703,605.64,withdrawal,WALLET-ACC-00046,CP-ACC-00046-04,DEV-00046-A,TW,738,0,normal
TX-0000469,ACC-00016,2025-02-18T10:20:00+00:00,USDT,610.28515523,610.29,withdrawal,WALLET-ACC-00016,CP-ACC-00016-04,DEV-00016-A,TW,694,0,normal
TX-0001191,ACC-00040,2025-02-18T11:30:00+00:00,USDC,262.3009585,262.3,trade,WALLET-ACC-00040,EXTERNAL-OUT,DEV-00040-A,DE,701,0,normal
TX-0001160,ACC-00039,2025-02-18T12:06:00+00:00,ETH,0.0803866,241.16,trade,WALLET-ACC-00039,EXTERNAL-OUT,DEV-00039-B,US,332,0,normal
TX-0001459,ACC-00049,2025-02-18T12:28:00+00:00,USDT,1721.32460993,1721.32,trade,WALLET-ACC-00049,EXTERNAL-OUT,DEV-00049-A,US,385,0,normal
TX-0001460,ACC-00049,2025-02-18T12:49:00+00:00,BTC,0.00663228,397.94,trade,WALLET-ACC-00049,EXTERNAL-OUT,DEV-00049-A,US,385,0,normal
TX-0001338,ACC-00045,2025-02-18T13:04:00+00:00,USDC,344.78134076,344.78,deposit,CP-ACC-00045-03,WALLET-ACC-00045,DEV-00045-A,DE,348,0,normal
TX-0001283,ACC-00043,2025-02-18T13:18:00+00:00,USDT,699.12787159,699.13,trade,WALLET-ACC-00043,EXTERNAL-OUT,DEV-00043-A,SG,1396,0,normal
TX-0000771,ACC-00026,2025-02-18T13:38:00+00:00,USDT,235.52640704,235.53,withdrawal,WALLET-ACC-00026,CP-ACC-00026-01,DEV-00026-A,TW,722,0,normal
TX-0001251,ACC-00042,2025-02-18T14:02:00+00:00,USDC,879.78033302,879.78,trade,WALLET-ACC-00042,EXTERNAL-OUT,DEV-00042-A,JP,870,0,normal
TX-0001520,ACC-00051,2025-02-18T14:10:00+00:00,USDC,418.85694982,418.86,transfer_out,WALLET-ACC-00051,CP-ACC-00051-03,DEV-00051-A,TW,1185,0,normal
TX-0001669,ACC-00056,2025-02-18T14:12:00+00:00,ETH,0.06501054,195.03,deposit,CP-ACC-00056-02,WALLET-ACC-00056,DEV-00056-A,TW,890,0,normal
TX-0001221,ACC-00041,2025-02-18T15:04:00+00:00,USDT,358.96079533,358.96,trade,WALLET-ACC-00041,EXTERNAL-OUT,DEV-00041-A,TW,556,0,normal
TX-0000383,ACC-00013,2025-02-18T15:30:00+00:00,BTC,0.00527856,316.71,transfer_in,CP-ACC-00013-06,WALLET-ACC-00013,DEV-00013-A,SG,472,0,normal
TX-0001192,ACC-00040,2025-02-18T16:02:00+00:00,USDC,370.7212662,370.72,trade,WALLET-ACC-00040,EXTERNAL-OUT,DEV-00040-A,DE,701,0,normal
TX-0000079,ACC-00003,2025-02-18T16:21:00+00:00,USDT,1165.58139072,1165.58,trade,WALLET-ACC-00003,EXTERNAL-OUT,DEV-00003-A,SG,1110,0,normal
TX-0000410,ACC-00014,2025-02-18T17:19:00+00:00,BTC,0.02959678,1775.81,trade,WALLET-ACC-00014,EXTERNAL-OUT,DEV-00014-A,US,1364,0,normal
TX-0000864,ACC-00029,2025-02-18T19:03:00+00:00,BTC,0.00968328,581.0,transfer_out,WALLET-ACC-00029,CP-ACC-00029-02,DEV-00029-A,US,901,0,normal
TX-0000017,ACC-00001,2025-02-18T19:08:00+00:00,USDC,280.32635904,280.33,deposit,CP-ACC-00001-03,WALLET-ACC-00001,DEV-00001-A,TW,252,0,normal
TX-0000892,ACC-00030,2025-02-18T20:15:00+00:00,USDT,296.68953767,296.69,transfer_out,WALLET-ACC-00030,CP-ACC-00030-03,DEV-00030-A,DE,801,0,normal
TX-0001581,ACC-00053,2025-02-18T20:28:00+00:00,USDT,398.06039918,398.06,withdrawal,WALLET-ACC-00053,CP-ACC-00053-03,DEV-00053-A,SG,1239,0,normal
TX-0000411,ACC-00014,2025-02-18T20:33:00+00:00,BTC,0.01582172,949.3,trade,WALLET-ACC-00014,EXTERNAL-OUT,DEV-00014-A,US,1364,0,normal
TX-0000952,ACC-00032,2025-02-18T20:58:00+00:00,USDT,672.88052118,672.88,trade,WALLET-ACC-00032,EXTERNAL-OUT,DEV-00032-A,JP,289,0,normal
TX-0001404,ACC-00047,2025-02-18T21:20:00+00:00,USDC,555.23184627,555.23,deposit,CP-ACC-00047-04,WALLET-ACC-00047,DEV-00047-B,JP,694,0,normal
TX-0000441,ACC-00015,2025-02-18T21:45:00+00:00,ETH,0.22302652,669.08,trade,WALLET-ACC-00015,EXTERNAL-OUT,DEV-00015-A,DE,1220,0,normal
TX-0001135,ACC-00038,2025-02-19T09:00:00+00:00,USDT,527.74658971,527.75,withdrawal,WALLET-ACC-00038,CP-ACC-00038-04,DEV-00038-A,SG,1556,0,normal
TX-0000294,ACC-00010,2025-02-19T10:39:00+00:00,ETH,0.17916369,537.49,transfer_out,WALLET-ACC-00010,CP-ACC-00010-03,DEV-00010-A,DE,1007,0,normal
TX-0000081,ACC-00003,2025-02-19T11:29:00+00:00,USDC,553.50617768,553.51,transfer_in,CP-ACC-00003-03,WALLET-ACC-00003,DEV-00003-A,SG,1110,0,normal
TX-0001582,ACC-00053,2025-02-19T11:44:00+00:00,USDC,85.36938788,85.37,deposit,CP-ACC-00053-02,WALLET-ACC-00053,DEV-00053-A,SG,1239,0,normal
TX-0000259,ACC-00009,2025-02-19T12:19:00+00:00,ETH,0.22190947,665.73,trade,WALLET-ACC-00009,EXTERNAL-OUT,DEV-00009-A,US,1004,0,normal
TX-0000470,ACC-00016,2025-02-19T12:22:00+00:00,USDT,154.87555956,154.88,transfer_out,WALLET-ACC-00016,CP-ACC-00016-01,DEV-00016-A,TW,694,0,normal
TX-0001134,ACC-00038,2025-02-19T12:29:00+00:00,USDC,937.34162038,937.34,trade,WALLET-ACC-00038,EXTERNAL-OUT,DEV-00038-A,SG,1556,0,normal
TX-0000080,ACC-00003,2025-02-19T13:51:00+00:00,USDC,731.79153032,731.79,transfer_out,WALLET-ACC-00003,CP-ACC-00003-04,DEV-00003-A,SG,1110,0,normal
TX-0000231,ACC-00008,2025-02-19T14:12:00+00:00,ETH,0.2208252,662.48,withdrawal,WALLET-ACC-00008,CP-ACC-00008-06,DEV-00008-A,SG,1064,0,normal
TX-0000893,ACC-00030,2025-02-19T14:15:00+00:00,USDT,168.91529143,168.92,deposit,CP-ACC-00030-03,WALLET-ACC-00030,DEV-00030-A,DE,801,0,normal
TX-0001373,ACC-00046,2025-02-19T14:27:00+00:00,USDC,574.48766989,574.49,trade,WALLET-ACC-00046,EXTERNAL-OUT,DEV-00046-A,TW,738,0,normal
TX-0000981,ACC-00033,2025-02-19T14:33:00+00:00,USDT,1361.04091339,1361.04,transfer_out,WALLET-ACC-00033,CP-ACC-00033-05,DEV-00033-A,SG,273,0,normal
TX-0001339,ACC-00045,2025-02-19T14:41:00+00:00,USDT,620.8466758,620.85,withdrawal,WALLET-ACC-00045,CP-ACC-00045-03,DEV-00045-A,DE,348,0,normal
TX-0001670,ACC-00056,2025-02-19T15:11:00+00:00,USDT,550.94842872,550.95,withdrawal,WALLET-ACC-00056,CP-ACC-00056-02,DEV-00056-A,TW,890,0,normal
TX-0001039,ACC-00035,2025-02-19T16:25:00+00:00,USDC,763.29557613,763.3,transfer_in,CP-ACC-00035-04,WALLET-ACC-00035,DEV-00035-B,DE,674,0,normal
TX-0001461,ACC-00049,2025-02-19T16:47:00+00:00,ETH,0.35228339,1056.85,trade,WALLET-ACC-00049,EXTERNAL-OUT,DEV-00049-B,US,385,0,normal
TX-0001040,ACC-00035,2025-02-19T17:07:00+00:00,BTC,0.00704628,422.78,deposit,CP-ACC-00035-06,WALLET-ACC-00035,DEV-00035-A,DE,674,0,normal
TX-0001284,ACC-00043,2025-02-19T17:12:00+00:00,USDC,923.52744058,923.53,transfer_in,CP-ACC-00043-05,WALLET-ACC-00043,DEV-00043-A,SG,1396,0,normal
TX-0001729,ACC-00058,2025-02-19T17:20:00+00:00,USDT,452.61492234,452.61,transfer_out,WALLET-ACC-00058,CP-ACC-00058-06,DEV-00058-B,SG,1407,0,normal
TX-0000293,ACC-00010,2025-02-19T17:30:00+00:00,ETH,0.33261486,997.84,withdrawal,WALLET-ACC-00010,CP-ACC-00010-05,DEV-00010-A,DE,1007,0,normal
TX-0001521,ACC-00051,2025-02-19T18:33:00+00:00,USDC,1107.49408731,1107.49,trade,WALLET-ACC-00051,EXTERNAL-OUT,DEV-00051-B,TW,1185,0,normal
TX-0001161,ACC-00039,2025-02-20T06:57:00+00:00,BTC,0.00236592,141.96,trade,WALLET-ACC-00039,EXTERNAL-OUT,DEV-00039-A,US,332,0,normal
TX-0001522,ACC-00051,2025-02-20T08:14:00+00:00,USDT,1013.39660304,1013.4,transfer_out,WALLET-ACC-00051,CP-ACC-00051-03,DEV-00051-A,TW,1185,0,normal
TX-0001285,ACC-00043,2025-02-20T08:29:00+00:00,BTC,0.0108171,649.03,trade,WALLET-ACC-00043,EXTERNAL-OUT,DEV-00043-A,SG,1396,0,normal
TX-0000895,ACC-00030,2025-02-20T08:30:00+00:00,USDC,553.77085597,553.77,trade,WALLET-ACC-00030,EXTERNAL-OUT,DEV-00030-A,DE,801,0,normal
TX-0001701,ACC-00057,2025-02-20T08:33:00+00:00,BTC,0.01710978,1026.59,trade,WALLET-ACC-00057,EXTERNAL-OUT,DEV-00057-A,JP,1579,0,normal
TX-0001375,ACC-00046,2025-02-20T08:48:00+00:00,USDT,332.4824465,332.48,transfer_in,CP-ACC-00046-01,WALLET-ACC-00046,DEV-00046-A,TW,738,0,normal
TX-0001462,ACC-00049,2025-02-20T09:06:00+00:00,USDT,241.22831104,241.23,trade,WALLET-ACC-00049,EXTERNAL-OUT,DEV-00049-A,US,385,0,normal
TX-0001671,ACC-00056,2025-02-20T10:27:00+00:00,USDT,1742.25760822,1742.26,transfer_in,CP-ACC-00056-06,WALLET-ACC-00056,DEV-00056-A,TW,890,0,normal
TX-0001730,ACC-00058,2025-02-20T10:40:00+00:00,ETH,0.15920678,477.62,transfer_out,WALLET-ACC-00058,CP-ACC-00058-06,DEV-00058-A,SG,1407,0,normal
TX-0000772,ACC-00026,2025-02-20T11:05:00+00:00,BTC,0.01116588,669.95,trade,WALLET-ACC-00026,EXTERNAL-OUT,DEV-00026-B,TW,722,0,normal
TX-0001432,ACC-00048,2025-02-20T12:00:00+00:00,BTC,0.00543358,326.01,transfer_out,WALLET-ACC-00048,CP-ACC-00048-04,DEV-00048-A,SG,1172,0,normal
TX-0000982,ACC-00033,2025-02-20T12:14:00+00:00,USDC,896.2584507,896.26,deposit,CP-ACC-00033-05,WALLET-ACC-00033,DEV-00033-A,SG,273,0,normal
TX-0001433,ACC-00048,2025-02-20T12:27:00+00:00,USDT,364.8802389,364.88,deposit,CP-ACC-00048-05,WALLET-ACC-00048,DEV-00048-A,SG,1172,0,normal
TX-0000953,ACC-00032,2025-02-20T13:01:00+00:00,ETH,0.22989354,689.68,trade,WALLET-ACC-00032,EXTERNAL-OUT,DEV-00032-A,JP,289,0,normal
TX-0001252,ACC-00042,2025-02-20T13:08:00+00:00,USDT,1154.67906469,1154.68,deposit,CP-ACC-00042-03,WALLET-ACC-00042,DEV-00042-A,JP,870,0,normal
TX-0000140,ACC-00005,2025-02-20T13:09:00+00:00,ETH,0.20489434,614.68,trade,WALLET-ACC-00005,EXTERNAL-OUT,DEV-00005-A,DE,1075,0,normal
TX-0001702,ACC-00057,2025-02-20T13:54:00+00:00,USDC,420.62081446,420.62,trade,WALLET-ACC-00057,EXTERNAL-OUT,DEV-00057-A,JP,1579,0,normal
TX-0001162,ACC-00039,2025-02-20T14:04:00+00:00,BTC,0.00493634,296.18,transfer_in,CP-ACC-00039-04,WALLET-ACC-00039,DEV-00039-A,US,332,0,normal
TX-0000894,ACC-00030,2025-02-20T14:05:00+00:00,USDT,976.65228383,976.65,withdrawal,WALLET-ACC-00030,CP-ACC-00030-06,DEV-00030-A,DE,801,0,normal
TX-0001731,ACC-00058,2025-02-20T14:06:00+00:00,USDT,275.97451642,275.97,trade,WALLET-ACC-00058,EXTERNAL-OUT,DEV-00058-A,SG,1407,0,normal
TX-0000113,ACC-00004,2025-02-20T14:07:00+00:00,USDC,738.2603247,738.26,deposit,CP-ACC-00004-06,WALLET-ACC-00004,DEV-00004-A,US,1214,0,normal
TX-0001253,ACC-00042,2025-02-20T14:17:00+00:00,ETH,0.55148668,1654.46,trade,WALLET-ACC-00042,EXTERNAL-OUT,DEV-00042-A,JP,870,0,normal
TX-0001463,ACC-00049,2025-02-20T14:31:00+00:00,BTC,0.01528657,917.19,transfer_out,WALLET-ACC-00049,CP-ACC-00049-03,DEV-00049-A,US,385,0,normal
TX-0000049,ACC-00002,2025-02-20T15:43:00+00:00,USDT,395.01043275,395.01,transfer_in,CP-ACC-00002-05,WALLET-ACC-00002,DEV-00002-A,JP,980,0,normal
TX-0001374,ACC-00046,2025-02-20T16:59:00+00:00,USDC,1099.1852188,1099.19,deposit,CP-ACC-00046-06,WALLET-ACC-00046,DEV-00046-A,TW,738,0,normal
TX-0000923,ACC-00031,2025-02-20T19:51:00+00:00,BTC,0.00714492,428.7,deposit,CP-ACC-00031-03,WALLET-ACC-00031,DEV-00031-A,TW,332,0,normal
TX-0000204,ACC-00007,2025-02-20T19:56:00+00:00,USDT,562.8357614,562.84,withdrawal,WALLET-ACC-00007,CP-ACC-00007-06,DEV-00007-A,JP,1304,0,normal
TX-0001163,ACC-00039,2025-02-20T20:50:00+00:00,ETH,0.14666113,439.98,trade,WALLET-ACC-00039,EXTERNAL-OUT,DEV-00039-A,US,332,0,normal
TX-0001431,ACC-00048,2025-02-20T21:05:00+00:00,ETH,0.0691895,207.57,trade,WALLET-ACC-00048,EXTERNAL-OUT,DEV-00048-A,SG,1172,0,normal
TX-0001464,ACC-00049,2025-02-21T11:45:00+00:00,BTC,0.00886888,532.13,transfer_out,WALLET-ACC-00049,CP-ACC-00049-04,DEV-00049-A,US,385,0,normal
TX-0000141,ACC-00005,2025-02-21T12:27:00+00:00,USDC,279.75771813,279.76,transfer_in,CP-ACC-00005-04,WALLET-ACC-00005,DEV-00005-A,DE,1075,0,normal
TX-0000232,ACC-00008,2025-02-21T14:01:00+00:00,USDC,1028.26711218,1028.27,withdrawal,WALLET-ACC-00008,CP-ACC-00008-06,DEV-00008-A,SG,1064,0,normal
TX-0001071,ACC-00036,2025-02-21T14:08:00+00:00,USDT,738.94260915,738.94,trade,WALLET-ACC-00036,EXTERNAL-OUT,DEV-00036-A,TW,1534,0,normal
TX-0001013,ACC-00034,2025-02-21T14:41:00+00:00,USDC,733.32320234,733.32,trade,WALLET-ACC-00034,EXTERNAL-OUT,DEV-00034-A,US,1007,0,normal
TX-0000954,ACC-00032,2025-02-21T14:53:00+00:00,ETH,0.06567385,197.02,transfer_out,WALLET-ACC-00032,CP-ACC-00032-03,DEV-00032-A,JP,289,0,normal
TX-0001610,ACC-00054,2025-02-21T15:36:00+00:00,USDC,691.18089118,691.18,trade,WALLET-ACC-00054,EXTERNAL-OUT,DEV-00054-A,US,234,0,normal
TX-0001222,ACC-00041,2025-02-21T16:04:00+00:00,BTC,0.00529352,317.61,withdrawal,WALLET-ACC-00041,CP-ACC-00041-01,DEV-00041-A,TW,556,0,normal
TX-0000142,ACC-00005,2025-02-21T16:10:00+00:00,USDT,660.97342676,660.97,deposit,CP-ACC-00005-05,WALLET-ACC-00005,DEV-00005-A,DE,1075,0,normal
TX-0000412,ACC-00014,2025-02-21T16:24:00+00:00,USDT,3880.59553038,3880.6,trade,WALLET-ACC-00014,EXTERNAL-OUT,DEV-00014-A,US,1364,0,normal
TX-0000050,ACC-00002,2025-02-21T16:47:00+00:00,USDT,657.66809073,657.67,trade,WALLET-ACC-00002,EXTERNAL-OUT,DEV-00002-A,JP,980,0,normal
TX-0000082,ACC-00003,2025-02-21T17:10:00+00:00,USDC,1209.32025289,1209.32,deposit,CP-ACC-00003-03,WALLET-ACC-00003,DEV-00003-A,SG,1110,0,normal
TX-0000773,ACC-00026,2025-02-21T17:56:00+00:00,USDC,404.91800206,404.92,trade,WALLET-ACC-00026,EXTERNAL-OUT,DEV-00026-A,TW,722,0,normal
TX-0001406,ACC-00047,2025-02-21T18:05:00+00:00,BTC,0.00777301,466.38,trade,WALLET-ACC-00047,EXTERNAL-OUT,DEV-00047-A,JP,694,0,normal
TX-0001583,ACC-00053,2025-02-21T18:35:00+00:00,BTC,0.00452102,271.26,trade,WALLET-ACC-00053,EXTERNAL-OUT,DEV-00053-A,SG,1239,0,normal
TX-0001465,ACC-00049,2025-02-21T18:40:00+00:00,USDT,842.27794707,842.28,transfer_out,WALLET-ACC-00049,CP-ACC-00049-02,DEV-00049-A,US,385,0,normal
TX-0001609,ACC-00054,2025-02-21T21:48:00+00:00,BTC,0.02336035,1401.62,trade,WALLET-ACC-00054,EXTERNAL-OUT,DEV-00054-B,US,234,0,normal
TX-0000805,ACC-00027,2025-02-22T07:54:00+00:00,USDT,1058.82650134,1058.83,transfer_out,WALLET-ACC-00027,CP-ACC-00027-02,DEV-00027-A,JP,1200,0,normal
TX-0000083,ACC-00003,2025-02-22T08:18:00+00:00,USDT,820.78820213,820.79,withdrawal,WALLET-ACC-00003,CP-ACC-00003-05,DEV-00003-A,SG,1110,0,normal
TX-0000233,ACC-00008,2025-02-22T10:05:00+00:00,ETH,0.27149493,814.48,trade,WALLET-ACC-00008,EXTERNAL-OUT,DEV-00008-A,SG,1064,0,normal
TX-0001794,ACC-00060,2025-02-22T11:34:00+00:00,USDT,776.24106668,776.24,trade,WALLET-ACC-00060,EXTERNAL-OUT,DEV-00060-A,DE,498,0,normal
TX-0001223,ACC-00041,2025-02-22T11:46:00+00:00,BTC,0.00891603,534.96,trade,WALLET-ACC-00041,EXTERNAL-OUT,DEV-00041-A,TW,556,0,normal
TX-0000865,ACC-00029,2025-02-22T12:38:00+00:00,ETH,0.23326172,699.79,withdrawal,WALLET-ACC-00029,CP-ACC-00029-04,DEV-00029-A,US,901,0,normal
TX-0001193,ACC-00040,2025-02-22T13:01:00+00:00,ETH,0.1145441,343.63,transfer_out,WALLET-ACC-00040,CP-ACC-00040-03,DEV-00040-A,DE,701,0,normal
TX-0001584,ACC-00053,2025-02-22T13:04:00+00:00,USDT,242.46855065,242.47,trade,WALLET-ACC-00053,EXTERNAL-OUT,DEV-00053-A,SG,1239,0,normal
TX-0000205,ACC-00007,2025-02-22T13:22:00+00:00,ETH,0.25541651,766.25,withdrawal,WALLET-ACC-00007,CP-ACC-00007-02,DEV-00007-A,JP,1304,0,normal
TX-0000533,ACC-00018,2025-02-22T13:41:00+00:00,ETH,0.07026014,210.78,deposit,CP-ACC-00018-06,WALLET-ACC-00018,DEV-00018-A,SG,1040,0,normal
TX-0000831,ACC-00028,2025-02-22T13:41:00+00:00,USDT,160.80128948,160.8,trade,WALLET-ACC-00028,EXTERNAL-OUT,DEV-00028-B,SG,1285,0,normal
TX-0001434,ACC-00048,2025-02-22T13:57:00+00:00,BTC,0.00713826,428.3,trade,WALLET-ACC-00048,EXTERNAL-OUT,DEV-00048-A,SG,1172,0,normal
TX-0001732,ACC-00058,2025-02-22T14:09:00+00:00,BTC,0.00834489,500.69,trade,WALLET-ACC-00058,EXTERNAL-OUT,DEV-00058-A,SG,1407,0,normal
TX-0000261,ACC-00009,2025-02-22T14:15:00+00:00,USDC,649.16848332,649.17,trade,WALLET-ACC-00009,EXTERNAL-OUT,DEV-00009-A,US,1004,0,normal
TX-0000260,ACC-00009,2025-02-22T14:30:00+00:00,ETH,0.42839834,1285.2,trade,WALLET-ACC-00009,EXTERNAL-OUT,DEV-00009-A,US,1004,0,normal
TX-0000774,ACC-00026,2025-02-22T14:37:00+00:00,ETH,0.11877406,356.32,trade,WALLET-ACC-00026,EXTERNAL-OUT,DEV-00026-A,TW,722,0,normal
TX-0001703,ACC-00057,2025-02-22T14:37:00+00:00,USDT,340.10702293,340.11,transfer_out,WALLET-ACC-00057,CP-ACC-00057-04,DEV-00057-A,JP,1579,0,normal
TX-0000384,ACC-00013,2025-02-22T14:47:00+00:00,BTC,0.00706998,424.2,trade,WALLET-ACC-00013,EXTERNAL-OUT,DEV-00013-A,SG,472,0,normal
TX-0000743,ACC-00025,2025-02-22T14:57:00+00:00,ETH,0.09753972,292.62,trade,WALLET-ACC-00025,EXTERNAL-OUT,DEV-00025-A,DE,1337,0,normal
TX-0000170,ACC-00006,2025-02-22T15:09:00+00:00,BTC,0.02034906,1220.94,trade,WALLET-ACC-00006,EXTERNAL-OUT,DEV-00006-B,TW,712,0,normal
TX-0001704,ACC-00057,2025-02-22T15:17:00+00:00,ETH,0.91652623,2749.58,transfer_in,CP-ACC-00057-01,WALLET-ACC-00057,DEV-00057-B,JP,1579,0,normal
TX-0000830,ACC-00028,2025-02-22T15:57:00+00:00,USDT,1433.14830606,1433.15,transfer_out,WALLET-ACC-00028,CP-ACC-00028-01,DEV-00028-A,SG,1285,0,normal
TX-0001795,ACC-00060,2025-02-22T16:08:00+00:00,USDC,201.99014737,201.99,trade,WALLET-ACC-00060,EXTERNAL-OUT,DEV-00060-A,DE,498,0,normal
TX-0000018,ACC-00001,2025-02-22T16:20:00+00:00,USDT,445.81045099,445.81,trade,WALLET-ACC-00001,EXTERNAL-OUT,DEV-00001-A,TW,252,0,normal
TX-0000143,ACC-00005,2025-02-22T16:44:00+00:00,ETH,0.15919635,477.59,trade,WALLET-ACC-00005,EXTERNAL-OUT,DEV-00005-A,DE,1075,0,normal
TX-0000234,ACC-00008,2025-02-22T18:14:00+00:00,USDC,1708.93432343,1708.93,deposit,CP-ACC-00008-06,WALLET-ACC-00008,DEV-00008-A,SG,1064,0,normal
TX-0000983,ACC-00033,2025-02-22T18:47:00+00:00,ETH,0.12534221,376.03,trade,WALLET-ACC-00033,EXTERNAL-OUT,DEV-00033-A,SG,273,0,normal
TX-0000471,ACC-00016,2025-02-22T18:52:00+00:00,BTC,0.00887126,532.28,deposit,CP-ACC-00016-05,WALLET-ACC-00016,DEV-00016-B,TW,694,0,normal
TX-0000385,ACC-00013,2025-02-22T19:33:00+00:00,ETH,0.13706721,411.2,transfer_in,CP-ACC-00013-02,WALLET-ACC-00013,DEV-00013-A,SG,472,0,normal
TX-0001164,ACC-00039,2025-02-22T19:34:00+00:00,USDC,294.55163345,294.55,trade,WALLET-ACC-00039,EXTERNAL-OUT,DEV-00039-A,US,332,0,normal
TX-0000443,ACC-00015,2025-02-22T19:42:00+00:00,USDT,408.55002713,408.55,deposit,CP-ACC-00015-05,WALLET-ACC-00015,DEV-00015-A,DE,1220,0,normal
TX-0000413,ACC-00014,2025-02-22T20:43:00+00:00,ETH,0.39198869,1175.97,transfer_in,CP-ACC-00014-06,WALLET-ACC-00014,DEV-00014-B,US,1364,0,normal
TX-0000442,ACC-00015,2025-02-22T21:10:00+00:00,USDT,410.88165248,410.88,trade,WALLET-ACC-00015,EXTERNAL-OUT,DEV-00015-A,DE,1220,0,normal
TX-0000832,ACC-00028,2025-02-22T21:32:00+00:00,USDT,880.03394251,880.03,trade,WALLET-ACC-00028,EXTERNAL-OUT,DEV-00028-A,SG,1285,0,normal
TX-0000262,ACC-00009,2025-02-23T06:38:00+00:00,USDT,1172.32784642,1172.33,withdrawal,WALLET-ACC-00009,CP-ACC-00009-02,DEV-00009-A,US,1004,0,normal
TX-0000414,ACC-00014,2025-02-23T06:39:00+00:00,USDC,304.4819049,304.48,withdrawal,WALLET-ACC-00014,CP-ACC-00014-01,DEV-00014-A,US,1364,0,normal
TX-0001254,ACC-00042,2025-02-23T08:34:00+00:00,BTC,0.0117937,707.62,withdrawal,WALLET-ACC-00042,CP-ACC-00042-02,DEV-00042-A,JP,870,0,normal
TX-0000171,ACC-00006,2025-02-23T08:35:00+00:00,USDC,965.3632888,965.36,deposit,CP-ACC-00006-06,WALLET-ACC-00006,DEV-00006-A,TW,712,0,normal
TX-0001796,ACC-00060,2025-02-23T08:37:00+00:00,USDC,253.12057883,253.12,deposit,CP-ACC-00060-04,WALLET-ACC-00060,DEV-00060-A,DE,498,0,normal
TX-0000925,ACC-00031,2025-02-23T09:07:00+00:00,USDT,1248.38379339,1248.38,trade,WALLET-ACC-00031,EXTERNAL-OUT,DEV-00031-A,TW,332,0,normal
TX-0000020,ACC-00001,2025-02-23T10:16:00+00:00,BTC,0.00677233,406.34,transfer_in,CP-ACC-00001-01,WALLET-ACC-00001,DEV-00001-A,TW,252,0,normal
TX-0000235,ACC-00008,2025-02-23T10:32:00+00:00,USDC,789.9976436,790.0,trade,WALLET-ACC-00008,EXTERNAL-OUT,DEV-00008-A,SG,1064,0,normal
TX-0000321,ACC-00011,2025-02-23T10:42:00+00:00,USDT,514.10252541,514.1,trade,WALLET-ACC-00011,EXTERNAL-OUT,DEV-00011-A,TW,1007,0,normal
TX-0001407,ACC-00047,2025-02-23T10:50:00+00:00,BTC,0.01381407,828.84,withdrawal,WALLET-ACC-00047,CP-ACC-00047-03,DEV-00047-A,JP,694,0,normal
TX-0000473,ACC-00016,2025-02-23T11:51:00+00:00,USDT,406.22343649,406.22,transfer_out,WALLET-ACC-00016,CP-ACC-00016-02,DEV-00016-A,TW,694,0,normal
TX-0000444,ACC-00015,2025-02-23T12:07:00+00:00,BTC,0.00603448,362.07,deposit,CP-ACC-00015-03,WALLET-ACC-00015,DEV-00015-A,DE,1220,0,normal
TX-0001286,ACC-00043,2025-02-23T12:37:00+00:00,USDC,201.28382084,201.28,trade,WALLET-ACC-00043,EXTERNAL-OUT,DEV-00043-A,SG,1396,0,normal
TX-0001553,ACC-00052,2025-02-23T12:48:00+00:00,BTC,0.01643724,986.23,trade,WALLET-ACC-00052,EXTERNAL-OUT,DEV-00052-A,JP,523,0,normal
TX-0001342,ACC-00045,2025-02-23T13:18:00+00:00,BTC,0.00781314,468.79,transfer_out,WALLET-ACC-00045,CP-ACC-00045-06,DEV-00045-A,DE,348,0,normal
TX-0001733,ACC-00058,2025-02-23T13:32:00+00:00,USDT,234.7381466,234.74,trade,WALLET-ACC-00058,EXTERNAL-OUT,DEV-00058-A,SG,1407,0,normal
TX-0000833,ACC-00028,2025-02-23T14:08:00+00:00,USDC,1093.5866874,1093.59,deposit,CP-ACC-00028-04,WALLET-ACC-00028,DEV-00028-B,SG,1285,0,normal
TX-0001340,ACC-00045,2025-02-23T14:34:00+00:00,USDT,282.7015074,282.7,deposit,CP-ACC-00045-01,WALLET-ACC-00045,DEV-00045-A,DE,348,0,normal
TX-0000319,ACC-00011,2025-02-23T14:36:00+00:00,BTC,0.00966036,579.62,trade,WALLET-ACC-00011,EXTERNAL-OUT,DEV-00011-A,TW,1007,0,normal
TX-0001552,ACC-00052,2025-02-23T14:58:00+00:00,USDT,670.32437882,670.32,trade,WALLET-ACC-00052,EXTERNAL-OUT,DEV-00052-A,JP,523,0,normal
TX-0001466,ACC-00049,2025-02-23T15:03:00+00:00,USDC,553.44665393,553.45,trade,WALLET-ACC-00049,EXTERNAL-OUT,DEV-00049-A,US,385,0,normal
TX-0001072,ACC-00036,2025-02-23T15:22:00+00:00,ETH,0.17469286,524.08,trade,WALLET-ACC-00036,EXTERNAL-OUT,DEV-00036-A,TW,1534,0,normal
TX-0000924,ACC-00031,2025-02-23T15:51:00+00:00,USDT,878.66101782,878.66,withdrawal,WALLET-ACC-00031,CP-ACC-00031-01,DEV-00031-A,TW,332,0,normal
TX-0000744,ACC-00025,2025-02-23T16:34:00+00:00,USDC,359.42229565,359.42,trade,WALLET-ACC-00025,EXTERNAL-OUT,DEV-00025-A,DE,1337,0,normal
TX-0000472,ACC-00016,2025-02-23T17:12:00+00:00,USDT,401.22387786,401.22,transfer_out,WALLET-ACC-00016,CP-ACC-00016-03,DEV-00016-A,TW,694,0,normal
TX-0001523,ACC-00051,2025-02-23T17:17:00+00:00,USDT,598.05129933,598.05,transfer_in,CP-ACC-00051-01,WALLET-ACC-00051,DEV-00051-A,TW,1185,0,normal
TX-0001341,ACC-00045,2025-02-23T18:15:00+00:00,USDC,407.70076509,407.7,trade,WALLET-ACC-00045,EXTERNAL-OUT,DEV-00045-A,DE,348,0,normal
TX-0000322,ACC-00011,2025-02-23T18:17:00+00:00,ETH,0.19210203,576.31,transfer_out,WALLET-ACC-00011,CP-ACC-00011-05,DEV-00011-A,TW,1007,0,normal
TX-0000172,ACC-00006,2025-02-23T18:50:00+00:00,USDT,1161.1757742,1161.18,withdrawal,WALLET-ACC-00006,CP-ACC-00006-06,DEV-00006-A,TW,712,0,normal
TX-0000019,ACC-00001,2025-02-23T21:04:00+00:00,USDT,2008.64318784,2008.64,trade,WALLET-ACC-00001,EXTERNAL-OUT,DEV-00001-A,TW,252,0,normal
TX-0000320,ACC-00011,2025-02-23T21:12:00+00:00,ETH,0.32311314,969.34,transfer_in,CP-ACC-00011-05,WALLET-ACC-00011,DEV-00011-A,TW,1007,0,normal
TX-0000775,ACC-00026,2025-02-23T21:21:00+00:00,BTC,0.01631824,979.09,withdrawal,WALLET-ACC-00026,CP-ACC-00026-02,DEV-00026-A,TW,722,0,normal
TX-0001761,ACC-00059,2025-02-24T06:13:00+00:00,USDC,257.48131049,257.48,withdrawal,WALLET-ACC-00059,CP-ACC-00059-03,DEV-00059-A,US,1088,0,normal
TX-0000323,ACC-00011,2025-02-24T07:02:00+00:00,USDT,593.53527899,593.54,deposit,CP-ACC-00011-02,WALLET-ACC-00011,DEV-00011-A,TW,1007,0,normal
TX-0001467,ACC-00049,2025-02-24T07:30:00+00:00,USDT,869.94068539,869.94,withdrawal,WALLET-ACC-00049,CP-ACC-00049-06,DEV-00049-A,US,385,0,normal
TX-0000445,ACC-00015,2025-02-24T09:18:00+00:00,USDT,399.20846294,399.21,deposit,CP-ACC-00015-01,WALLET-ACC-00015,DEV-00015-A,DE,1220,0,normal
TX-0000295,ACC-00010,2025-02-24T09:44:00+00:00,ETH,0.16040829,481.22,deposit,CP-ACC-00010-01,WALLET-ACC-00010,DEV-00010-A,DE,1007,0,normal
TX-0001493,ACC-00050,2025-02-24T10:11:00+00:00,USDC,1742.8459704,1742.85,transfer_in,CP-ACC-00050-05,WALLET-ACC-00050,DEV-00050-A,DE,284,0,normal
TX-0000776,ACC-00026,2025-02-24T11:38:00+00:00,USDC,640.37348013,640.37,transfer_out,WALLET-ACC-00026,CP-ACC-00026-04,DEV-00026-A,TW,722,0,normal
TX-0001524,ACC-00051,2025-02-24T11:42:00+00:00,USDT,1153.19733621,1153.2,trade,WALLET-ACC-00051,EXTERNAL-OUT,DEV-00051-A,TW,1185,0,normal
TX-0000866,ACC-00029,2025-02-24T12:11:00+00:00,BTC,0.00672478,403.49,withdrawal,WALLET-ACC-00029,CP-ACC-00029-03,DEV-00029-B,US,901,0,normal
TX-0000085,ACC-00003,2025-02-24T12:57:00+00:00,USDT,506.87872474,506.88,deposit,CP-ACC-00003-04,WALLET-ACC-00003,DEV-00003-A,SG,1110,0,normal
TX-0001255,ACC-00042,2025-02-24T13:10:00+00:00,ETH,0.41642036,1249.26,trade,WALLET-ACC-00042,EXTERNAL-OUT,DEV-00042-A,JP,870,0,normal
TX-0001468,ACC-00049,2025-02-24T13:38:00+00:00,BTC,0.00993131,595.88,deposit,CP-ACC-00049-02,WALLET-ACC-00049,DEV-00049-A,US,385,0,normal
TX-0001376,ACC-00046,2025-02-24T13:44:00+00:00,USDT,658.94342401,658.94,deposit,CP-ACC-00046-02,WALLET-ACC-00046,DEV-00046-A,TW,738,0,normal
TX-0000021,ACC-00001,2025-02-24T13:53:00+00:00,USDT,301.7041668,301.7,deposit,CP-ACC-00001-02,WALLET-ACC-00001,DEV-00001-A,TW,252,0,normal
TX-0001734,ACC-00058,2025-02-24T13:59:00+00:00,ETH,0.30827026,924.81,trade,WALLET-ACC-00058,EXTERNAL-OUT,DEV-00058-A,SG,1407,0,normal
TX-0001315,ACC-00044,2025-02-24T15:27:00+00:00,USDT,408.89453207,408.89,deposit,CP-ACC-00044-04,WALLET-ACC-00044,DEV-00044-A,US,664,0,normal
TX-0001554,ACC-00052,2025-02-24T16:07:00+00:00,USDC,623.87825441,623.88,withdrawal,WALLET-ACC-00052,CP-ACC-00052-06,DEV-00052-A,JP,523,0,normal
TX-0001611,ACC-00054,2025-02-24T17:28:00+00:00,USDC,559.38713959,559.39,trade,WALLET-ACC-00054,EXTERNAL-OUT,DEV-00054-A,US,234,0,normal
TX-0000051,ACC-00002,2025-02-24T17:43:00+00:00,ETH,0.12071278,362.14,trade,WALLET-ACC-00002,EXTERNAL-OUT,DEV-00002-A,JP,980,0,normal
TX-0001256,ACC-00042,2025-02-24T18:52:00+00:00,USDT,434.59026963,434.59,transfer_in,CP-ACC-00042-03,WALLET-ACC-00042,DEV-00042-A,JP,870,0,normal
TX-0000144,ACC-00005,2025-02-24T19:21:00+00:00,USDT,523.91828813,523.92,transfer_out,WALLET-ACC-00005,CP-ACC-00005-05,DEV-00005-A,DE,1075,0,normal
TX-0001073,ACC-00036,2025-02-24T19:56:00+00:00,BTC,0.00590953,354.57,trade,WALLET-ACC-00036,EXTERNAL-OUT,DEV-00036-A,TW,1534,0,normal
TX-0000084,ACC-00003,2025-02-24T19:58:00+00:00,USDC,1543.66018108,1543.66,trade,WALLET-ACC-00003,EXTERNAL-OUT,DEV-00003-A,SG,1110,0,normal
TX-0000354,ACC-00012,2025-02-25T06:42:00+00:00,ETH,0.12442622,373.28,deposit,CP-ACC-00012-02,WALLET-ACC-00012,DEV-00012-A,JP,546,0,normal
TX-0001494,ACC-00050,2025-02-25T07:18:00+00:00,USDT,549.62266904,549.62,trade,WALLET-ACC-00050,EXTERNAL-OUT,DEV-00050-A,DE,284,0,normal
TX-0001643,ACC-00055,2025-02-25T08:08:00+00:00,ETH,0.04766489,142.99,transfer_in,CP-ACC-00055-02,WALLET-ACC-00055,DEV-00055-A,DE,1372,0,normal
TX-0000867,ACC-00029,2025-02-25T08:38:00+00:00,ETH,0.23825853,714.78,trade,WALLET-ACC-00029,EXTERNAL-OUT,DEV-00029-A,US,901,0,normal
TX-0001526,ACC-00051,2025-02-25T08:38:00+00:00,USDT,626.95970979,626.96,transfer_out,WALLET-ACC-00051,CP-ACC-00051-03,DEV-00051-A,TW,1185,0,normal
TX-0001525,ACC-00051,2025-02-25T09:21:00+00:00,USDT,1076.43356754,1076.43,withdrawal,WALLET-ACC-00051,CP-ACC-00051-02,DEV-00051-A,TW,1185,0,normal
TX-0001705,ACC-00057,2025-02-25T09:51:00+00:00,USDT,868.00355777,868.0,transfer_in,CP-ACC-00057-02,WALLET-ACC-00057,DEV-00057-A,JP,1579,0,normal
TX-0001074,ACC-00036,2025-02-25T11:20:00+00:00,BTC,0.00625709,375.43,trade,WALLET-ACC-00036,EXTERNAL-OUT,DEV-00036-A,TW,1534,0,normal
TX-0001257,ACC-00042,2025-02-25T11:47:00+00:00,ETH,0.25430319,762.91,transfer_out,WALLET-ACC-00042,CP-ACC-00042-03,DEV-00042-A,JP,870,0,normal
TX-0001041,ACC-00035,2025-02-25T12:15:00+00:00,USDC,373.31158734,373.31,trade,WALLET-ACC-00035,EXTERNAL-OUT,DEV-00035-A,DE,674,0,normal
TX-0000474,ACC-00016,2025-02-25T12:35:00+00:00,USDT,522.2372591,522.24,deposit,CP-ACC-00016-05,WALLET-ACC-00016,DEV-00016-A,TW,694,0,normal
TX-0000052,ACC-00002,2025-02-25T13:18:00+00:00,USDT,389.27027414,389.27,trade,WALLET-ACC-00002,EXTERNAL-OUT,DEV-00002-A,JP,980,0,normal
TX-0000926,ACC-00031,2025-02-25T13:36:00+00:00,USDT,1319.39717386,1319.4,transfer_out,WALLET-ACC-00031,CP-ACC-00031-03,DEV-00031-A,TW,332,0,normal
TX-0000504,ACC-00017,2025-02-25T13:49:00+00:00,USDT,881.10211394,881.1,deposit,CP-ACC-00017-04,WALLET-ACC-00017,DEV-00017-A,JP,666,0,normal
TX-0001435,ACC-00048,2025-02-25T15:35:00+00:00,ETH,0.03903327,117.1,transfer_out,WALLET-ACC-00048,CP-ACC-00048-04,DEV-00048-B,SG,1172,0,normal
TX-0000415,ACC-00014,2025-02-25T15:44:00+00:00,USDC,1372.22984008,1372.23,trade,WALLET-ACC-00014,EXTERNAL-OUT,DEV-00014-A,US,1364,0,normal
TX-0000324,ACC-00011,2025-02-25T16:45:00+00:00,ETH,0.0901879,270.56,transfer_in,CP-ACC-00011-04,WALLET-ACC-00011,DEV-00011-A,TW,1007,0,normal
TX-0000263,ACC-00009,2025-02-25T17:18:00+00:00,USDC,1712.56081608,1712.56,trade,WALLET-ACC-00009,EXTERNAL-OUT,DEV-00009-A,US,1004,0,normal
TX-0000446,ACC-00015,2025-02-25T17:41:00+00:00,USDT,423.12631233,423.13,deposit,CP-ACC-00015-04,WALLET-ACC-00015,DEV-00015-A,DE,1220,0,normal
TX-0000896,ACC-00030,2025-02-25T17:46:00+00:00,USDT,299.42399875,299.42,transfer_out,WALLET-ACC-00030,CP-ACC-00030-02,DEV-00030-A,DE,801,0,normal
TX-0000145,ACC-00005,2025-02-25T17:54:00+00:00,USDT,536.76075325,536.76,withdrawal,WALLET-ACC-00005,CP-ACC-00005-02,DEV-00005-A,DE,1075,0,normal
TX-0001287,ACC-00043,2025-02-25T18:51:00+00:00,ETH,0.15282507,458.48,transfer_out,WALLET-ACC-00043,CP-ACC-00043-01,DEV-00043-A,SG,1396,0,normal
TX-0000022,ACC-00001,2025-02-25T21:39:00+00:00,USDC,527.99801742,528.0,deposit,CP-ACC-00001-02,WALLET-ACC-00001,DEV-00001-A,TW,252,0,normal
TX-0001076,ACC-00036,2025-02-26T06:47:00+00:00,BTC,0.01364898,818.94,transfer_in,CP-ACC-00036-06,WALLET-ACC-00036,DEV-00036-A,TW,1534,0,normal
TX-0001377,ACC-00046,2025-02-26T10:03:00+00:00,USDT,697.25445566,697.25,trade,WALLET-ACC-00046,EXTERNAL-OUT,DEV-00046-B,TW,738,0,normal
TX-0001469,ACC-00049,2025-02-26T10:18:00+00:00,BTC,0.01637805,982.68,deposit,CP-ACC-00049-06,WALLET-ACC-00049,DEV-00049-A,US,385,0,normal
TX-0000534,ACC-00018,2025-02-26T10:41:00+00:00,USDT,339.76205902,339.76,deposit,CP-ACC-00018-02,WALLET-ACC-00018,DEV-00018-A,SG,1040,0,normal
TX-0001672,ACC-00056,2025-02-26T10:50:00+00:00,USDT,140.0166907,140.02,deposit,CP-ACC-00056-02,WALLET-ACC-00056,DEV-00056-A,TW,890,0,normal
TX-0000955,ACC-00032,2025-02-26T11:12:00+00:00,ETH,0.07449651,223.49,transfer_in,CP-ACC-00032-03,WALLET-ACC-00032,DEV-00032-A,JP,289,0,normal
TX-0000475,ACC-00016,2025-02-26T11:52:00+00:00,USDT,716.67146517,716.67,transfer_out,WALLET-ACC-00016,CP-ACC-00016-06,DEV-00016-B,TW,694,0,normal
TX-0001194,ACC-00040,2025-02-26T12:48:00+00:00,ETH,0.14184034,425.52,withdrawal,WALLET-ACC-00040,CP-ACC-00040-03,DEV-00040-A,DE,701,0,normal
TX-0001075,ACC-00036,2025-02-26T13:34:00+00:00,BTC,0.01047087,628.25,transfer_out,WALLET-ACC-00036,CP-ACC-00036-05,DEV-00036-B,TW,1534,0,normal
TX-0000296,ACC-00010,2025-02-26T14:17:00+00:00,USDT,683.76910435,683.77,transfer_out,WALLET-ACC-00010,CP-ACC-00010-05,DEV-00010-A,DE,1007,0,normal
TX-0000114,ACC-00004,2025-02-26T14:34:00+00:00,USDT,772.85624501,772.86,transfer_out,WALLET-ACC-00004,CP-ACC-00004-06,DEV-00004-A,US,1214,0,normal
TX-0000897,ACC-00030,2025-02-26T14:55:00+00:00,ETH,0.13870834,416.13,trade,WALLET-ACC-00030,EXTERNAL-OUT,DEV-00030-A,DE,801,0,normal
TX-0000834,ACC-00028,2025-02-26T15:33:00+00:00,USDT,896.27938027,896.28,transfer_out,WALLET-ACC-00028,CP-ACC-00028-02,DEV-00028-A,SG,1285,0,normal
TX-0000476,ACC-00016,2025-02-26T16:31:00+00:00,USDC,909.84362192,909.84,withdrawal,WALLET-ACC-00016,CP-ACC-00016-03,DEV-00016-A,TW,694,0,normal
TX-0000236,ACC-00008,2025-02-26T17:03:00+00:00,USDC,722.26554072,722.27,trade,WALLET-ACC-00008,EXTERNAL-OUT,DEV-00008-A,SG,1064,0,normal
TX-0000325,ACC-00011,2025-02-26T18:25:00+00:00,BTC,0.01842328,1105.4,trade,WALLET-ACC-00011,EXTERNAL-OUT,DEV-00011-A,TW,1007,0,normal
TX-0000054,ACC-00002,2025-02-26T19:00:00+00:00,USDC,485.08225365,485.08,deposit,CP-ACC-00002-05,WALLET-ACC-00002,DEV-00002-A,JP,980,0,normal
TX-0000053,ACC-00002,2025-02-26T19:10:00+00:00,USDT,218.23333432,218.23,trade,WALLET-ACC-00002,EXTERNAL-OUT,DEV-00002-A,JP,980,0,normal
TX-0000927,ACC-00031,2025-02-26T21:25:00+00:00,USDC,914.34799337,914.35,trade,WALLET-ACC-00031,EXTERNAL-OUT,DEV-00031-A,TW,332,0,normal
TX-0001343,ACC-00045,2025-02-27T08:05:00+00:00,USDC,657.21815798,657.22,deposit,CP-ACC-00045-03,WALLET-ACC-00045,DEV-00045-A,DE,348,0,normal
TX-0001470,ACC-00049,2025-02-27T08:10:00+00:00,USDT,460.02569035,460.03,withdrawal,WALLET-ACC-00049,CP-ACC-00049-03,DEV-00049-A,US,385,0,normal
TX-0001555,ACC-00052,2025-02-27T08:15:00+00:00,USDT,574.44721395,574.45,transfer_in,CP-ACC-00052-06,WALLET-ACC-00052,DEV-00052-A,JP,523,0,normal
TX-0000297,ACC-00010,2025-02-27T08:29:00+00:00,USDT,987.49061371,987.49,transfer_out,WALLET-ACC-00010,CP-ACC-00010-03,DEV-00010-A,DE,1007,0,normal
TX-0000173,ACC-00006,2025-02-27T10:01:00+00:00,USDT,487.43404792,487.43,withdrawal,WALLET-ACC-00006,CP-ACC-00006-02,DEV-00006-A,TW,712,0,normal
TX-0001042,ACC-00035,2025-02-27T10:23:00+00:00,ETH,0.26864039,805.92,withdrawal,WALLET-ACC-00035,CP-ACC-00035-02,DEV-00035-A,DE,674,0,normal
TX-0000536,ACC-00018,2025-02-27T10:30:00+00:00,USDT,470.23758533,470.24,deposit,CP-ACC-00018-02,WALLET-ACC-00018,DEV-00018-A,SG,1040,0,normal
TX-0001528,ACC-00051,2025-02-27T10:42:00+00:00,USDT,478.00650745,478.01,trade,WALLET-ACC-00051,EXTERNAL-OUT,DEV-00051-A,TW,1185,0,normal
TX-0000023,ACC-00001,2025-02-27T11:02:00+00:00,USDC,1377.77647691,1377.78,trade,WALLET-ACC-00001,EXTERNAL-OUT,DEV-00001-A,TW,252,0,normal
TX-0000535,ACC-00018,2025-02-27T12:29:00+00:00,BTC,0.00872381,523.43,withdrawal,WALLET-ACC-00018,CP-ACC-00018-05,DEV-00018-A,SG,1040,0,normal
TX-0001585,ACC-00053,2025-02-27T13:29:00+00:00,USDT,302.71890885,302.72,transfer_in,CP-ACC-00053-05,WALLET-ACC-00053,DEV-00053-A,SG,1239,0,normal
TX-0001673,ACC-00056,2025-02-27T13:37:00+00:00,BTC,0.00392986,235.79,trade,WALLET-ACC-00056,EXTERNAL-OUT,DEV-00056-B,TW,890,0,normal
TX-0001043,ACC-00035,2025-02-27T14:32:00+00:00,USDT,321.67678231,321.68,transfer_out,WALLET-ACC-00035,CP-ACC-00035-05,DEV-00035-A,DE,674,0,normal
TX-0001344,ACC-00045,2025-02-27T14:32:00+00:00,USDC,491.36162088,491.36,transfer_in,CP-ACC-00045-03,WALLET-ACC-00045,DEV-00045-A,DE,348,0,normal
TX-0000024,ACC-00001,2025-02-27T15:57:00+00:00,USDC,460.06812099,460.07,withdrawal,WALLET-ACC-00001,CP-ACC-00001-04,DEV-00001-A,TW,252,0,normal
TX-0001527,ACC-00051,2025-02-27T16:02:00+00:00,BTC,0.01883551,1130.13,withdrawal,WALLET-ACC-00051,CP-ACC-00051-01,DEV-00051-A,TW,1185,0,normal
TX-0001736,ACC-00058,2025-02-27T16:37:00+00:00,BTC,0.01980695,1188.42,transfer_in,CP-ACC-00058-06,WALLET-ACC-00058,DEV-00058-A,SG,1407,0,normal
TX-0000386,ACC-00013,2025-02-27T16:42:00+00:00,BTC,0.00365612,219.37,trade,WALLET-ACC-00013,EXTERNAL-OUT,DEV-00013-A,SG,472,0,normal
TX-0000868,ACC-00029,2025-02-27T16:43:00+00:00,ETH,0.13210938,396.33,withdrawal,WALLET-ACC-00029,CP-ACC-00029-02,DEV-00029-A,US,901,0,normal
TX-0000206,ACC-00007,2025-02-27T17:40:00+00:00,BTC,0.02197338,1318.4,trade,WALLET-ACC-00007,EXTERNAL-OUT,DEV-00007-A,JP,1304,0,normal
TX-0001378,ACC-00046,2025-02-27T18:33:00+00:00,USDT,470.64924239,470.65,transfer_out,WALLET-ACC-00046,CP-ACC-00046-05,DEV-00046-B,TW,738,0,normal
TX-0000505,ACC-00017,2025-02-27T19:24:00+00:00,ETH,0.24618848,738.57,trade,WALLET-ACC-00017,EXTERNAL-OUT,DEV-00017-A,JP,666,0,normal
TX-0001735,ACC-00058,2025-02-27T21:00:00+00:00,USDC,430.17468932,430.17,transfer_in,CP-ACC-00058-03,WALLET-ACC-00058,DEV-00058-A,SG,1407,0,normal
TX-0000447,ACC-00015,2025-02-27T21:40:00+00:00,BTC,0.01364739,818.84,trade,WALLET-ACC-00015,EXTERNAL-OUT,DEV-00015-A,DE,1220,0,normal
TX-0001224,ACC-00041,2025-02-27T21:46:00+00:00,USDT,249.9577135,249.96,deposit,CP-ACC-00041-01,WALLET-ACC-00041,DEV-00041-A,TW,556,0,normal
TX-0000055,ACC-00002,2025-02-28T06:28:00+00:00,USDT,259.96554753,259.97,deposit,CP-ACC-00002-04,WALLET-ACC-00002,DEV-00002-A,JP,980,0,normal
TX-0001674,ACC-00056,2025-02-28T08:27:00+00:00,USDC,141.36059789,141.36,transfer_out,WALLET-ACC-00056,CP-ACC-00056-04,DEV-00056-A,TW,890,0,normal
TX-0001258,ACC-00042,2025-02-28T08:28:00+00:00,ETH,0.49640767,1489.22,deposit,CP-ACC-00042-03,WALLET-ACC-00042,DEV-00042-A,JP,870,0,normal
TX-0000264,ACC-00009,2025-02-28T09:16:00+00:00,USDT,988.83659983,988.84,transfer_out,WALLET-ACC-00009,CP-ACC-00009-03,DEV-00009-A,US,1004,0,normal
TX-0000355,ACC-00012,2025-02-28T10:21:00+00:00,USDT,1322.72300397,1322.72,transfer_in,CP-ACC-00012-01,WALLET-ACC-00012,DEV-00012-A,JP,546,0,normal
TX-0000806,ACC-00027,2025-02-28T10:58:00+00:00,USDC,1286.17245512,1286.17,withdrawal,WALLET-ACC-00027,CP-ACC-00027-01,DEV-00027-A,JP,1200,0,normal
TX-0001103,ACC-00037,2025-02-28T10:58:00+00:00,USDT,790.76079213,790.76,trade,WALLET-ACC-00037,EXTERNAL-OUT,DEV-00037-A,JP,817,0,normal
TX-0000387,ACC-00013,2025-02-28T11:21:00+00:00,USDT,251.87362759,251.87,withdrawal,WALLET-ACC-00013,CP-ACC-00013-06,DEV-00013-B,SG,472,0,normal
TX-0000777,ACC-00026,2025-02-28T12:28:00+00:00,BTC,0.01117146,670.29,transfer_out,WALLET-ACC-00026,CP-ACC-00026-03,DEV-00026-A,TW,722,0,normal
TX-0001706,ACC-00057,2025-02-28T12:36:00+00:00,ETH,0.13154151,394.62,deposit,CP-ACC-00057-05,WALLET-ACC-00057,DEV-00057-B,JP,1579,0,normal
TX-0001675,ACC-00056,2025-02-28T12:45:00+00:00,BTC,0.0024725,148.35,trade,WALLET-ACC-00056,EXTERNAL-OUT,DEV-00056-A,TW,890,0,normal
TX-0000356,ACC-00012,2025-02-28T12:57:00+00:00,USDT,928.01402762,928.01,trade,WALLET-ACC-00012,EXTERNAL-OUT,DEV-00012-A,JP,546,0,normal
TX-0001136,ACC-00038,2025-02-28T13:09:00+00:00,USDC,1312.4516515,1312.45,trade,WALLET-ACC-00038,EXTERNAL-OUT,DEV-00038-A,SG,1556,0,normal
TX-0000448,ACC-00015,2025-02-28T13:21:00+00:00,ETH,0.2099528,629.86,trade,WALLET-ACC-00015,EXTERNAL-OUT,DEV-00015-A,DE,1220,0,normal
TX-0001612,ACC-00054,2025-02-28T13:35:00+00:00,BTC,0.00878363,527.02,withdrawal,WALLET-ACC-00054,CP-ACC-00054-02,DEV-00054-A,US,234,0,normal
TX-0000745,ACC-00025,2025-02-28T13:59:00+00:00,USDT,268.88874923,268.89,deposit,CP-ACC-00025-06,WALLET-ACC-00025,DEV-00025-A,DE,1337,0,normal
TX-0000086,ACC-00003,2025-02-28T14:33:00+00:00,ETH,0.61254296,1837.63,trade,WALLET-ACC-00003,EXTERNAL-OUT,DEV-00003-A,SG,1110,0,normal
TX-0000416,ACC-00014,2025-02-28T15:05:00+00:00,USDT,956.38842504,956.39,trade,WALLET-ACC-00014,EXTERNAL-OUT,DEV-00014-A,US,1364,0,normal
TX-0000537,ACC-00018,2025-02-28T16:15:00+00:00,USDT,588.19311458,588.19,deposit,CP-ACC-00018-05,WALLET-ACC-00018,DEV-00018-B,SG,1040,0,normal
TX-0001165,ACC-00039,2025-02-28T16:57:00+00:00,ETH,0.14658892,439.77,trade,WALLET-ACC-00039,EXTERNAL-OUT,DEV-00039-A,US,332,0,normal
TX-0001102,ACC-00037,2025-02-28T16:59:00+00:00,USDC,521.83806109,521.84,deposit,CP-ACC-00037-01,WALLET-ACC-00037,DEV-00037-A,JP,817,0,normal
TX-0001225,ACC-00041,2025-02-28T18:01:00+00:00,BTC,0.00804935,482.96,withdrawal,WALLET-ACC-00041,CP-ACC-00041-01,DEV-00041-B,TW,556,0,normal
TX-0000898,ACC-00030,2025-02-28T18:23:00+00:00,USDT,317.66135695,317.66,trade,WALLET-ACC-00030,EXTERNAL-OUT,DEV-00030-A,DE,801,0,normal
TX-0001104,ACC-00037,2025-03-01T06:15:00+00:00,USDC,150.42054206,150.42,withdrawal,WALLET-ACC-00037,CP-ACC-00037-05,DEV-00037-A,JP,817,0,normal
TX-0001345,ACC-00045,2025-03-01T06:51:00+00:00,USDC,321.41490243,321.41,deposit,CP-ACC-00045-02,WALLET-ACC-00045,DEV-00045-A,DE,348,0,normal
TX-0001556,ACC-00052,2025-03-01T07:17:00+00:00,USDT,187.63661105,187.64,withdrawal,WALLET-ACC-00052,CP-ACC-00052-02,DEV-00052-A,JP,523,0,normal
TX-0001259,ACC-00042,2025-03-01T11:15:00+00:00,ETH,0.55332592,1659.98,transfer_in,CP-ACC-00042-05,WALLET-ACC-00042,DEV-00042-A,JP,870,0,normal
TX-0000115,ACC-00004,2025-03-01T11:26:00+00:00,USDC,967.05714665,967.06,trade,WALLET-ACC-00004,EXTERNAL-OUT,DEV-00004-B,US,1214,0,normal
TX-0001614,ACC-00054,2025-03-01T11:37:00+00:00,BTC,0.01188098,712.86,withdrawal,WALLET-ACC-00054,CP-ACC-00054-05,DEV-00054-A,US,234,0,normal
TX-0000087,ACC-00003,2025-03-01T12:44:00+00:00,USDT,383.77300018,383.77,deposit,CP-ACC-00003-06,WALLET-ACC-00003,DEV-00003-A,SG,1110,0,normal
TX-0001613,ACC-00054,2025-03-01T13:25:00+00:00,USDC,611.24020085,611.24,trade,WALLET-ACC-00054,EXTERNAL-OUT,DEV-00054-A,US,234,0,normal
TX-0000174,ACC-00006,2025-03-01T13:39:00+00:00,BTC,0.0097685,586.11,transfer_in,CP-ACC-00006-06,WALLET-ACC-00006,DEV-00006-A,TW,712,0,normal
TX-0001014,ACC-00034,2025-03-01T14:15:00+00:00,ETH,0.09014588,270.44,transfer_in,CP-ACC-00034-05,WALLET-ACC-00034,DEV-00034-B,US,1007,0,normal
TX-0000357,ACC-00012,2025-03-01T14:30:00+00:00,USDT,612.90671867,612.91,trade,WALLET-ACC-00012,EXTERNAL-OUT,DEV-00012-A,JP,546,0,normal
TX-0000326,ACC-00011,2025-03-01T15:10:00+00:00,USDT,1239.43611892,1239.44,deposit,CP-ACC-00011-04,WALLET-ACC-00011,DEV-00011-A,TW,1007,0,normal
TX-0001707,ACC-00057,2025-03-01T15:27:00+00:00,USDT,246.35971135,246.36,deposit,CP-ACC-00057-01,WALLET-ACC-00057,DEV-00057-A,JP,1579,0,normal
TX-0000417,ACC-00014,2025-03-01T15:31:00+00:00,BTC,0.01083196,649.92,trade,WALLET-ACC-00014,EXTERNAL-OUT,DEV-00014-A,US,1364,0,normal
TX-0000506,ACC-00017,2025-03-01T15:46:00+00:00,USDC,707.35081746,707.35,withdrawal,WALLET-ACC-00017,CP-ACC-00017-02,DEV-00017-B,JP,666,0,normal
TX-0000175,ACC-00006,2025-03-01T15:55:00+00:00,USDC,640.57916643,640.58,trade,WALLET-ACC-00006,EXTERNAL-OUT,DEV-00006-B,TW,712,0,normal
TX-0000327,ACC-00011,2025-03-01T15:55:00+00:00,BTC,0.00837924,502.75,transfer_in,CP-ACC-00011-03,WALLET-ACC-00011,DEV-00011-A,TW,1007,0,normal
TX-0001737,ACC-00058,2025-03-01T15:59:00+00:00,ETH,0.24311134,729.33,deposit,CP-ACC-00058-02,WALLET-ACC-00058,DEV-00058-A,SG,1407,0,normal
TX-0000956,ACC-00032,2025-03-01T16:34:00+00:00,USDT,369.82601987,369.83,transfer_in,CP-ACC-00032-04,WALLET-ACC-00032,DEV-00032-A,JP,289,0,normal
TX-0000116,ACC-00004,2025-03-01T17:09:00+00:00,USDT,1238.02519468,1238.03,withdrawal,WALLET-ACC-00004,CP-ACC-00004-02,DEV-00004-A,US,1214,0,normal
TX-0001495,ACC-00050,2025-03-01T18:40:00+00:00,USDC,300.0856902,300.09,trade,WALLET-ACC-00050,EXTERNAL-OUT,DEV-00050-A,DE,284,0,normal
TX-0001044,ACC-00035,2025-03-01T18:45:00+00:00,USDT,344.04480467,344.04,transfer_out,WALLET-ACC-00035,CP-ACC-00035-03,DEV-00035-A,DE,674,0,normal
TX-0001379,ACC-00046,2025-03-01T21:14:00+00:00,ETH,0.19031344,570.94,trade,WALLET-ACC-00046,EXTERNAL-OUT,DEV-00046-A,TW,738,0,normal
TX-0000388,ACC-00013,2025-03-02T06:13:00+00:00,USDC,278.05746986,278.06,deposit,CP-ACC-00013-06,WALLET-ACC-00013,DEV-00013-A,SG,472,0,normal
TX-0000176,ACC-00006,2025-03-02T08:03:00+00:00,USDC,275.12724121,275.13,deposit,CP-ACC-00006-01,WALLET-ACC-00006,DEV-00006-A,TW,712,0,normal
TX-0000266,ACC-00009,2025-03-02T08:51:00+00:00,USDT,304.72313184,304.72,trade,WALLET-ACC-00009,EXTERNAL-OUT,DEV-00009-B,US,1004,0,normal
TX-0000025,ACC-00001,2025-03-02T09:02:00+00:00,USDT,268.58051075,268.58,trade,WALLET-ACC-00001,EXTERNAL-OUT,DEV-00001-A,TW,252,0,normal
TX-0000957,ACC-00032,2025-03-02T09:20:00+00:00,USDT,1194.4957886,1194.5,trade,WALLET-ACC-00032,EXTERNAL-OUT,DEV-00032-A,JP,289,0,normal
TX-0001762,ACC-00059,2025-03-02T12:02:00+00:00,USDT,340.30802666,340.31,trade,WALLET-ACC-00059,EXTERNAL-OUT,DEV-00059-B,US,1088,0,normal
TX-0000779,ACC-00026,2025-03-02T12:37:00+00:00,USDT,210.28626247,210.29,withdrawal,WALLET-ACC-00026,CP-ACC-00026-04,DEV-00026-A,TW,722,0,normal
TX-0001644,ACC-00055,2025-03-02T12:43:00+00:00,USDT,122.51891048,122.52,trade,WALLET-ACC-00055,EXTERNAL-OUT,DEV-00055-A,DE,1372,0,normal
TX-0001738,ACC-00058,2025-03-02T13:17:00+00:00,BTC,0.01171557,702.93,withdrawal,WALLET-ACC-00058,CP-ACC-00058-04,DEV-00058-A,SG,1407,0,normal
TX-0000358,ACC-00012,2025-03-02T13:19:00+00:00,USDT,663.66071851,663.66,transfer_out,WALLET-ACC-00012,CP-ACC-00012-01,DEV-00012-A,JP,546,0,normal
TX-0001045,ACC-00035,2025-03-02T14:12:00+00:00,BTC,0.02374577,1424.75,deposit,CP-ACC-00035-01,WALLET-ACC-00035,DEV-00035-A,DE,674,0,normal
TX-0000984,ACC-00033,2025-03-02T14:19:00+00:00,BTC,0.00538585,323.15,deposit,CP-ACC-00033-06,WALLET-ACC-00033,DEV-00033-B,SG,273,0,normal
TX-0001645,ACC-00055,2025-03-02T14:26:00+00:00,BTC,0.00272887,163.73,trade,WALLET-ACC-00055,EXTERNAL-OUT,DEV-00055-A,DE,1372,0,normal
TX-0001557,ACC-00052,2025-03-02T14:39:00+00:00,BTC,0.00463691,278.21,withdrawal,WALLET-ACC-00052,CP-ACC-00052-03,DEV-00052-A,JP,523,0,normal
TX-0001677,ACC-00056,2025-03-02T14:53:00+00:00,USDT,126.11165408,126.11,deposit,CP-ACC-00056-03,WALLET-ACC-00056,DEV-00056-A,TW,890,0,normal
TX-0000146,ACC-00005,2025-03-02T15:07:00+00:00,USDT,761.77114575,761.77,trade,WALLET-ACC-00005,EXTERNAL-OUT,DEV-00005-B,DE,1075,0,normal
TX-0001586,ACC-00053,2025-03-02T15:11:00+00:00,ETH,0.11418178,342.55,withdrawal,WALLET-ACC-00053,CP-ACC-00053-01,DEV-00053-A,SG,1239,0,normal
TX-0001676,ACC-00056,2025-03-02T15:20:00+00:00,BTC,0.00481508,288.9,deposit,CP-ACC-00056-04,WALLET-ACC-00056,DEV-00056-A,TW,890,0,normal
TX-0001196,ACC-00040,2025-03-02T15:22:00+00:00,BTC,0.00470535,282.32,trade,WALLET-ACC-00040,EXTERNAL-OUT,DEV-00040-A,DE,701,0,normal
TX-0000778,ACC-00026,2025-03-02T15:43:00+00:00,BTC,0.01202573,721.54,trade,WALLET-ACC-00026,EXTERNAL-OUT,DEV-00026-A,TW,722,0,normal
TX-0000117,ACC-00004,2025-03-02T15:45:00+00:00,USDT,1403.5921531,1403.59,transfer_out,WALLET-ACC-00004,CP-ACC-00004-05,DEV-00004-A,US,1214,0,normal
TX-0001316,ACC-00044,2025-03-02T15:58:00+00:00,USDC,176.1113656,176.11,trade,WALLET-ACC-00044,EXTERNAL-OUT,DEV-00044-A,US,664,0,normal
TX-0001587,ACC-00053,2025-03-02T16:16:00+00:00,ETH,0.09178907,275.37,transfer_out,WALLET-ACC-00053,CP-ACC-00053-03,DEV-00053-B,SG,1239,0,normal
TX-0000538,ACC-00018,2025-03-02T16:18:00+00:00,USDT,427.61749693,427.62,withdrawal,WALLET-ACC-00018,CP-ACC-00018-03,DEV-00018-A,SG,1040,0,normal
TX-0001408,ACC-00047,2025-03-02T16:35:00+00:00,USDC,460.105817,460.11,trade,WALLET-ACC-00047,EXTERNAL-OUT,DEV-00047-A,JP,694,0,normal
TX-0000507,ACC-00017,2025-03-02T18:02:00+00:00,ETH,0.21532223,645.97,transfer_in,CP-ACC-00017-01,WALLET-ACC-00017,DEV-00017-A,JP,666,0,normal
TX-0001195,ACC-00040,2025-03-02T18:03:00+00:00,BTC,0.00349568,209.74,deposit,CP-ACC-00040-02,WALLET-ACC-00040,DEV-00040-A,DE,701,0,normal
TX-0000265,ACC-00009,2025-03-02T19:24:00+00:00,BTC,0.00876561,525.94,withdrawal,WALLET-ACC-00009,CP-ACC-00009-04,DEV-00009-A,US,1004,0,normal
TX-0001166,ACC-00039,2025-03-02T21:09:00+00:00,ETH,0.04984075,149.52,withdrawal,WALLET-ACC-00039,CP-ACC-00039-06,DEV-00039-A,US,332,0,normal
TX-0001046,ACC-00035,2025-03-03T06:16:00+00:00,USDC,344.21530215,344.22,withdrawal,WALLET-ACC-00035,CP-ACC-00035-02,DEV-00035-A,DE,674,0,normal
TX-0000746,ACC-00025,2025-03-03T06:18:00+00:00,USDC,322.80812101,322.81,transfer_in,CP-ACC-00025-06,WALLET-ACC-00025,DEV-00025-A,DE,1337,0,normal
TX-0000835,ACC-00028,2025-03-03T07:14:00+00:00,USDT,644.06984248,644.07,deposit,CP-ACC-00028-02,WALLET-ACC-00028,DEV-00028-A,SG,1285,0,normal
TX-0001588,ACC-00053,2025-03-03T10:08:00+00:00,ETH,0.07056625,211.7,deposit,CP-ACC-00053-05,WALLET-ACC-00053,DEV-00053-A,SG,1239,0,normal
TX-0000807,ACC-00027,2025-03-03T11:05:00+00:00,BTC,0.01412866,847.72,deposit,CP-ACC-00027-06,WALLET-ACC-00027,DEV-00027-A,JP,1200,0,normal
TX-0000267,ACC-00009,2025-03-03T11:18:00+00:00,BTC,0.01509229,905.54,withdrawal,WALLET-ACC-00009,CP-ACC-00009-06,DEV-00009-B,US,1004,0,normal
TX-0001047,ACC-00035,2025-03-03T11:35:00+00:00,USDT,370.381519,370.38,trade,WALLET-ACC-00035,EXTERNAL-OUT,DEV-00035-A,DE,674,0,normal
TX-0000237,ACC-00008,2025-03-03T12:25:00+00:00,USDT,389.1626379,389.16,transfer_out,WALLET-ACC-00008,CP-ACC-00008-01,DEV-00008-A,SG,1064,0,normal
TX-0000539,ACC-00018,2025-03-03T12:25:00+00:00,USDT,306.58264213,306.58,deposit,CP-ACC-00018-04,WALLET-ACC-00018,DEV-00018-A,SG,1040,0,normal
TX-0001615,ACC-00054,2025-03-03T13:06:00+00:00,ETH,0.22012537,660.38,trade,WALLET-ACC-00054,EXTERNAL-OUT,DEV-00054-A,US,234,0,normal
TX-0000268,ACC-00009,2025-03-03T13:34:00+00:00,USDT,1337.4366518,1337.44,deposit,CP-ACC-00009-05,WALLET-ACC-00009,DEV-00009-A,US,1004,0,normal
TX-0001436,ACC-00048,2025-03-03T13:44:00+00:00,ETH,0.15916433,477.49,withdrawal,WALLET-ACC-00048,CP-ACC-00048-01,DEV-00048-A,SG,1172,0,normal
TX-0001763,ACC-00059,2025-03-03T14:12:00+00:00,USDT,259.88952721,259.89,transfer_out,WALLET-ACC-00059,CP-ACC-00059-01,DEV-00059-A,US,1088,0,normal
TX-0000088,ACC-00003,2025-03-03T14:59:00+00:00,USDT,361.7357001,361.74,transfer_in,CP-ACC-00003-02,WALLET-ACC-00003,DEV-00003-B,SG,1110,0,normal
TX-0001409,ACC-00047,2025-03-03T16:20:00+00:00,BTC,0.02270512,1362.31,transfer_in,CP-ACC-00047-06,WALLET-ACC-00047,DEV-00047-A,JP,694,0,normal
TX-0000508,ACC-00017,2025-03-03T16:30:00+00:00,BTC,0.00639825,383.89,deposit,CP-ACC-00017-04,WALLET-ACC-00017,DEV-00017-A,JP,666,0,normal
TX-0000958,ACC-00032,2025-03-03T16:30:00+00:00,BTC,0.00484375,290.63,transfer_out,WALLET-ACC-00032,CP-ACC-00032-05,DEV-00032-A,JP,289,0,normal
TX-0001646,ACC-00055,2025-03-03T18:17:00+00:00,USDT,199.34566153,199.35,transfer_in,CP-ACC-00055-01,WALLET-ACC-00055,DEV-00055-A,DE,1372,0,normal
TX-0001616,ACC-00054,2025-03-03T18:52:00+00:00,USDT,493.34315736,493.34,trade,WALLET-ACC-00054,EXTERNAL-OUT,DEV-00054-A,US,234,0,normal
TX-0000928,ACC-00031,2025-03-03T19:36:00+00:00,ETH,0.27484394,824.53,transfer_in,CP-ACC-00031-01,WALLET-ACC-00031,DEV-00031-B,TW,332,0,normal
TX-0001708,ACC-00057,2025-03-04T07:22:00+00:00,ETH,0.25847721,775.43,withdrawal,WALLET-ACC-00057,CP-ACC-00057-02,DEV-00057-A,JP,1579,0,normal
TX-0001739,ACC-00058,2025-03-04T08:52:00+00:00,USDT,1940.75187898,1940.75,transfer_out,WALLET-ACC-00058,CP-ACC-00058-04,DEV-00058-A,SG,1407,0,normal
TX-0000328,ACC-00011,2025-03-04T08:59:00+00:00,USDT,2098.30816175,2098.31,transfer_out,WALLET-ACC-00011,CP-ACC-00011-01,DEV-00011-A,TW,1007,0,normal
TX-0001197,ACC-00040,2025-03-04T09:20:00+00:00,USDC,247.18171186,247.18,transfer_in,CP-ACC-00040-02,WALLET-ACC-00040,DEV-00040-A,DE,701,0,normal
TX-0001558,ACC-00052,2025-03-04T09:22:00+00:00,ETH,0.13537876,406.14,trade,WALLET-ACC-00052,EXTERNAL-OUT,DEV-00052-A,JP,523,0,normal
TX-0001496,ACC-00050,2025-03-04T09:48:00+00:00,USDT,760.74103577,760.74,deposit,CP-ACC-00050-02,WALLET-ACC-00050,DEV-00050-A,DE,284,0,normal
TX-0001647,ACC-00055,2025-03-04T09:52:00+00:00,ETH,0.10314437,309.43,trade,WALLET-ACC-00055,EXTERNAL-OUT,DEV-00055-A,DE,1372,0,normal
TX-0001764,ACC-00059,2025-03-04T10:19:00+00:00,USDT,242.73328467,242.73,transfer_in,CP-ACC-00059-05,WALLET-ACC-00059,DEV-00059-A,US,1088,0,normal
TX-0001765,ACC-00059,2025-03-04T11:14:00+00:00,BTC,0.00458222,274.93,trade,WALLET-ACC-00059,EXTERNAL-OUT,DEV-00059-A,US,1088,0,normal
TX-0000119,ACC-00004,2025-03-04T11:46:00+00:00,BTC,0.01039755,623.85,trade,WALLET-ACC-00004,EXTERNAL-OUT,DEV-00004-A,US,1214,0,normal
TX-0001347,ACC-00045,2025-03-04T12:31:00+00:00,USDT,962.3636536,962.36,deposit,CP-ACC-00045-04,WALLET-ACC-00045,DEV-00045-B,DE,348,0,normal
TX-0000118,ACC-00004,2025-03-04T12:55:00+00:00,USDT,686.68190305,686.68,trade,WALLET-ACC-00004,EXTERNAL-OUT,DEV-00004-A,US,1214,0,normal
TX-0000359,ACC-00012,2025-03-04T13:02:00+00:00,ETH,0.16686503,500.6,withdrawal,WALLET-ACC-00012,CP-ACC-00012-06,DEV-00012-A,JP,546,0,normal
TX-0000238,ACC-00008,2025-03-04T13:49:00+00:00,USDT,624.55466233,624.55,withdrawal,WALLET-ACC-00008,CP-ACC-00008-05,DEV-00008-A,SG,1064,0,normal
TX-0000985,ACC-00033,2025-03-04T14:07:00+00:00,USDT,402.6715766,402.67,transfer_out,WALLET-ACC-00033,CP-ACC-00033-06,DEV-00033-A,SG,273,0,normal
TX-0000449,ACC-00015,2025-03-04T14:10:00+00:00,USDC,1104.87844786,1104.88,trade,WALLET-ACC-00015,EXTERNAL-OUT,DEV-00015-A,DE,1220,0,normal
TX-0000418,ACC-00014,2025-03-04T14:55:00+00:00,USDT,1317.21091626,1317.21,withdrawal,WALLET-ACC-00014,CP-ACC-00014-04,DEV-00014-A,US,1364,0,normal
TX-0001346,ACC-00045,2025-03-04T15:26:00+00:00,USDT,259.36482747,259.36,withdrawal,WALLET-ACC-00045,CP-ACC-00045-03,DEV-00045-A,DE,348,0,normal
TX-0000026,ACC-00001,2025-03-04T15:53:00+00:00,USDT,928.38042965,928.38,trade,WALLET-ACC-00001,EXTERNAL-OUT,DEV-00001-A,TW,252,0,normal
TX-0001709,ACC-00057,2025-03-04T18:11:00+00:00,ETH,0.15903927,477.12,trade,WALLET-ACC-00057,EXTERNAL-OUT,DEV-00057-A,JP,1579,0,normal
TX-0000147,ACC-00005,2025-03-04T19:19:00+00:00,ETH,0.14475438,434.26,trade,WALLET-ACC-00005,EXTERNAL-OUT,DEV-00005-A,DE,1075,0,normal
TX-0001015,ACC-00034,2025-03-04T19:52:00+00:00,BTC,0.00660899,396.54,transfer_out,WALLET-ACC-00034,CP-ACC-00034-04,DEV-00034-A,US,1007,0,normal
TX-0001016,ACC-00034,2025-03-04T20:34:00+00:00,USDT,296.93600612,296.94,trade,WALLET-ACC-00034,EXTERNAL-OUT,DEV-00034-A,US,1007,0,normal
TX-0001797,ACC-00060,2025-03-05T10:09:00+00:00,USDT,506.96347485,506.96,deposit,CP-ACC-00060-03,WALLET-ACC-00060,DEV-00060-A,DE,498,0,normal
TX-0000836,ACC-00028,2025-03-05T10:28:00+00:00,USDC,1597.55647944,1597.56,trade,WALLET-ACC-00028,EXTERNAL-OUT,DEV-00028-B,SG,1285,0,normal
TX-0001105,ACC-00037,2025-03-05T11:04:00+00:00,USDT,373.3083997,373.31,withdrawal,WALLET-ACC-00037,CP-ACC-00037-03,DEV-00037-A,JP,817,0,normal
TX-0001048,ACC-00035,2025-03-05T12:00:00+00:00,ETH,0.43909297,1317.28,withdrawal,WALLET-ACC-00035,CP-ACC-00035-03,DEV-00035-A,DE,674,0,normal
TX-0000148,ACC-00005,2025-03-05T12:07:00+00:00,USDT,469.81020603,469.81,withdrawal,WALLET-ACC-00005,CP-ACC-00005-05,DEV-00005-A,DE,1075,0,normal
TX-0000959,ACC-00032,2025-03-05T12:17:00+00:00,USDT,389.8834967,389.88,trade,WALLET-ACC-00032,EXTERNAL-OUT,DEV-00032-A,JP,289,0,normal
TX-0001380,ACC-00046,2025-03-05T12:43:00+00:00,ETH,0.24650299,739.51,transfer_out,WALLET-ACC-00046,CP-ACC-00046-02,DEV-00046-A,TW,738,0,normal
TX-0001678,ACC-00056,2025-03-05T12:59:00+00:00,USDC,136.34823061,136.35,transfer_out,WALLET-ACC-00056,CP-ACC-00056-02,DEV-00056-A,TW,890,0,normal
TX-0001137,ACC-00038,2025-03-05T13:26:00+00:00,USDT,859.93948064,859.94,trade,WALLET-ACC-00038,EXTERNAL-OUT,DEV-00038-A,SG,1556,0,normal
TX-0001317,ACC-00044,2025-03-05T15:00:00+00:00,BTC,0.00529921,317.95,deposit,CP-ACC-00044-04,WALLET-ACC-00044,DEV-00044-A,US,664,0,normal
TX-0001497,ACC-00050,2025-03-05T15:10:00+00:00,USDT,385.89342398,385.89,trade,WALLET-ACC-00050,EXTERNAL-OUT,DEV-00050-A,DE,284,0,normal
TX-0001288,ACC-00043,2025-03-05T16:05:00+00:00,BTC,0.01106904,664.14,transfer_out,WALLET-ACC-00043,CP-ACC-00043-01,DEV-00043-A,SG,1396,0,normal
TX-0001049,ACC-00035,2025-03-05T18:52:00+00:00,BTC,0.01691732,1015.04,deposit,CP-ACC-00035-05,WALLET-ACC-00035,DEV-00035-A,DE,674,0,normal
TX-0001078,ACC-00036,2025-03-05T18:58:00+00:00,BTC,0.01002359,601.42,transfer_out,WALLET-ACC-00036,CP-ACC-00036-05,DEV-00036-A,TW,1534,0,normal
TX-0001077,ACC-00036,2025-03-05T19:36:00+00:00,BTC,0.00694756,416.85,withdrawal,WALLET-ACC-00036,CP-ACC-00036-05,DEV-00036-A,TW,1534,0,normal
TX-0000177,ACC-00006,2025-03-05T19:41:00+00:00,USDT,1179.39648794,1179.4,deposit,CP-ACC-00006-04,WALLET-ACC-00006,DEV-00006-A,TW,712,0,normal
TX-0000299,ACC-00010,2025-03-06T06:20:00+00:00,ETH,0.29669335,890.08,withdrawal,WALLET-ACC-00010,CP-ACC-00010-02,DEV-00010-A,DE,1007,0,normal
TX-0000748,ACC-00025,2025-03-06T07:33:00+00:00,BTC,0.00662465,397.48,withdrawal,WALLET-ACC-00025,CP-ACC-00025-01,DEV-00025-A,DE,1337,0,normal
TX-0000057,ACC-00002,2025-03-06T08:23:00+00:00,USDC,332.39850341,332.4,withdrawal,WALLET-ACC-00002,CP-ACC-00002-06,DEV-00002-B,JP,980,0,normal
TX-0000056,ACC-00002,2025-03-06T08:58:00+00:00,USDC,221.19826375,221.2,withdrawal,WALLET-ACC-00002,CP-ACC-00002-03,DEV-00002-A,JP,980,0,normal
TX-0000208,ACC-00007,2025-03-06T09:59:00+00:00,BTC,0.0241838,1451.03,transfer_in,CP-ACC-00007-02,WALLET-ACC-00007,DEV-00007-A,JP,1304,0,normal
TX-0000207,ACC-00007,2025-03-06T10:11:00+00:00,USDT,386.44970599,386.45,transfer_out,WALLET-ACC-00007,CP-ACC-00007-02,DEV-00007-A,JP,1304,0,normal
TX-0001017,ACC-00034,2025-03-06T10:54:00+00:00,ETH,0.06465103,193.95,withdrawal,WALLET-ACC-00034,CP-ACC-00034-05,DEV-00034-A,US,1007,0,normal
TX-0000178,ACC-00006,2025-03-06T11:05:00+00:00,USDC,1063.05277411,1063.05,deposit,CP-ACC-00006-04,WALLET-ACC-00006,DEV-00006-A,TW,712,0,normal
TX-0001766,ACC-00059,2025-03-06T11:09:00+00:00,USDT,670.24010336,670.24,transfer_in,CP-ACC-00059-04,WALLET-ACC-00059,DEV-00059-A,US,1088,0,normal
TX-0001198,ACC-00040,2025-03-06T12:00:00+00:00,BTC,0.00753298,451.98,transfer_out,WALLET-ACC-00040,CP-ACC-00040-01,DEV-00040-B,DE,701,0,normal
TX-0000747,ACC-00025,2025-03-06T12:45:00+00:00,ETH,0.11524606,345.74,withdrawal,WALLET-ACC-00025,CP-ACC-00025-05,DEV-00025-B,DE,1337,0,normal
TX-0001767,ACC-00059,2025-03-06T12:57:00+00:00,USDT,549.36232652,549.36,trade,WALLET-ACC-00059,EXTERNAL-OUT,DEV-00059-A,US,1088,0,normal
TX-0000478,ACC-00016,2025-03-06T13:52:00+00:00,BTC,0.01628077,976.85,trade,WALLET-ACC-00016,EXTERNAL-OUT,DEV-00016-A,TW,694,0,normal
TX-0001079,ACC-00036,2025-03-06T14:12:00+00:00,USDT,623.14472328,623.14,deposit,CP-ACC-00036-05,WALLET-ACC-00036,DEV-00036-A,TW,1534,0,normal
TX-0001348,ACC-00045,2025-03-06T15:08:00+00:00,USDT,370.85859389,370.86,transfer_out,WALLET-ACC-00045,CP-ACC-00045-04,DEV-00045-A,DE,348,0,normal
TX-0000477,ACC-00016,2025-03-06T15:31:00+00:00,USDC,357.11121826,357.11,transfer_out,WALLET-ACC-00016,CP-ACC-00016-02,DEV-00016-A,TW,694,0,normal
TX-0001498,ACC-00050,2025-03-06T15:31:00+00:00,ETH,0.3845948,1153.78,trade,WALLET-ACC-00050,EXTERNAL-OUT,DEV-00050-B,DE,284,0,normal
TX-0000780,ACC-00026,2025-03-06T15:51:00+00:00,USDC,513.52222881,513.52,withdrawal,WALLET-ACC-00026,CP-ACC-00026-06,DEV-00026-A,TW,722,0,normal
TX-0001437,ACC-00048,2025-03-06T16:40:00+00:00,BTC,0.00373166,223.9,transfer_in,CP-ACC-00048-01,WALLET-ACC-00048,DEV-00048-A,SG,1172,0,normal
TX-0000298,ACC-00010,2025-03-06T17:20:00+00:00,BTC,0.01862643,1117.59,withdrawal,WALLET-ACC-00010,CP-ACC-00010-01,DEV-00010-B,DE,1007,0,normal
TX-0001318,ACC-00044,2025-03-06T17:42:00+00:00,USDC,176.74957556,176.75,transfer_in,CP-ACC-00044-04,WALLET-ACC-00044,DEV-00044-A,US,664,0,normal
TX-0000389,ACC-00013,2025-03-06T17:52:00+00:00,USDT,651.78665661,651.79,transfer_out,WALLET-ACC-00013,CP-ACC-00013-04,DEV-00013-A,SG,472,0,normal
TX-0000479,ACC-00016,2025-03-06T18:51:00+00:00,USDT,268.096681,268.1,trade,WALLET-ACC-00016,EXTERNAL-OUT,DEV-00016-B,TW,694,0,normal
TX-0000027,ACC-00001,2025-03-06T20:05:00+00:00,ETH,0.18053073,541.59,trade,WALLET-ACC-00001,EXTERNAL-OUT,DEV-00001-A,TW,252,0,normal
TX-0000509,ACC-00017,2025-03-06T20:11:00+00:00,USDT,654.69671473,654.7,withdrawal,WALLET-ACC-00017,CP-ACC-00017-06,DEV-00017-A,JP,666,0,normal
TX-0000300,ACC-00010,2025-03-07T06:20:00+00:00,ETH,0.35109869,1053.3,deposit,CP-ACC-00010-02,WALLET-ACC-00010,DEV-00010-A,DE,1007,0,normal
TX-0001226,ACC-00041,2025-03-07T06:47:00+00:00,BTC,0.00882219,529.33,withdrawal,WALLET-ACC-00041,CP-ACC-00041-03,DEV-00041-B,TW,556,0,normal
TX-0001617,ACC-00054,2025-03-07T08:48:00+00:00,BTC,0.01926864,1156.12,deposit,CP-ACC-00054-01,WALLET-ACC-00054,DEV-00054-A,US,234,0,normal
TX-0001798,ACC-00060,2025-03-07T10:05:00+00:00,ETH,0.45181195,1355.44,withdrawal,WALLET-ACC-00060,CP-ACC-00060-05,DEV-00060-A,DE,498,0,normal
TX-0000419,ACC-00014,2025-03-07T11:11:00+00:00,USDT,911.35757447,911.36,trade,WALLET-ACC-00014,EXTERNAL-OUT,DEV-00014-A,US,1364,0,normal
TX-0001167,ACC-00039,2025-03-07T11:44:00+00:00,USDT,141.07562289,141.08,transfer_in,CP-ACC-00039-01,WALLET-ACC-00039,DEV-00039-A,US,332,0,normal
TX-0001199,ACC-00040,2025-03-07T11:47:00+00:00,ETH,0.19202482,576.07,trade,WALLET-ACC-00040,EXTERNAL-OUT,DEV-00040-A,DE,701,0,normal
TX-0000209,ACC-00007,2025-03-07T13:13:00+00:00,USDT,973.83655576,973.84,trade,WALLET-ACC-00007,EXTERNAL-OUT,DEV-00007-A,JP,1304,0,normal
TX-0001227,ACC-00041,2025-03-07T13:16:00+00:00,USDT,743.87072444,743.87,withdrawal,WALLET-ACC-00041,CP-ACC-00041-04,DEV-00041-A,TW,556,0,normal
TX-0001289,ACC-00043,2025-03-07T13:29:00+00:00,USDT,392.48445456,392.48,deposit,CP-ACC-00043-05,WALLET-ACC-00043,DEV-00043-A,SG,1396,0,normal
TX-0000058,ACC-00002,2025-03-07T14:37:00+00:00,ETH,0.12050051,361.5,deposit,CP-ACC-00002-01,WALLET-ACC-00002,DEV-00002-A,JP,980,0,normal
TX-0000179,ACC-00006,2025-03-07T14:48:00+00:00,ETH,0.1845841,553.75,deposit,CP-ACC-00006-03,WALLET-ACC-00006,DEV-00006-A,TW,712,0,normal
TX-0000808,ACC-00027,2025-03-07T14:48:00+00:00,USDC,852.78228555,852.78,withdrawal,WALLET-ACC-00027,CP-ACC-00027-01,DEV-00027-A,JP,1200,0,normal
TX-0000986,ACC-00033,2025-03-07T15:44:00+00:00,USDT,950.1186524,950.12,trade,WALLET-ACC-00033,EXTERNAL-OUT,DEV-00033-A,SG,273,0,normal
TX-0000749,ACC-00025,2025-03-07T15:59:00+00:00,USDT,326.27168375,326.27,withdrawal,WALLET-ACC-00025,CP-ACC-00025-06,DEV-00025-A,DE,1337,0,normal
TX-0000149,ACC-00005,2025-03-07T16:12:00+00:00,USDT,200.77613609,200.78,trade,WALLET-ACC-00005,EXTERNAL-OUT,DEV-00005-A,DE,1075,0,normal
TX-0001438,ACC-00048,2025-03-07T16:25:00+00:00,USDT,312.56530448,312.57,trade,WALLET-ACC-00048,EXTERNAL-OUT,DEV-00048-A,SG,1172,0,normal
TX-0001106,ACC-00037,2025-03-07T17:12:00+00:00,USDT,471.53526794,471.54,trade,WALLET-ACC-00037,EXTERNAL-OUT,DEV-00037-A,JP,817,0,normal
TX-0000480,ACC-00016,2025-03-07T17:26:00+00:00,USDC,767.60075928,767.6,trade,WALLET-ACC-00016,EXTERNAL-OUT,DEV-00016-A,TW,694,0,normal
TX-0001768,ACC-00059,2025-03-07T17:33:00+00:00,USDT,412.29987447,412.3,transfer_in,CP-ACC-00059-02,WALLET-ACC-00059,DEV-00059-A,US,1088,0,normal
TX-0000329,ACC-00011,2025-03-07T18:22:00+00:00,USDT,969.18550166,969.19,transfer_in,CP-ACC-00011-05,WALLET-ACC-00011,DEV-00011-A,TW,1007,0,normal
TX-0001168,ACC-00039,2025-03-07T18:30:00+00:00,USDC,304.66946905,304.67,transfer_in,CP-ACC-00039-05,WALLET-ACC-00039,DEV-00039-A,US,332,0,normal
TX-0000837,ACC-00028,2025-03-07T18:38:00+00:00,ETH,0.33225856,996.78,withdrawal,WALLET-ACC-00028,CP-ACC-00028-02,DEV-00028-A,SG,1285,0,normal
TX-0000929,ACC-00031,2025-03-08T06:58:00+00:00,USDT,974.16253463,974.16,withdrawal,WALLET-ACC-00031,CP-ACC-00031-02,DEV-00031-A,TW,332,0,normal
TX-0001139,ACC-00038,2025-03-08T09:38:00+00:00,BTC,0.01069863,641.92,transfer_out,WALLET-ACC-00038,CP-ACC-00038-06,DEV-00038-A,SG,1556,0,normal
TX-0001138,ACC-00038,2025-03-08T10:22:00+00:00,BTC,0.01088673,653.2,transfer_in,CP-ACC-00038-03,WALLET-ACC-00038,DEV-00038-A,SG,1556,0,normal
TX-0000838,ACC-00028,2025-03-08T10:34:00+00:00,USDT,659.01545567,659.02,trade,WALLET-ACC-00028,EXTERNAL-OUT,DEV-00028-A,SG,1285,0,normal
TX-0000210,ACC-00007,2025-03-08T12:28:00+00:00,USDT,1082.22593641,1082.23,trade,WALLET-ACC-00007,EXTERNAL-OUT,DEV-00007-A,JP,1304,0,normal
TX-0000239,ACC-00008,2025-03-08T13:47:00+00:00,USDT,959.75281407,959.75,trade,WALLET-ACC-00008,EXTERNAL-OUT,DEV-00008-A,SG,1064,0,normal
TX-0001228,ACC-00041,2025-03-08T14:07:00+00:00,USDT,322.96883566,322.97,withdrawal,WALLET-ACC-00041,CP-ACC-00041-03,DEV-00041-A,TW,556,0,normal
TX-0000059,ACC-00002,2025-03-08T14:48:00+00:00,BTC,0.00446784,268.07,trade,WALLET-ACC-00002,EXTERNAL-OUT,DEV-00002-B,JP,980,0,normal
TX-0001589,ACC-00053,2025-03-08T17:19:00+00:00,ETH,0.05840505,175.22,deposit,CP-ACC-00053-04,WALLET-ACC-00053,DEV-00053-A,SG,1239,0,normal
TX-0001169,ACC-00039,2025-03-08T18:14:00+00:00,BTC,0.00524172,314.5,transfer_in,CP-ACC-00039-05,WALLET-ACC-00039,DEV-00039-A,US,332,0,normal
TX-0001080,ACC-00036,2025-03-08T18:54:00+00:00,USDT,347.4377599,347.44,deposit,CP-ACC-00036-04,WALLET-ACC-00036,DEV-00036-A,TW,1534,0,normal
TX-0000269,ACC-00009,2025-03-08T19:26:00+00:00,BTC,0.02208141,1324.88,trade,WALLET-ACC-00009,EXTERNAL-OUT,DEV-00009-A,US,1004,0,normal
TX-0001200,ACC-00040,2025-03-09T08:14:00+00:00,USDT,171.3971866,171.4,withdrawal,WALLET-ACC-00040,CP-ACC-00040-06,DEV-00040-A,DE,701,0,normal
TX-0001679,ACC-00056,2025-03-09T08:19:00+00:00,ETH,0.13836566,415.1,trade,WALLET-ACC-00056,EXTERNAL-OUT,DEV-00056-A,TW,890,0,normal
TX-0001229,ACC-00041,2025-03-09T08:47:00+00:00,ETH,0.15182246,455.47,deposit,CP-ACC-00041-01,WALLET-ACC-00041,DEV-00041-B,TW,556,0,normal
TX-0001410,ACC-00047,2025-03-09T09:26:00+00:00,USDT,720.95906026,720.96,transfer_in,CP-ACC-00047-02,WALLET-ACC-00047,DEV-00047-A,JP,694,0,normal
TX-0001290,ACC-00043,2025-03-09T10:13:00+00:00,ETH,0.14086298,422.59,trade,WALLET-ACC-00043,EXTERNAL-OUT,DEV-00043-A,SG,1396,0,normal
TX-0001619,ACC-00054,2025-03-09T10:42:00+00:00,USDC,685.78555501,685.79,trade,WALLET-ACC-00054,EXTERNAL-OUT,DEV-00054-A,US,234,0,normal
TX-0001107,ACC-00037,2025-03-09T11:15:00+00:00,USDC,991.08080452,991.08,withdrawal,WALLET-ACC-00037,CP-ACC-00037-05,DEV-00037-A,JP,817,0,normal
TX-0000540,ACC-00018,2025-03-09T12:07:00+00:00,USDT,264.01667126,264.02,transfer_out,WALLET-ACC-00018,CP-ACC-00018-02,DEV-00018-A,SG,1040,0,normal
TX-0000839,ACC-00028,2025-03-09T12:22:00+00:00,BTC,0.00867509,520.51,withdrawal,WALLET-ACC-00028,CP-ACC-00028-05,DEV-00028-A,SG,1285,0,normal
TX-0000809,ACC-00027,2025-03-09T13:16:00+00:00,BTC,0.00928697,557.22,trade,WALLET-ACC-00027,EXTERNAL-OUT,DEV-00027-A,JP,1200,0,normal
TX-0001140,ACC-00038,2025-03-09T13:32:00+00:00,USDT,716.58889516,716.59,deposit,CP-ACC-00038-05,WALLET-ACC-00038,DEV-00038-B,SG,1556,0,normal
TX-0000987,ACC-00033,2025-03-09T13:35:00+00:00,USDC,597.46031092,597.46,transfer_in,CP-ACC-00033-02,WALLET-ACC-00033,DEV-00033-B,SG,273,0,normal
TX-0001349,ACC-00045,2025-03-09T13:40:00+00:00,USDT,438.59090066,438.59,transfer_out,WALLET-ACC-00045,CP-ACC-00045-03,DEV-00045-A,DE,348,0,normal
TX-0000028,ACC-00001,2025-03-09T13:49:00+00:00,USDC,412.66282054,412.66,transfer_out,WALLET-ACC-00001,CP-ACC-00001-02,DEV-00001-A,TW,252,0,normal
TX-0000869,ACC-00029,2025-03-09T16:05:00+00:00,USDC,925.48251713,925.48,deposit,CP-ACC-00029-01,WALLET-ACC-00029,DEV-00029-A,US,901,0,normal
TX-0000029,ACC-00001,2025-03-09T16:18:00+00:00,BTC,0.00684012,410.41,transfer_out,WALLET-ACC-00001,CP-ACC-00001-02,DEV-00001-B,TW,252,0,normal
TX-0000060,ACC-00002,2025-03-09T17:49:00+00:00,USDC,173.80571973,173.81,withdrawal,WALLET-ACC-00002,CP-ACC-00002-04,DEV-00002-B,JP,980,0,normal
TX-0001019,ACC-00034,2025-03-09T17:51:00+00:00,ETH,0.28001293,840.04,withdrawal,WALLET-ACC-00034,CP-ACC-00034-02,DEV-00034-A,US,1007,0,normal
TX-0000930,ACC-00031,2025-03-09T18:48:00+00:00,ETH,0.25948114,778.44,deposit,CP-ACC-00031-06,WALLET-ACC-00031,DEV-00031-B,TW,332,0,normal
TX-0001018,ACC-00034,2025-03-09T21:09:00+00:00,BTC,0.00643406,386.04,trade,WALLET-ACC-00034,EXTERNAL-OUT,DEV-00034-B,US,1007,0,normal
TX-0000240,ACC-00008,2025-03-09T21:23:00+00:00,USDC,758.18721896,758.19,transfer_in,CP-ACC-00008-03,WALLET-ACC-00008,DEV-00008-B,SG,1064,0,normal
TX-0001618,ACC-00054,2025-03-09T21:41:00+00:00,USDT,484.99993379,485.0,transfer_out,WALLET-ACC-00054,CP-ACC-00054-05,DEV-00054-A,US,234,0,normal
TX-0000840,ACC-00028,2025-03-09T21:46:00+00:00,USDT,1086.91732299,1086.92,transfer_in,CP-ACC-00028-04,WALLET-ACC-00028,DEV-00028-B,SG,1285,0,normal
TX-0001740,ACC-00058,2025-03-10T06:37:00+00:00,BTC,0.01444845,866.91,transfer_in,CP-ACC-00058-06,WALLET-ACC-00058,DEV-00058-A,SG,1407,0,normal
TX-0001020,ACC-00034,2025-03-10T06:46:00+00:00,USDT,273.83888966,273.84,transfer_in,CP-ACC-00034-04,WALLET-ACC-00034,DEV-00034-A,US,1007,0,normal
TX-0001799,ACC-00060,2025-03-10T08:33:00+00:00,USDT,517.73709288,517.74,trade,WALLET-ACC-00060,EXTERNAL-OUT,DEV-00060-A,DE,498,0,normal
TX-0000090,ACC-00003,2025-03-10T09:02:00+00:00,USDT,949.39805469,949.4,trade,WALLET-ACC-00003,EXTERNAL-OUT,DEV-00003-A,SG,1110,0,normal
TX-0000450,ACC-00015,2025-03-10T11:17:00+00:00,USDT,572.78371523,572.78,transfer_out,WALLET-ACC-00015,CP-ACC-00015-05,DEV-00015-A,DE,1220,0,normal
TX-0001559,ACC-00052,2025-03-10T11:28:00+00:00,ETH,0.16131166,483.93,transfer_out,WALLET-ACC-00052,CP-ACC-00052-01,DEV-00052-A,JP,523,0,normal
TX-0001230,ACC-00041,2025-03-10T11:31:00+00:00,USDT,723.4569392,723.46,transfer_in,CP-ACC-00041-05,WALLET-ACC-00041,DEV-00041-A,TW,556,0,normal
TX-0000089,ACC-00003,2025-03-10T11:33:00+00:00,BTC,0.01832551,1099.53,trade,WALLET-ACC-00003,EXTERNAL-OUT,DEV-00003-A,SG,1110,0,normal
TX-0001108,ACC-00037,2025-03-10T11:36:00+00:00,USDT,643.58155512,643.58,transfer_in,CP-ACC-00037-02,WALLET-ACC-00037,DEV-00037-A,JP,817,0,normal
TX-0001439,ACC-00048,2025-03-10T12:30:00+00:00,USDT,596.69612625,596.7,transfer_out,WALLET-ACC-00048,CP-ACC-00048-03,DEV-00048-A,SG,1172,0,normal
TX-0000270,ACC-00009,2025-03-10T12:54:00+00:00,USDT,907.40313442,907.4,withdrawal,WALLET-ACC-00009,CP-ACC-00009-02,DEV-00009-A,US,1004,0,normal
TX-0001319,ACC-00044,2025-03-10T13:03:00+00:00,USDT,248.60000246,248.6,withdrawal,WALLET-ACC-00044,CP-ACC-00044-05,DEV-00044-A,US,664,0,normal
TX-0000510,ACC-00017,2025-03-10T13:36:00+00:00,ETH,0.33976439,1019.29,deposit,CP-ACC-00017-04,WALLET-ACC-00017,DEV-00017-A,JP,666,0,normal
TX-0000030,ACC-00001,2025-03-10T14:13:00+00:00,USDT,675.63391215,675.63,deposit,CP-ACC-00001-05,WALLET-ACC-00001,DEV-00001-A,TW,252,0,normal
TX-0000750,ACC-00025,2025-03-10T14:20:00+00:00,BTC,0.00552314,331.39,transfer_in,CP-ACC-00025-01,WALLET-ACC-00025,DEV-00025-A,DE,1337,0,normal
TX-0000988,ACC-00033,2025-03-10T15:00:00+00:00,BTC,0.00702965,421.78,trade,WALLET-ACC-00033,EXTERNAL-OUT,DEV-00033-A,SG,273,0,normal
TX-0000989,ACC-00033,2025-03-10T16:14:00+00:00,BTC,0.00876693,526.02,deposit,CP-ACC-00033-04,WALLET-ACC-00033,DEV-00033-A,SG,273,0,normal
TX-0001680,ACC-00056,2025-03-10T16:33:00+00:00,USDT,291.20564139,291.21,trade,WALLET-ACC-00056,EXTERNAL-OUT,DEV-00056-A,TW,890,0,normal
TX-0000810,ACC-00027,2025-03-10T16:36:00+00:00,USDT,942.37737237,942.38,transfer_in,CP-ACC-00027-06,WALLET-ACC-00027,DEV-00027-A,JP,1200,0,normal
TX-0000960,ACC-00032,2025-03-10T16:40:00+00:00,ETH,0.1632492,489.75,deposit,CP-ACC-00032-03,WALLET-ACC-00032,DEV-00032-A,JP,289,0,normal
TX-0000899,ACC-00030,2025-03-10T17:21:00+00:00,USDT,427.18264922,427.18,withdrawal,WALLET-ACC-00030,CP-ACC-00030-02,DEV-00030-A,DE,801,0,normal
TX-0000150,ACC-00005,2025-03-10T18:37:00+00:00,USDT,976.5956029,976.6,transfer_in,CP-ACC-00005-04,WALLET-ACC-00005,DEV-00005-B,DE,1075,0,normal
TX-0001529,ACC-00051,2025-03-10T19:48:00+00:00,BTC,0.0171448,1028.69,trade,WALLET-ACC-00051,EXTERNAL-OUT,DEV-00051-A,TW,1185,0,normal
TX-0000180,ACC-00006,2025-03-10T20:47:00+00:00,USDT,500.95186151,500.95,withdrawal,WALLET-ACC-00006,CP-ACC-00006-06,DEV-00006-A,TW,712,0,normal
TX-0001110,ACC-00037,2025-03-11T06:15:00+00:00,USDT,444.13407075,444.13,deposit,CP-ACC-00037-01,WALLET-ACC-00037,DEV-00037-A,JP,817,0,normal
TX-0000990,ACC-00033,2025-03-11T06:59:00+00:00,BTC,0.01661641,996.98,transfer_in,CP-ACC-00033-02,WALLET-ACC-00033,DEV-00033-A,SG,273,0,normal
TX-0000870,ACC-00029,2025-03-11T07:33:00+00:00,USDT,1069.40576784,1069.41,trade,WALLET-ACC-00029,EXTERNAL-OUT,DEV-00029-A,US,901,0,normal
TX-0001710,ACC-00057,2025-03-11T08:04:00+00:00,ETH,0.268542,805.63,deposit,CP-ACC-00057-02,WALLET-ACC-00057,DEV-00057-A,JP,1579,0,normal
TX-0000390,ACC-00013,2025-03-11T09:06:00+00:00,USDT,767.36858309,767.37,trade,WALLET-ACC-00013,EXTERNAL-OUT,DEV-00013-A,SG,472,0,normal
TX-0001649,ACC-00055,2025-03-11T10:18:00+00:00,USDC,267.63403023,267.63,transfer_out,WALLET-ACC-00055,CP-ACC-00055-06,DEV-00055-A,DE,1372,0,normal
TX-0001770,ACC-00059,2025-03-11T10:30:00+00:00,ETH,0.13635003,409.05,deposit,CP-ACC-00059-03,WALLET-ACC-00059,DEV-00059-A,US,1088,0,normal
TX-0001109,ACC-00037,2025-03-11T11:01:00+00:00,BTC,0.00872798,523.68,trade,WALLET-ACC-00037,EXTERNAL-OUT,DEV-00037-B,JP,817,0,normal
TX-0001560,ACC-00052,2025-03-11T12:03:00+00:00,USDT,683.15500628,683.16,transfer_in,CP-ACC-00052-03,WALLET-ACC-00052,DEV-00052-A,JP,523,0,normal
TX-0001650,ACC-00055,2025-03-11T12:23:00+00:00,BTC,0.00554163,332.5,transfer_out,WALLET-ACC-00055,CP-ACC-00055-01,DEV-00055-A,DE,1372,0,normal
TX-0000120,ACC-00004,2025-03-11T12:40:00+00:00,USDT,433.14517695,433.15,transfer_in,CP-ACC-00004-02,WALLET-ACC-00004,DEV-00004-A,US,1214,0,normal
TX-0001440,ACC-00048,2025-03-11T13:03:00+00:00,BTC,0.0051044,306.26,transfer_in,CP-ACC-00048-03,WALLET-ACC-00048,DEV-00048-A,SG,1172,0,normal
TX-0001590,ACC-00053,2025-03-11T13:07:00+00:00,USDT,455.56032459,455.56,deposit,CP-ACC-00053-05,WALLET-ACC-00053,DEV-00053-A,SG,1239,0,normal
TX-0001170,ACC-00039,2025-03-11T13:24:00+00:00,ETH,0.0585077,175.52,deposit,CP-ACC-00039-01,WALLET-ACC-00039,DEV-00039-A,US,332,0,normal
TX-0001500,ACC-00050,2025-03-11T14:26:00+00:00,USDT,1153.48356005,1153.48,trade,WALLET-ACC-00050,EXTERNAL-OUT,DEV-00050-A,DE,284,0,normal
TX-0001260,ACC-00042,2025-03-11T15:00:00+00:00,USDC,1339.12211726,1339.12,trade,WALLET-ACC-00042,EXTERNAL-OUT,DEV-00042-A,JP,870,0,normal
TX-0001350,ACC-00045,2025-03-11T15:14:00+00:00,BTC,0.00879411,527.65,transfer_out,WALLET-ACC-00045,CP-ACC-00045-03,DEV-00045-A,DE,348,0,normal
TX-0001530,ACC-00051,2025-03-11T15:30:00+00:00,USDT,1041.2300987,1041.23,transfer_out,WALLET-ACC-00051,CP-ACC-00051-02,DEV-00051-A,TW,1185,0,normal
TX-0001648,ACC-00055,2025-03-11T16:35:00+00:00,ETH,0.04252413,127.57,trade,WALLET-ACC-00055,EXTERNAL-OUT,DEV-00055-A,DE,1372,0,normal
TX-0001050,ACC-00035,2025-03-11T16:38:00+00:00,USDT,1441.77066854,1441.77,withdrawal,WALLET-ACC-00035,CP-ACC-00035-05,DEV-00035-A,DE,674,0,normal
TX-0000420,ACC-00014,2025-03-11T16:40:00+00:00,USDT,2211.38086342,2211.38,trade,WALLET-ACC-00014,EXTERNAL-OUT,DEV-00014-A,US,1364,0,normal
TX-0000330,ACC-00011,2025-03-11T17:22:00+00:00,BTC,0.0066234,397.4,deposit,CP-ACC-00011-06,WALLET-ACC-00011,DEV-00011-A,TW,1007,0,normal
TX-0001800,ACC-00060,2025-03-11T17:37:00+00:00,ETH,0.11440446,343.21,transfer_out,WALLET-ACC-00060,CP-ACC-00060-02,DEV-00060-A,DE,498,0,normal
TX-0001320,ACC-00044,2025-03-11T17:46:00+00:00,BTC,0.00519761,311.86,transfer_out,WALLET-ACC-00044,CP-ACC-00044-06,DEV-00044-A,US,664,0,normal
TX-0000900,ACC-00030,2025-03-11T19:21:00+00:00,USDC,433.14486954,433.14,deposit,CP-ACC-00030-04,WALLET-ACC-00030,DEV-00030-A,DE,801,0,normal
TX-0000360,ACC-00012,2025-03-11T21:06:00+00:00,USDT,244.74694956,244.75,withdrawal,WALLET-ACC-00012,CP-ACC-00012-04,DEV-00012-B,JP,546,0,normal
TX-0001769,ACC-00059,2025-03-11T21:11:00+00:00,ETH,0.09716591,291.5,transfer_out,WALLET-ACC-00059,CP-ACC-00059-04,DEV-00059-A,US,1088,0,normal
TX-0001499,ACC-00050,2025-03-11T21:37:00+00:00,USDC,599.92730727,599.93,withdrawal,WALLET-ACC-00050,CP-ACC-00050-04,DEV-00050-A,DE,284,0,normal
TX-0001620,ACC-00054,2025-03-11T21:53:00+00:00,BTC,0.0166075,996.45,deposit,CP-ACC-00054-01,WALLET-ACC-00054,DEV-00054-A,US,234,0,normal
TX-0001801,ACC-00001,2025-03-24T00:00:00+00:00,USDT,8927.86457919,8927.86,withdrawal,WALLET-ACC-00001,EXTERNAL-OUT,DEV-00001-A,TW,252,1,unusually_large_transaction
TX-0001830,ACC-00002,2025-03-24T01:10:00+00:00,USDT,5829.09244551,5829.09,withdrawal,WALLET-ACC-00002,EXTERNAL-OUT,DEV-00002-A,JP,980,1,unusually_large_transaction
TX-0001859,ACC-00003,2025-03-24T02:20:00+00:00,USDT,15264.22877503,15264.23,withdrawal,WALLET-ACC-00003,EXTERNAL-OUT,DEV-00003-A,SG,1110,1,unusually_large_transaction
TX-0001888,ACC-00004,2025-03-24T03:30:00+00:00,USDT,13619.2958337,13619.3,withdrawal,WALLET-ACC-00004,EXTERNAL-OUT,DEV-00004-A,US,1214,1,unusually_large_transaction
TX-0001917,ACC-00005,2025-03-24T04:40:00+00:00,USDT,9940.57254957,9940.57,withdrawal,WALLET-ACC-00005,EXTERNAL-OUT,DEV-00005-A,DE,1075,1,unusually_large_transaction
TX-0001946,ACC-00006,2025-03-24T05:50:00+00:00,USDT,14581.39466866,14581.39,withdrawal,WALLET-ACC-00006,EXTERNAL-OUT,DEV-00006-A,TW,712,1,unusually_large_transaction
TX-0001802,ACC-00007,2025-03-25T00:00:00+00:00,USDT,677.8191695,677.82,trade,WALLET-ACC-00007,EXTERNAL-OUT,DEV-00007-A,JP,1304,1,abnormal_transaction_velocity
TX-0001803,ACC-00007,2025-03-25T00:03:00+00:00,USDT,677.8191695,677.82,trade,WALLET-ACC-00007,EXTERNAL-OUT,DEV-00007-A,JP,1304,1,abnormal_transaction_velocity
TX-0001804,ACC-00007,2025-03-25T00:06:00+00:00,USDT,677.8191695,677.82,trade,WALLET-ACC-00007,EXTERNAL-OUT,DEV-00007-A,JP,1304,1,abnormal_transaction_velocity
TX-0001805,ACC-00007,2025-03-25T00:09:00+00:00,USDT,677.8191695,677.82,trade,WALLET-ACC-00007,EXTERNAL-OUT,DEV-00007-A,JP,1304,1,abnormal_transaction_velocity
TX-0001806,ACC-00007,2025-03-25T00:12:00+00:00,USDT,677.8191695,677.82,trade,WALLET-ACC-00007,EXTERNAL-OUT,DEV-00007-A,JP,1304,1,abnormal_transaction_velocity
TX-0001807,ACC-00007,2025-03-25T00:15:00+00:00,USDT,677.8191695,677.82,trade,WALLET-ACC-00007,EXTERNAL-OUT,DEV-00007-A,JP,1304,1,abnormal_transaction_velocity
TX-0001808,ACC-00007,2025-03-25T00:18:00+00:00,USDT,677.8191695,677.82,trade,WALLET-ACC-00007,EXTERNAL-OUT,DEV-00007-A,JP,1304,1,abnormal_transaction_velocity
TX-0001809,ACC-00007,2025-03-25T00:21:00+00:00,USDT,677.8191695,677.82,trade,WALLET-ACC-00007,EXTERNAL-OUT,DEV-00007-A,JP,1304,1,abnormal_transaction_velocity
TX-0001831,ACC-00008,2025-03-25T01:10:00+00:00,USDT,637.18790619,637.19,trade,WALLET-ACC-00008,EXTERNAL-OUT,DEV-00008-A,SG,1064,1,abnormal_transaction_velocity
TX-0001832,ACC-00008,2025-03-25T01:13:00+00:00,USDT,637.18790619,637.19,trade,WALLET-ACC-00008,EXTERNAL-OUT,DEV-00008-A,SG,1064,1,abnormal_transaction_velocity
TX-0001833,ACC-00008,2025-03-25T01:16:00+00:00,USDT,637.18790619,637.19,trade,WALLET-ACC-00008,EXTERNAL-OUT,DEV-00008-A,SG,1064,1,abnormal_transaction_velocity
TX-0001834,ACC-00008,2025-03-25T01:19:00+00:00,USDT,637.18790619,637.19,trade,WALLET-ACC-00008,EXTERNAL-OUT,DEV-00008-A,SG,1064,1,abnormal_transaction_velocity
TX-0001835,ACC-00008,2025-03-25T01:22:00+00:00,USDT,637.18790619,637.19,trade,WALLET-ACC-00008,EXTERNAL-OUT,DEV-00008-A,SG,1064,1,abnormal_transaction_velocity
TX-0001836,ACC-00008,2025-03-25T01:25:00+00:00,USDT,637.18790619,637.19,trade,WALLET-ACC-00008,EXTERNAL-OUT,DEV-00008-A,SG,1064,1,abnormal_transaction_velocity
TX-0001837,ACC-00008,2025-03-25T01:28:00+00:00,USDT,637.18790619,637.19,trade,WALLET-ACC-00008,EXTERNAL-OUT,DEV-00008-A,SG,1064,1,abnormal_transaction_velocity
TX-0001838,ACC-00008,2025-03-25T01:31:00+00:00,USDT,637.18790619,637.19,trade,WALLET-ACC-00008,EXTERNAL-OUT,DEV-00008-A,SG,1064,1,abnormal_transaction_velocity
TX-0001860,ACC-00009,2025-03-25T02:20:00+00:00,USDT,648.31048965,648.31,trade,WALLET-ACC-00009,EXTERNAL-OUT,DEV-00009-A,US,1004,1,abnormal_transaction_velocity
TX-0001861,ACC-00009,2025-03-25T02:23:00+00:00,USDT,648.31048965,648.31,trade,WALLET-ACC-00009,EXTERNAL-OUT,DEV-00009-A,US,1004,1,abnormal_transaction_velocity
TX-0001862,ACC-00009,2025-03-25T02:26:00+00:00,USDT,648.31048965,648.31,trade,WALLET-ACC-00009,EXTERNAL-OUT,DEV-00009-A,US,1004,1,abnormal_transaction_velocity
TX-0001863,ACC-00009,2025-03-25T02:29:00+00:00,USDT,648.31048965,648.31,trade,WALLET-ACC-00009,EXTERNAL-OUT,DEV-00009-A,US,1004,1,abnormal_transaction_velocity
TX-0001864,ACC-00009,2025-03-25T02:32:00+00:00,USDT,648.31048965,648.31,trade,WALLET-ACC-00009,EXTERNAL-OUT,DEV-00009-A,US,1004,1,abnormal_transaction_velocity
TX-0001865,ACC-00009,2025-03-25T02:35:00+00:00,USDT,648.31048965,648.31,trade,WALLET-ACC-00009,EXTERNAL-OUT,DEV-00009-A,US,1004,1,abnormal_transaction_velocity
TX-0001866,ACC-00009,2025-03-25T02:38:00+00:00,USDT,648.31048965,648.31,trade,WALLET-ACC-00009,EXTERNAL-OUT,DEV-00009-A,US,1004,1,abnormal_transaction_velocity
TX-0001867,ACC-00009,2025-03-25T02:41:00+00:00,USDT,648.31048965,648.31,trade,WALLET-ACC-00009,EXTERNAL-OUT,DEV-00009-A,US,1004,1,abnormal_transaction_velocity
TX-0001889,ACC-00010,2025-03-25T03:30:00+00:00,USDT,693.01346683,693.01,trade,WALLET-ACC-00010,EXTERNAL-OUT,DEV-00010-A,DE,1007,1,abnormal_transaction_velocity
TX-0001890,ACC-00010,2025-03-25T03:33:00+00:00,USDT,693.01346683,693.01,trade,WALLET-ACC-00010,EXTERNAL-OUT,DEV-00010-A,DE,1007,1,abnormal_transaction_velocity
TX-0001891,ACC-00010,2025-03-25T03:36:00+00:00,USDT,693.01346683,693.01,trade,WALLET-ACC-00010,EXTERNAL-OUT,DEV-00010-A,DE,1007,1,abnormal_transaction_velocity
TX-0001892,ACC-00010,2025-03-25T03:39:00+00:00,USDT,693.01346683,693.01,trade,WALLET-ACC-00010,EXTERNAL-OUT,DEV-00010-A,DE,1007,1,abnormal_transaction_velocity
TX-0001893,ACC-00010,2025-03-25T03:42:00+00:00,USDT,693.01346683,693.01,trade,WALLET-ACC-00010,EXTERNAL-OUT,DEV-00010-A,DE,1007,1,abnormal_transaction_velocity
TX-0001894,ACC-00010,2025-03-25T03:45:00+00:00,USDT,693.01346683,693.01,trade,WALLET-ACC-00010,EXTERNAL-OUT,DEV-00010-A,DE,1007,1,abnormal_transaction_velocity
TX-0001895,ACC-00010,2025-03-25T03:48:00+00:00,USDT,693.01346683,693.01,trade,WALLET-ACC-00010,EXTERNAL-OUT,DEV-00010-A,DE,1007,1,abnormal_transaction_velocity
TX-0001896,ACC-00010,2025-03-25T03:51:00+00:00,USDT,693.01346683,693.01,trade,WALLET-ACC-00010,EXTERNAL-OUT,DEV-00010-A,DE,1007,1,abnormal_transaction_velocity
TX-0001918,ACC-00011,2025-03-25T04:40:00+00:00,USDT,678.83107683,678.83,trade,WALLET-ACC-00011,EXTERNAL-OUT,DEV-00011-A,TW,1007,1,abnormal_transaction_velocity
TX-0001919,ACC-00011,2025-03-25T04:43:00+00:00,USDT,678.83107683,678.83,trade,WALLET-ACC-00011,EXTERNAL-OUT,DEV-00011-A,TW,1007,1,abnormal_transaction_velocity
TX-0001920,ACC-00011,2025-03-25T04:46:00+00:00,USDT,678.83107683,678.83,trade,WALLET-ACC-00011,EXTERNAL-OUT,DEV-00011-A,TW,1007,1,abnormal_transaction_velocity
TX-0001921,ACC-00011,2025-03-25T04:49:00+00:00,USDT,678.83107683,678.83,trade,WALLET-ACC-00011,EXTERNAL-OUT,DEV-00011-A,TW,1007,1,abnormal_transaction_velocity
TX-0001922,ACC-00011,2025-03-25T04:52:00+00:00,USDT,678.83107683,678.83,trade,WALLET-ACC-00011,EXTERNAL-OUT,DEV-00011-A,TW,1007,1,abnormal_transaction_velocity
TX-0001923,ACC-00011,2025-03-25T04:55:00+00:00,USDT,678.83107683,678.83,trade,WALLET-ACC-00011,EXTERNAL-OUT,DEV-00011-A,TW,1007,1,abnormal_transaction_velocity
TX-0001924,ACC-00011,2025-03-25T04:58:00+00:00,USDT,678.83107683,678.83,trade,WALLET-ACC-00011,EXTERNAL-OUT,DEV-00011-A,TW,1007,1,abnormal_transaction_velocity
TX-0001925,ACC-00011,2025-03-25T05:01:00+00:00,USDT,678.83107683,678.83,trade,WALLET-ACC-00011,EXTERNAL-OUT,DEV-00011-A,TW,1007,1,abnormal_transaction_velocity
TX-0001947,ACC-00012,2025-03-25T05:50:00+00:00,USDT,560.87728715,560.88,trade,WALLET-ACC-00012,EXTERNAL-OUT,DEV-00012-A,JP,546,1,abnormal_transaction_velocity
TX-0001948,ACC-00012,2025-03-25T05:53:00+00:00,USDT,560.87728715,560.88,trade,WALLET-ACC-00012,EXTERNAL-OUT,DEV-00012-A,JP,546,1,abnormal_transaction_velocity
TX-0001949,ACC-00012,2025-03-25T05:56:00+00:00,USDT,560.87728715,560.88,trade,WALLET-ACC-00012,EXTERNAL-OUT,DEV-00012-A,JP,546,1,abnormal_transaction_velocity
TX-0001950,ACC-00012,2025-03-25T05:59:00+00:00,USDT,560.87728715,560.88,trade,WALLET-ACC-00012,EXTERNAL-OUT,DEV-00012-A,JP,546,1,abnormal_transaction_velocity
TX-0001951,ACC-00012,2025-03-25T06:02:00+00:00,USDT,560.87728715,560.88,trade,WALLET-ACC-00012,EXTERNAL-OUT,DEV-00012-A,JP,546,1,abnormal_transaction_velocity
TX-0001952,ACC-00012,2025-03-25T06:05:00+00:00,USDT,560.87728715,560.88,trade,WALLET-ACC-00012,EXTERNAL-OUT,DEV-00012-A,JP,546,1,abnormal_transaction_velocity
TX-0001953,ACC-00012,2025-03-25T06:08:00+00:00,USDT,560.87728715,560.88,trade,WALLET-ACC-00012,EXTERNAL-OUT,DEV-00012-A,JP,546,1,abnormal_transaction_velocity
TX-0001954,ACC-00012,2025-03-25T06:11:00+00:00,USDT,560.87728715,560.88,trade,WALLET-ACC-00012,EXTERNAL-OUT,DEV-00012-A,JP,546,1,abnormal_transaction_velocity
TX-0001810,ACC-00013,2025-03-26T00:00:00+00:00,USDT,1027.75640832,1027.76,deposit,PASS-IN-0,WALLET-ACC-00013,DEV-00013-A,SG,472,0,normal
TX-0001811,ACC-00013,2025-03-26T00:04:00+00:00,USDT,986.64615198,986.65,transfer_out,WALLET-ACC-00013,PASS-OUT-0,DEV-00013-A,SG,472,1,rapid_pass_through
TX-0001839,ACC-00014,2025-03-26T01:10:00+00:00,USDT,1787.04035723,1787.04,deposit,PASS-IN-1,WALLET-ACC-00014,DEV-00014-A,US,1364,0,normal
TX-0001840,ACC-00014,2025-03-26T01:14:00+00:00,USDT,1715.55874294,1715.56,transfer_out,WALLET-ACC-00014,PASS-OUT-1,DEV-00014-A,US,1364,1,rapid_pass_through
TX-0001868,ACC-00015,2025-03-26T02:20:00+00:00,USDT,1233.00089201,1233.0,deposit,PASS-IN-2,WALLET-ACC-00015,DEV-00015-A,DE,1220,0,normal
TX-0001869,ACC-00015,2025-03-26T02:24:00+00:00,USDT,1183.68085633,1183.68,transfer_out,WALLET-ACC-00015,PASS-OUT-2,DEV-00015-A,DE,1220,1,rapid_pass_through
TX-0001897,ACC-00016,2025-03-26T03:30:00+00:00,USDT,1159.21475415,1159.21,deposit,PASS-IN-3,WALLET-ACC-00016,DEV-00016-A,TW,694,0,normal
TX-0001898,ACC-00016,2025-03-26T03:34:00+00:00,USDT,1112.84616399,1112.85,transfer_out,WALLET-ACC-00016,PASS-OUT-3,DEV-00016-A,TW,694,1,rapid_pass_through
TX-0001926,ACC-00017,2025-03-26T04:40:00+00:00,USDT,1088.60472563,1088.6,deposit,PASS-IN-4,WALLET-ACC-00017,DEV-00017-A,JP,666,0,normal
TX-0001927,ACC-00017,2025-03-26T04:44:00+00:00,USDT,1045.06053661,1045.06,transfer_out,WALLET-ACC-00017,PASS-OUT-4,DEV-00017-A,JP,666,1,rapid_pass_through
TX-0001955,ACC-00018,2025-03-26T05:50:00+00:00,USDT,759.61601198,759.62,deposit,PASS-IN-5,WALLET-ACC-00018,DEV-00018-A,SG,1040,0,normal
TX-0001956,ACC-00018,2025-03-26T05:54:00+00:00,USDT,729.23137151,729.23,transfer_out,WALLET-ACC-00018,PASS-OUT-5,DEV-00018-A,SG,1040,1,rapid_pass_through
TX-0001812,ACC-00019,2025-03-27T00:00:00+00:00,USDT,1555.59371012,1555.59,withdrawal,WALLET-ACC-00019,EXTERNAL-OUT,DEV-00019-A,US,1280,1,dormant_account_activation
TX-0001841,ACC-00020,2025-03-27T01:10:00+00:00,USDT,1061.61754975,1061.62,withdrawal,WALLET-ACC-00020,EXTERNAL-OUT,DEV-00020-A,DE,504,1,dormant_account_activation
TX-0001870,ACC-00021,2025-03-27T02:20:00+00:00,USDT,2605.36481652,2605.36,withdrawal,WALLET-ACC-00021,EXTERNAL-OUT,DEV-00021-A,TW,949,1,dormant_account_activation
TX-0001899,ACC-00022,2025-03-27T03:30:00+00:00,USDT,2496.13357767,2496.13,withdrawal,WALLET-ACC-00022,EXTERNAL-OUT,DEV-00022-A,JP,468,1,dormant_account_activation
TX-0001928,ACC-00023,2025-03-27T04:40:00+00:00,USDT,2132.24777291,2132.25,withdrawal,WALLET-ACC-00023,EXTERNAL-OUT,DEV-00023-A,SG,626,1,dormant_account_activation
TX-0001957,ACC-00024,2025-03-27T05:50:00+00:00,USDT,1017.09828328,1017.1,withdrawal,WALLET-ACC-00024,EXTERNAL-OUT,DEV-00024-A,US,831,1,dormant_account_activation
TX-0001813,ACC-00025,2025-03-28T00:00:00+00:00,USDT,547.19202925,547.19,trade,WALLET-ACC-00025,EXTERNAL-OUT,DEV-00025-A,TW,1337,1,geographic_login_anomaly
TX-0001842,ACC-00026,2025-03-28T01:10:00+00:00,USDT,416.26333155,416.26,trade,WALLET-ACC-00026,EXTERNAL-OUT,DEV-00026-A,JP,722,1,geographic_login_anomaly
TX-0001871,ACC-00027,2025-03-28T02:20:00+00:00,USDT,785.83093282,785.83,trade,WALLET-ACC-00027,EXTERNAL-OUT,DEV-00027-A,TW,1200,1,geographic_login_anomaly
TX-0001900,ACC-00028,2025-03-28T03:30:00+00:00,USDT,825.79881012,825.8,trade,WALLET-ACC-00028,EXTERNAL-OUT,DEV-00028-A,TW,1285,1,geographic_login_anomaly
TX-0001929,ACC-00029,2025-03-28T04:40:00+00:00,USDT,641.56634144,641.57,trade,WALLET-ACC-00029,EXTERNAL-OUT,DEV-00029-A,TW,901,1,geographic_login_anomaly
TX-0001958,ACC-00030,2025-03-28T05:50:00+00:00,USDT,428.90186207,428.9,trade,WALLET-ACC-00030,EXTERNAL-OUT,DEV-00030-A,TW,801,1,geographic_login_anomaly
TX-0001814,ACC-00031,2025-03-29T00:00:00+00:00,USDT,1236.05424466,1236.05,withdrawal,WALLET-ACC-00031,EXTERNAL-OUT,DEV-ACC-00031-NEW,TW,332,1,new_device_withdrawal
TX-0001843,ACC-00032,2025-03-29T01:10:00+00:00,USDT,525.86931325,525.87,withdrawal,WALLET-ACC-00032,EXTERNAL-OUT,DEV-ACC-00032-NEW,JP,289,1,new_device_withdrawal
TX-0001872,ACC-00033,2025-03-29T02:20:00+00:00,USDT,757.8192536,757.82,withdrawal,WALLET-ACC-00033,EXTERNAL-OUT,DEV-ACC-00033-NEW,SG,273,1,new_device_withdrawal
TX-0001901,ACC-00034,2025-03-29T03:30:00+00:00,USDT,505.07015894,505.07,withdrawal,WALLET-ACC-00034,EXTERNAL-OUT,DEV-ACC-00034-NEW,US,1007,1,new_device_withdrawal
TX-0001930,ACC-00035,2025-03-29T04:40:00+00:00,USDT,825.59411138,825.59,withdrawal,WALLET-ACC-00035,EXTERNAL-OUT,DEV-ACC-00035-NEW,DE,674,1,new_device_withdrawal
TX-0001959,ACC-00036,2025-03-29T05:50:00+00:00,USDT,794.7924864,794.79,withdrawal,WALLET-ACC-00036,EXTERNAL-OUT,DEV-ACC-00036-NEW,TW,1534,1,new_device_withdrawal
TX-0001815,ACC-00037,2025-03-30T00:00:00+00:00,USDT,285.93275275,285.93,transfer_out,WALLET-ACC-00037,DIVERSE-0-0,DEV-00037-A,JP,817,1,high_counterparty_diversity
TX-0001816,ACC-00037,2025-03-30T00:08:00+00:00,USDT,285.93275275,285.93,transfer_out,WALLET-ACC-00037,DIVERSE-0-1,DEV-00037-A,JP,817,1,high_counterparty_diversity
TX-0001817,ACC-00037,2025-03-30T00:16:00+00:00,USDT,285.93275275,285.93,transfer_out,WALLET-ACC-00037,DIVERSE-0-2,DEV-00037-A,JP,817,1,high_counterparty_diversity
TX-0001818,ACC-00037,2025-03-30T00:24:00+00:00,USDT,285.93275275,285.93,transfer_out,WALLET-ACC-00037,DIVERSE-0-3,DEV-00037-A,JP,817,1,high_counterparty_diversity
TX-0001819,ACC-00037,2025-03-30T00:32:00+00:00,USDT,285.93275275,285.93,transfer_out,WALLET-ACC-00037,DIVERSE-0-4,DEV-00037-A,JP,817,1,high_counterparty_diversity
TX-0001820,ACC-00037,2025-03-30T00:40:00+00:00,USDT,285.93275275,285.93,transfer_out,WALLET-ACC-00037,DIVERSE-0-5,DEV-00037-A,JP,817,1,high_counterparty_diversity
TX-0001821,ACC-00037,2025-03-30T00:48:00+00:00,USDT,285.93275275,285.93,transfer_out,WALLET-ACC-00037,DIVERSE-0-6,DEV-00037-A,JP,817,1,high_counterparty_diversity
TX-0001822,ACC-00037,2025-03-30T00:56:00+00:00,USDT,285.93275275,285.93,transfer_out,WALLET-ACC-00037,DIVERSE-0-7,DEV-00037-A,JP,817,1,high_counterparty_diversity
TX-0001823,ACC-00037,2025-03-30T01:04:00+00:00,USDT,285.93275275,285.93,transfer_out,WALLET-ACC-00037,DIVERSE-0-8,DEV-00037-A,JP,817,1,high_counterparty_diversity
TX-0001844,ACC-00038,2025-03-30T01:10:00+00:00,USDT,388.28385557,388.28,transfer_out,WALLET-ACC-00038,DIVERSE-1-0,DEV-00038-A,SG,1556,1,high_counterparty_diversity
TX-0001824,ACC-00037,2025-03-30T01:12:00+00:00,USDT,285.93275275,285.93,transfer_out,WALLET-ACC-00037,DIVERSE-0-9,DEV-00037-A,JP,817,1,high_counterparty_diversity
TX-0001845,ACC-00038,2025-03-30T01:18:00+00:00,USDT,388.28385557,388.28,transfer_out,WALLET-ACC-00038,DIVERSE-1-1,DEV-00038-A,SG,1556,1,high_counterparty_diversity
TX-0001846,ACC-00038,2025-03-30T01:26:00+00:00,USDT,388.28385557,388.28,transfer_out,WALLET-ACC-00038,DIVERSE-1-2,DEV-00038-A,SG,1556,1,high_counterparty_diversity
TX-0001847,ACC-00038,2025-03-30T01:34:00+00:00,USDT,388.28385557,388.28,transfer_out,WALLET-ACC-00038,DIVERSE-1-3,DEV-00038-A,SG,1556,1,high_counterparty_diversity
TX-0001848,ACC-00038,2025-03-30T01:42:00+00:00,USDT,388.28385557,388.28,transfer_out,WALLET-ACC-00038,DIVERSE-1-4,DEV-00038-A,SG,1556,1,high_counterparty_diversity
TX-0001849,ACC-00038,2025-03-30T01:50:00+00:00,USDT,388.28385557,388.28,transfer_out,WALLET-ACC-00038,DIVERSE-1-5,DEV-00038-A,SG,1556,1,high_counterparty_diversity
TX-0001850,ACC-00038,2025-03-30T01:58:00+00:00,USDT,388.28385557,388.28,transfer_out,WALLET-ACC-00038,DIVERSE-1-6,DEV-00038-A,SG,1556,1,high_counterparty_diversity
TX-0001851,ACC-00038,2025-03-30T02:06:00+00:00,USDT,388.28385557,388.28,transfer_out,WALLET-ACC-00038,DIVERSE-1-7,DEV-00038-A,SG,1556,1,high_counterparty_diversity
TX-0001852,ACC-00038,2025-03-30T02:14:00+00:00,USDT,388.28385557,388.28,transfer_out,WALLET-ACC-00038,DIVERSE-1-8,DEV-00038-A,SG,1556,1,high_counterparty_diversity
TX-0001873,ACC-00039,2025-03-30T02:20:00+00:00,USDT,102.09167254,102.09,transfer_out,WALLET-ACC-00039,DIVERSE-2-0,DEV-00039-A,US,332,1,high_counterparty_diversity
TX-0001853,ACC-00038,2025-03-30T02:22:00+00:00,USDT,388.28385557,388.28,transfer_out,WALLET-ACC-00038,DIVERSE-1-9,DEV-00038-A,SG,1556,1,high_counterparty_diversity
TX-0001874,ACC-00039,2025-03-30T02:28:00+00:00,USDT,102.09167254,102.09,transfer_out,WALLET-ACC-00039,DIVERSE-2-1,DEV-00039-A,US,332,1,high_counterparty_diversity
TX-0001875,ACC-00039,2025-03-30T02:36:00+00:00,USDT,102.09167254,102.09,transfer_out,WALLET-ACC-00039,DIVERSE-2-2,DEV-00039-A,US,332,1,high_counterparty_diversity
TX-0001876,ACC-00039,2025-03-30T02:44:00+00:00,USDT,102.09167254,102.09,transfer_out,WALLET-ACC-00039,DIVERSE-2-3,DEV-00039-A,US,332,1,high_counterparty_diversity
TX-0001877,ACC-00039,2025-03-30T02:52:00+00:00,USDT,102.09167254,102.09,transfer_out,WALLET-ACC-00039,DIVERSE-2-4,DEV-00039-A,US,332,1,high_counterparty_diversity
TX-0001878,ACC-00039,2025-03-30T03:00:00+00:00,USDT,102.09167254,102.09,transfer_out,WALLET-ACC-00039,DIVERSE-2-5,DEV-00039-A,US,332,1,high_counterparty_diversity
TX-0001879,ACC-00039,2025-03-30T03:08:00+00:00,USDT,102.09167254,102.09,transfer_out,WALLET-ACC-00039,DIVERSE-2-6,DEV-00039-A,US,332,1,high_counterparty_diversity
TX-0001880,ACC-00039,2025-03-30T03:16:00+00:00,USDT,102.09167254,102.09,transfer_out,WALLET-ACC-00039,DIVERSE-2-7,DEV-00039-A,US,332,1,high_counterparty_diversity
TX-0001881,ACC-00039,2025-03-30T03:24:00+00:00,USDT,102.09167254,102.09,transfer_out,WALLET-ACC-00039,DIVERSE-2-8,DEV-00039-A,US,332,1,high_counterparty_diversity
TX-0001902,ACC-00040,2025-03-30T03:30:00+00:00,USDT,152.01242125,152.01,transfer_out,WALLET-ACC-00040,DIVERSE-3-0,DEV-00040-A,DE,701,1,high_counterparty_diversity
TX-0001882,ACC-00039,2025-03-30T03:32:00+00:00,USDT,102.09167254,102.09,transfer_out,WALLET-ACC-00039,DIVERSE-2-9,DEV-00039-A,US,332,1,high_counterparty_diversity
TX-0001903,ACC-00040,2025-03-30T03:38:00+00:00,USDT,152.01242125,152.01,transfer_out,WALLET-ACC-00040,DIVERSE-3-1,DEV-00040-A,DE,701,1,high_counterparty_diversity
TX-0001904,ACC-00040,2025-03-30T03:46:00+00:00,USDT,152.01242125,152.01,transfer_out,WALLET-ACC-00040,DIVERSE-3-2,DEV-00040-A,DE,701,1,high_counterparty_diversity
TX-0001905,ACC-00040,2025-03-30T03:54:00+00:00,USDT,152.01242125,152.01,transfer_out,WALLET-ACC-00040,DIVERSE-3-3,DEV-00040-A,DE,701,1,high_counterparty_diversity
TX-0001906,ACC-00040,2025-03-30T04:02:00+00:00,USDT,152.01242125,152.01,transfer_out,WALLET-ACC-00040,DIVERSE-3-4,DEV-00040-A,DE,701,1,high_counterparty_diversity
TX-0001907,ACC-00040,2025-03-30T04:10:00+00:00,USDT,152.01242125,152.01,transfer_out,WALLET-ACC-00040,DIVERSE-3-5,DEV-00040-A,DE,701,1,high_counterparty_diversity
TX-0001908,ACC-00040,2025-03-30T04:18:00+00:00,USDT,152.01242125,152.01,transfer_out,WALLET-ACC-00040,DIVERSE-3-6,DEV-00040-A,DE,701,1,high_counterparty_diversity
TX-0001909,ACC-00040,2025-03-30T04:26:00+00:00,USDT,152.01242125,152.01,transfer_out,WALLET-ACC-00040,DIVERSE-3-7,DEV-00040-A,DE,701,1,high_counterparty_diversity
TX-0001910,ACC-00040,2025-03-30T04:34:00+00:00,USDT,152.01242125,152.01,transfer_out,WALLET-ACC-00040,DIVERSE-3-8,DEV-00040-A,DE,701,1,high_counterparty_diversity
TX-0001931,ACC-00041,2025-03-30T04:40:00+00:00,USDT,208.66532478,208.67,transfer_out,WALLET-ACC-00041,DIVERSE-4-0,DEV-00041-A,TW,556,1,high_counterparty_diversity
TX-0001911,ACC-00040,2025-03-30T04:42:00+00:00,USDT,152.01242125,152.01,transfer_out,WALLET-ACC-00040,DIVERSE-3-9,DEV-00040-A,DE,701,1,high_counterparty_diversity
TX-0001932,ACC-00041,2025-03-30T04:48:00+00:00,USDT,208.66532478,208.67,transfer_out,WALLET-ACC-00041,DIVERSE-4-1,DEV-00041-A,TW,556,1,high_counterparty_diversity
TX-0001933,ACC-00041,2025-03-30T04:56:00+00:00,USDT,208.66532478,208.67,transfer_out,WALLET-ACC-00041,DIVERSE-4-2,DEV-00041-A,TW,556,1,high_counterparty_diversity
TX-0001934,ACC-00041,2025-03-30T05:04:00+00:00,USDT,208.66532478,208.67,transfer_out,WALLET-ACC-00041,DIVERSE-4-3,DEV-00041-A,TW,556,1,high_counterparty_diversity
TX-0001935,ACC-00041,2025-03-30T05:12:00+00:00,USDT,208.66532478,208.67,transfer_out,WALLET-ACC-00041,DIVERSE-4-4,DEV-00041-A,TW,556,1,high_counterparty_diversity
TX-0001936,ACC-00041,2025-03-30T05:20:00+00:00,USDT,208.66532478,208.67,transfer_out,WALLET-ACC-00041,DIVERSE-4-5,DEV-00041-A,TW,556,1,high_counterparty_diversity
TX-0001937,ACC-00041,2025-03-30T05:28:00+00:00,USDT,208.66532478,208.67,transfer_out,WALLET-ACC-00041,DIVERSE-4-6,DEV-00041-A,TW,556,1,high_counterparty_diversity
TX-0001938,ACC-00041,2025-03-30T05:36:00+00:00,USDT,208.66532478,208.67,transfer_out,WALLET-ACC-00041,DIVERSE-4-7,DEV-00041-A,TW,556,1,high_counterparty_diversity
TX-0001939,ACC-00041,2025-03-30T05:44:00+00:00,USDT,208.66532478,208.67,transfer_out,WALLET-ACC-00041,DIVERSE-4-8,DEV-00041-A,TW,556,1,high_counterparty_diversity
TX-0001960,ACC-00042,2025-03-30T05:50:00+00:00,USDT,380.81757191,380.82,transfer_out,WALLET-ACC-00042,DIVERSE-5-0,DEV-00042-A,JP,870,1,high_counterparty_diversity
TX-0001940,ACC-00041,2025-03-30T05:52:00+00:00,USDT,208.66532478,208.67,transfer_out,WALLET-ACC-00041,DIVERSE-4-9,DEV-00041-A,TW,556,1,high_counterparty_diversity
TX-0001961,ACC-00042,2025-03-30T05:58:00+00:00,USDT,380.81757191,380.82,transfer_out,WALLET-ACC-00042,DIVERSE-5-1,DEV-00042-A,JP,870,1,high_counterparty_diversity
TX-0001962,ACC-00042,2025-03-30T06:06:00+00:00,USDT,380.81757191,380.82,transfer_out,WALLET-ACC-00042,DIVERSE-5-2,DEV-00042-A,JP,870,1,high_counterparty_diversity
TX-0001963,ACC-00042,2025-03-30T06:14:00+00:00,USDT,380.81757191,380.82,transfer_out,WALLET-ACC-00042,DIVERSE-5-3,DEV-00042-A,JP,870,1,high_counterparty_diversity
TX-0001964,ACC-00042,2025-03-30T06:22:00+00:00,USDT,380.81757191,380.82,transfer_out,WALLET-ACC-00042,DIVERSE-5-4,DEV-00042-A,JP,870,1,high_counterparty_diversity
TX-0001965,ACC-00042,2025-03-30T06:30:00+00:00,USDT,380.81757191,380.82,transfer_out,WALLET-ACC-00042,DIVERSE-5-5,DEV-00042-A,JP,870,1,high_counterparty_diversity
TX-0001966,ACC-00042,2025-03-30T06:38:00+00:00,USDT,380.81757191,380.82,transfer_out,WALLET-ACC-00042,DIVERSE-5-6,DEV-00042-A,JP,870,1,high_counterparty_diversity
TX-0001967,ACC-00042,2025-03-30T06:46:00+00:00,USDT,380.81757191,380.82,transfer_out,WALLET-ACC-00042,DIVERSE-5-7,DEV-00042-A,JP,870,1,high_counterparty_diversity
TX-0001968,ACC-00042,2025-03-30T06:54:00+00:00,USDT,380.81757191,380.82,transfer_out,WALLET-ACC-00042,DIVERSE-5-8,DEV-00042-A,JP,870,1,high_counterparty_diversity
TX-0001969,ACC-00042,2025-03-30T07:02:00+00:00,USDT,380.81757191,380.82,transfer_out,WALLET-ACC-00042,DIVERSE-5-9,DEV-00042-A,JP,870,1,high_counterparty_diversity
TX-0001825,ACC-00043,2025-03-31T00:00:00+00:00,USDT,3463.79834172,3463.8,trade,WALLET-ACC-00043,EXTERNAL-OUT,DEV-00043-A,SG,1396,1,sudden_behavior_change
TX-0001854,ACC-00044,2025-03-31T01:10:00+00:00,USDT,1828.71533032,1828.72,trade,WALLET-ACC-00044,EXTERNAL-OUT,DEV-00044-A,US,664,1,sudden_behavior_change
TX-0001883,ACC-00045,2025-03-31T02:20:00+00:00,USDT,4438.35354972,4438.35,trade,WALLET-ACC-00045,EXTERNAL-OUT,DEV-00045-A,DE,348,1,sudden_behavior_change
TX-0001912,ACC-00046,2025-03-31T03:30:00+00:00,USDT,4879.23939941,4879.24,trade,WALLET-ACC-00046,EXTERNAL-OUT,DEV-00046-A,TW,738,1,sudden_behavior_change
TX-0001941,ACC-00047,2025-03-31T04:40:00+00:00,USDT,5810.83223832,5810.83,trade,WALLET-ACC-00047,EXTERNAL-OUT,DEV-00047-A,JP,694,1,sudden_behavior_change
TX-0001970,ACC-00048,2025-03-31T05:50:00+00:00,USDT,2281.58295666,2281.58,trade,WALLET-ACC-00048,EXTERNAL-OUT,DEV-00048-A,SG,1172,1,sudden_behavior_change
TX-0001826,ACC-00049,2025-04-01T00:00:00+00:00,USDT,9500.0,9500.0,withdrawal,WALLET-ACC-00049,THRESH-0-0,DEV-00049-A,US,385,1,repeated_threshold_avoidance
TX-0001855,ACC-00050,2025-04-01T01:10:00+00:00,USDT,9500.0,9500.0,withdrawal,WALLET-ACC-00050,THRESH-1-0,DEV-00050-A,DE,284,1,repeated_threshold_avoidance
TX-0001827,ACC-00049,2025-04-01T02:00:00+00:00,USDT,9480.0,9480.0,withdrawal,WALLET-ACC-00049,THRESH-0-1,DEV-00049-A,US,385,1,repeated_threshold_avoidance
TX-0001884,ACC-00051,2025-04-01T02:20:00+00:00,USDT,9500.0,9500.0,withdrawal,WALLET-ACC-00051,THRESH-2-0,DEV-00051-A,TW,1185,1,repeated_threshold_avoidance
TX-0001856,ACC-00050,2025-04-01T03:10:00+00:00,USDT,9480.0,9480.0,withdrawal,WALLET-ACC-00050,THRESH-1-1,DEV-00050-A,DE,284,1,repeated_threshold_avoidance
TX-0001913,ACC-00052,2025-04-01T03:30:00+00:00,USDT,9500.0,9500.0,withdrawal,WALLET-ACC-00052,THRESH-3-0,DEV-00052-A,JP,523,1,repeated_threshold_avoidance
TX-0001828,ACC-00049,2025-04-01T04:00:00+00:00,USDT,9460.0,9460.0,withdrawal,WALLET-ACC-00049,THRESH-0-2,DEV-00049-A,US,385,1,repeated_threshold_avoidance
TX-0001885,ACC-00051,2025-04-01T04:20:00+00:00,USDT,9480.0,9480.0,withdrawal,WALLET-ACC-00051,THRESH-2-1,DEV-00051-A,TW,1185,1,repeated_threshold_avoidance
TX-0001942,ACC-00053,2025-04-01T04:40:00+00:00,USDT,9500.0,9500.0,withdrawal,WALLET-ACC-00053,THRESH-4-0,DEV-00053-A,SG,1239,1,repeated_threshold_avoidance
TX-0001857,ACC-00050,2025-04-01T05:10:00+00:00,USDT,9460.0,9460.0,withdrawal,WALLET-ACC-00050,THRESH-1-2,DEV-00050-A,DE,284,1,repeated_threshold_avoidance
TX-0001914,ACC-00052,2025-04-01T05:30:00+00:00,USDT,9480.0,9480.0,withdrawal,WALLET-ACC-00052,THRESH-3-1,DEV-00052-A,JP,523,1,repeated_threshold_avoidance
TX-0001971,ACC-00054,2025-04-01T05:50:00+00:00,USDT,9500.0,9500.0,withdrawal,WALLET-ACC-00054,THRESH-5-0,DEV-00054-A,US,234,1,repeated_threshold_avoidance
TX-0001886,ACC-00051,2025-04-01T06:20:00+00:00,USDT,9460.0,9460.0,withdrawal,WALLET-ACC-00051,THRESH-2-2,DEV-00051-A,TW,1185,1,repeated_threshold_avoidance
TX-0001943,ACC-00053,2025-04-01T06:40:00+00:00,USDT,9480.0,9480.0,withdrawal,WALLET-ACC-00053,THRESH-4-1,DEV-00053-A,SG,1239,1,repeated_threshold_avoidance
TX-0001915,ACC-00052,2025-04-01T07:30:00+00:00,USDT,9460.0,9460.0,withdrawal,WALLET-ACC-00052,THRESH-3-2,DEV-00052-A,JP,523,1,repeated_threshold_avoidance
TX-0001972,ACC-00054,2025-04-01T07:50:00+00:00,USDT,9480.0,9480.0,withdrawal,WALLET-ACC-00054,THRESH-5-1,DEV-00054-A,US,234,1,repeated_threshold_avoidance
TX-0001944,ACC-00053,2025-04-01T08:40:00+00:00,USDT,9460.0,9460.0,withdrawal,WALLET-ACC-00053,THRESH-4-2,DEV-00053-A,SG,1239,1,repeated_threshold_avoidance
TX-0001973,ACC-00054,2025-04-01T09:50:00+00:00,USDT,9460.0,9460.0,withdrawal,WALLET-ACC-00054,THRESH-5-2,DEV-00054-A,US,234,1,repeated_threshold_avoidance
TX-0001829,ACC-00055,2025-04-02T02:00:00+00:00,USDT,191.47855606,191.48,trade,WALLET-ACC-00055,EXTERNAL-OUT,DEV-00055-A,DE,1372,1,unusual_transaction_hour
TX-0001858,ACC-00056,2025-04-02T03:10:00+00:00,USDT,237.5412177,237.54,trade,WALLET-ACC-00056,EXTERNAL-OUT,DEV-00056-A,TW,890,1,unusual_transaction_hour
TX-0001887,ACC-00057,2025-04-02T04:20:00+00:00,USDT,707.10401264,707.1,trade,WALLET-ACC-00057,EXTERNAL-OUT,DEV-00057-A,JP,1579,1,unusual_transaction_hour
TX-0001916,ACC-00058,2025-04-02T05:30:00+00:00,USDT,554.19363859,554.19,trade,WALLET-ACC-00058,EXTERNAL-OUT,DEV-00058-A,SG,1407,1,unusual_transaction_hour
TX-0001945,ACC-00059,2025-04-02T06:40:00+00:00,USDT,348.26735828,348.27,trade,WALLET-ACC-00059,EXTERNAL-OUT,DEV-00059-A,US,1088,1,unusual_transaction_hour
TX-0001974,ACC-00060,2025-04-02T07:50:00+00:00,USDT,373.6716853,373.67,trade,WALLET-ACC-00060,EXTERNAL-OUT,DEV-00060-A,DE,498,1,unusual_transaction_hour
